# Units: meters; Z up; outward-facing triangles.
# Refined surface: 2 mm grid; holder rim height is 2.5 mm.
o holder_refined
s off
v -0.05700000 -0.05700000 0.00000000
v -0.05700000 -0.05500000 0.00000000
v -0.05700000 -0.05500000 0.00200000
v -0.05700000 -0.05700000 0.00200000
v -0.05500000 -0.05700000 0.00200000
v -0.05500000 -0.05700000 0.00000000
v -0.05500000 -0.05500000 0.00000000
v -0.05700000 -0.05500000 0.00400000
v -0.05700000 -0.05700000 0.00400000
v -0.05500000 -0.05700000 0.00400000
v -0.05700000 -0.05500000 0.00600000
v -0.05700000 -0.05700000 0.00600000
v -0.05500000 -0.05700000 0.00600000
v -0.05700000 -0.05500000 0.00850000
v -0.05700000 -0.05700000 0.00850000
v -0.05500000 -0.05700000 0.00850000
v -0.05500000 -0.05500000 0.00850000
v -0.05700000 -0.05300000 0.00000000
v -0.05700000 -0.05300000 0.00200000
v -0.05500000 -0.05300000 0.00000000
v -0.05700000 -0.05300000 0.00400000
v -0.05700000 -0.05300000 0.00600000
v -0.05700000 -0.05300000 0.00850000
v -0.05500000 -0.05300000 0.00850000
v -0.05700000 -0.05100000 0.00000000
v -0.05700000 -0.05100000 0.00200000
v -0.05500000 -0.05100000 0.00000000
v -0.05700000 -0.05100000 0.00400000
v -0.05700000 -0.05100000 0.00600000
v -0.05700000 -0.05100000 0.00850000
v -0.05500000 -0.05100000 0.00850000
v -0.05700000 -0.04900000 0.00000000
v -0.05700000 -0.04900000 0.00200000
v -0.05500000 -0.04900000 0.00000000
v -0.05700000 -0.04900000 0.00400000
v -0.05700000 -0.04900000 0.00600000
v -0.05700000 -0.04900000 0.00850000
v -0.05500000 -0.04900000 0.00850000
v -0.05700000 -0.04700000 0.00000000
v -0.05700000 -0.04700000 0.00200000
v -0.05500000 -0.04700000 0.00000000
v -0.05700000 -0.04700000 0.00400000
v -0.05700000 -0.04700000 0.00600000
v -0.05700000 -0.04700000 0.00850000
v -0.05500000 -0.04700000 0.00850000
v -0.05700000 -0.04500000 0.00000000
v -0.05700000 -0.04500000 0.00200000
v -0.05500000 -0.04500000 0.00000000
v -0.05700000 -0.04500000 0.00400000
v -0.05700000 -0.04500000 0.00600000
v -0.05700000 -0.04500000 0.00850000
v -0.05500000 -0.04500000 0.00850000
v -0.05700000 -0.04300000 0.00000000
v -0.05700000 -0.04300000 0.00200000
v -0.05500000 -0.04300000 0.00000000
v -0.05700000 -0.04300000 0.00400000
v -0.05700000 -0.04300000 0.00600000
v -0.05700000 -0.04300000 0.00850000
v -0.05500000 -0.04300000 0.00850000
v -0.05700000 -0.04100000 0.00000000
v -0.05700000 -0.04100000 0.00200000
v -0.05500000 -0.04100000 0.00000000
v -0.05700000 -0.04100000 0.00400000
v -0.05700000 -0.04100000 0.00600000
v -0.05700000 -0.04100000 0.00850000
v -0.05500000 -0.04100000 0.00850000
v -0.05700000 -0.03900000 0.00000000
v -0.05700000 -0.03900000 0.00200000
v -0.05500000 -0.03900000 0.00000000
v -0.05700000 -0.03900000 0.00400000
v -0.05700000 -0.03900000 0.00600000
v -0.05700000 -0.03900000 0.00850000
v -0.05500000 -0.03900000 0.00850000
v -0.05700000 -0.03700000 0.00000000
v -0.05700000 -0.03700000 0.00200000
v -0.05500000 -0.03700000 0.00000000
v -0.05700000 -0.03700000 0.00400000
v -0.05700000 -0.03700000 0.00600000
v -0.05700000 -0.03700000 0.00850000
v -0.05500000 -0.03700000 0.00850000
v -0.05700000 -0.03500000 0.00000000
v -0.05700000 -0.03500000 0.00200000
v -0.05500000 -0.03500000 0.00000000
v -0.05700000 -0.03500000 0.00400000
v -0.05700000 -0.03500000 0.00600000
v -0.05700000 -0.03500000 0.00850000
v -0.05500000 -0.03500000 0.00850000
v -0.05700000 -0.03300000 0.00000000
v -0.05700000 -0.03300000 0.00200000
v -0.05500000 -0.03300000 0.00000000
v -0.05700000 -0.03300000 0.00400000
v -0.05700000 -0.03300000 0.00600000
v -0.05700000 -0.03300000 0.00850000
v -0.05500000 -0.03300000 0.00850000
v -0.05700000 -0.03100000 0.00000000
v -0.05700000 -0.03100000 0.00200000
v -0.05500000 -0.03100000 0.00000000
v -0.05700000 -0.03100000 0.00400000
v -0.05700000 -0.03100000 0.00600000
v -0.05700000 -0.03100000 0.00850000
v -0.05500000 -0.03100000 0.00850000
v -0.05700000 -0.02900000 0.00000000
v -0.05700000 -0.02900000 0.00200000
v -0.05500000 -0.02900000 0.00000000
v -0.05700000 -0.02900000 0.00400000
v -0.05700000 -0.02900000 0.00600000
v -0.05700000 -0.02900000 0.00850000
v -0.05500000 -0.02900000 0.00850000
v -0.05700000 -0.02700000 0.00000000
v -0.05700000 -0.02700000 0.00200000
v -0.05500000 -0.02700000 0.00000000
v -0.05700000 -0.02700000 0.00400000
v -0.05700000 -0.02700000 0.00600000
v -0.05700000 -0.02700000 0.00850000
v -0.05500000 -0.02700000 0.00850000
v -0.05700000 -0.02500000 0.00000000
v -0.05700000 -0.02500000 0.00200000
v -0.05500000 -0.02500000 0.00000000
v -0.05700000 -0.02500000 0.00400000
v -0.05700000 -0.02500000 0.00600000
v -0.05700000 -0.02500000 0.00850000
v -0.05500000 -0.02500000 0.00850000
v -0.05700000 -0.02300000 0.00000000
v -0.05700000 -0.02300000 0.00200000
v -0.05500000 -0.02300000 0.00000000
v -0.05700000 -0.02300000 0.00400000
v -0.05700000 -0.02300000 0.00600000
v -0.05700000 -0.02300000 0.00850000
v -0.05500000 -0.02300000 0.00850000
v -0.05700000 -0.02100000 0.00000000
v -0.05700000 -0.02100000 0.00200000
v -0.05500000 -0.02100000 0.00000000
v -0.05700000 -0.02100000 0.00400000
v -0.05700000 -0.02100000 0.00600000
v -0.05700000 -0.02100000 0.00850000
v -0.05500000 -0.02100000 0.00850000
v -0.05700000 -0.01900000 0.00000000
v -0.05700000 -0.01900000 0.00200000
v -0.05500000 -0.01900000 0.00000000
v -0.05700000 -0.01900000 0.00400000
v -0.05700000 -0.01900000 0.00600000
v -0.05700000 -0.01900000 0.00850000
v -0.05500000 -0.01900000 0.00850000
v -0.05700000 -0.01700000 0.00000000
v -0.05700000 -0.01700000 0.00200000
v -0.05500000 -0.01700000 0.00000000
v -0.05700000 -0.01700000 0.00400000
v -0.05700000 -0.01700000 0.00600000
v -0.05700000 -0.01700000 0.00850000
v -0.05500000 -0.01700000 0.00850000
v -0.05700000 -0.01500000 0.00000000
v -0.05700000 -0.01500000 0.00200000
v -0.05500000 -0.01500000 0.00000000
v -0.05700000 -0.01500000 0.00400000
v -0.05700000 -0.01500000 0.00600000
v -0.05700000 -0.01500000 0.00850000
v -0.05500000 -0.01500000 0.00850000
v -0.05700000 -0.01300000 0.00000000
v -0.05700000 -0.01300000 0.00200000
v -0.05500000 -0.01300000 0.00000000
v -0.05700000 -0.01300000 0.00400000
v -0.05700000 -0.01300000 0.00600000
v -0.05700000 -0.01300000 0.00850000
v -0.05500000 -0.01300000 0.00850000
v -0.05700000 -0.01100000 0.00000000
v -0.05700000 -0.01100000 0.00200000
v -0.05500000 -0.01100000 0.00000000
v -0.05700000 -0.01100000 0.00400000
v -0.05700000 -0.01100000 0.00600000
v -0.05700000 -0.01100000 0.00850000
v -0.05500000 -0.01100000 0.00850000
v -0.05700000 -0.00900000 0.00000000
v -0.05700000 -0.00900000 0.00200000
v -0.05500000 -0.00900000 0.00000000
v -0.05700000 -0.00900000 0.00400000
v -0.05700000 -0.00900000 0.00600000
v -0.05700000 -0.00900000 0.00850000
v -0.05500000 -0.00900000 0.00850000
v -0.05700000 -0.00700000 0.00000000
v -0.05700000 -0.00700000 0.00200000
v -0.05500000 -0.00700000 0.00000000
v -0.05700000 -0.00700000 0.00400000
v -0.05700000 -0.00700000 0.00600000
v -0.05700000 -0.00700000 0.00850000
v -0.05500000 -0.00700000 0.00850000
v -0.05700000 -0.00500000 0.00000000
v -0.05700000 -0.00500000 0.00200000
v -0.05500000 -0.00500000 0.00000000
v -0.05700000 -0.00500000 0.00400000
v -0.05700000 -0.00500000 0.00600000
v -0.05700000 -0.00500000 0.00850000
v -0.05500000 -0.00500000 0.00850000
v -0.05700000 -0.00300000 0.00000000
v -0.05700000 -0.00300000 0.00200000
v -0.05500000 -0.00300000 0.00000000
v -0.05700000 -0.00300000 0.00400000
v -0.05700000 -0.00300000 0.00600000
v -0.05700000 -0.00300000 0.00850000
v -0.05500000 -0.00300000 0.00850000
v -0.05700000 -0.00100000 0.00000000
v -0.05700000 -0.00100000 0.00200000
v -0.05500000 -0.00100000 0.00000000
v -0.05700000 -0.00100000 0.00400000
v -0.05700000 -0.00100000 0.00600000
v -0.05700000 -0.00100000 0.00850000
v -0.05500000 -0.00100000 0.00850000
v -0.05700000 0.00100000 0.00000000
v -0.05700000 0.00100000 0.00200000
v -0.05500000 0.00100000 0.00000000
v -0.05700000 0.00100000 0.00400000
v -0.05700000 0.00100000 0.00600000
v -0.05700000 0.00100000 0.00850000
v -0.05500000 0.00100000 0.00850000
v -0.05700000 0.00300000 0.00000000
v -0.05700000 0.00300000 0.00200000
v -0.05500000 0.00300000 0.00000000
v -0.05700000 0.00300000 0.00400000
v -0.05700000 0.00300000 0.00600000
v -0.05700000 0.00300000 0.00850000
v -0.05500000 0.00300000 0.00850000
v -0.05700000 0.00500000 0.00000000
v -0.05700000 0.00500000 0.00200000
v -0.05500000 0.00500000 0.00000000
v -0.05700000 0.00500000 0.00400000
v -0.05700000 0.00500000 0.00600000
v -0.05700000 0.00500000 0.00850000
v -0.05500000 0.00500000 0.00850000
v -0.05700000 0.00700000 0.00000000
v -0.05700000 0.00700000 0.00200000
v -0.05500000 0.00700000 0.00000000
v -0.05700000 0.00700000 0.00400000
v -0.05700000 0.00700000 0.00600000
v -0.05700000 0.00700000 0.00850000
v -0.05500000 0.00700000 0.00850000
v -0.05700000 0.00900000 0.00000000
v -0.05700000 0.00900000 0.00200000
v -0.05500000 0.00900000 0.00000000
v -0.05700000 0.00900000 0.00400000
v -0.05700000 0.00900000 0.00600000
v -0.05700000 0.00900000 0.00850000
v -0.05500000 0.00900000 0.00850000
v -0.05700000 0.01100000 0.00000000
v -0.05700000 0.01100000 0.00200000
v -0.05500000 0.01100000 0.00000000
v -0.05700000 0.01100000 0.00400000
v -0.05700000 0.01100000 0.00600000
v -0.05700000 0.01100000 0.00850000
v -0.05500000 0.01100000 0.00850000
v -0.05700000 0.01300000 0.00000000
v -0.05700000 0.01300000 0.00200000
v -0.05500000 0.01300000 0.00000000
v -0.05700000 0.01300000 0.00400000
v -0.05700000 0.01300000 0.00600000
v -0.05700000 0.01300000 0.00850000
v -0.05500000 0.01300000 0.00850000
v -0.05700000 0.01500000 0.00000000
v -0.05700000 0.01500000 0.00200000
v -0.05500000 0.01500000 0.00000000
v -0.05700000 0.01500000 0.00400000
v -0.05700000 0.01500000 0.00600000
v -0.05700000 0.01500000 0.00850000
v -0.05500000 0.01500000 0.00850000
v -0.05700000 0.01700000 0.00000000
v -0.05700000 0.01700000 0.00200000
v -0.05500000 0.01700000 0.00000000
v -0.05700000 0.01700000 0.00400000
v -0.05700000 0.01700000 0.00600000
v -0.05700000 0.01700000 0.00850000
v -0.05500000 0.01700000 0.00850000
v -0.05700000 0.01900000 0.00000000
v -0.05700000 0.01900000 0.00200000
v -0.05500000 0.01900000 0.00000000
v -0.05700000 0.01900000 0.00400000
v -0.05700000 0.01900000 0.00600000
v -0.05700000 0.01900000 0.00850000
v -0.05500000 0.01900000 0.00850000
v -0.05700000 0.02100000 0.00000000
v -0.05700000 0.02100000 0.00200000
v -0.05500000 0.02100000 0.00000000
v -0.05700000 0.02100000 0.00400000
v -0.05700000 0.02100000 0.00600000
v -0.05700000 0.02100000 0.00850000
v -0.05500000 0.02100000 0.00850000
v -0.05700000 0.02300000 0.00000000
v -0.05700000 0.02300000 0.00200000
v -0.05500000 0.02300000 0.00000000
v -0.05700000 0.02300000 0.00400000
v -0.05700000 0.02300000 0.00600000
v -0.05700000 0.02300000 0.00850000
v -0.05500000 0.02300000 0.00850000
v -0.05700000 0.02500000 0.00000000
v -0.05700000 0.02500000 0.00200000
v -0.05500000 0.02500000 0.00000000
v -0.05700000 0.02500000 0.00400000
v -0.05700000 0.02500000 0.00600000
v -0.05700000 0.02500000 0.00850000
v -0.05500000 0.02500000 0.00850000
v -0.05700000 0.02700000 0.00000000
v -0.05700000 0.02700000 0.00200000
v -0.05500000 0.02700000 0.00000000
v -0.05700000 0.02700000 0.00400000
v -0.05700000 0.02700000 0.00600000
v -0.05700000 0.02700000 0.00850000
v -0.05500000 0.02700000 0.00850000
v -0.05700000 0.02900000 0.00000000
v -0.05700000 0.02900000 0.00200000
v -0.05500000 0.02900000 0.00000000
v -0.05700000 0.02900000 0.00400000
v -0.05700000 0.02900000 0.00600000
v -0.05700000 0.02900000 0.00850000
v -0.05500000 0.02900000 0.00850000
v -0.05700000 0.03100000 0.00000000
v -0.05700000 0.03100000 0.00200000
v -0.05500000 0.03100000 0.00000000
v -0.05700000 0.03100000 0.00400000
v -0.05700000 0.03100000 0.00600000
v -0.05700000 0.03100000 0.00850000
v -0.05500000 0.03100000 0.00850000
v -0.05700000 0.03300000 0.00000000
v -0.05700000 0.03300000 0.00200000
v -0.05500000 0.03300000 0.00000000
v -0.05700000 0.03300000 0.00400000
v -0.05700000 0.03300000 0.00600000
v -0.05700000 0.03300000 0.00850000
v -0.05500000 0.03300000 0.00850000
v -0.05700000 0.03500000 0.00000000
v -0.05700000 0.03500000 0.00200000
v -0.05500000 0.03500000 0.00000000
v -0.05700000 0.03500000 0.00400000
v -0.05700000 0.03500000 0.00600000
v -0.05700000 0.03500000 0.00850000
v -0.05500000 0.03500000 0.00850000
v -0.05700000 0.03700000 0.00000000
v -0.05700000 0.03700000 0.00200000
v -0.05500000 0.03700000 0.00000000
v -0.05700000 0.03700000 0.00400000
v -0.05700000 0.03700000 0.00600000
v -0.05700000 0.03700000 0.00850000
v -0.05500000 0.03700000 0.00850000
v -0.05700000 0.03900000 0.00000000
v -0.05700000 0.03900000 0.00200000
v -0.05500000 0.03900000 0.00000000
v -0.05700000 0.03900000 0.00400000
v -0.05700000 0.03900000 0.00600000
v -0.05700000 0.03900000 0.00850000
v -0.05500000 0.03900000 0.00850000
v -0.05700000 0.04100000 0.00000000
v -0.05700000 0.04100000 0.00200000
v -0.05500000 0.04100000 0.00000000
v -0.05700000 0.04100000 0.00400000
v -0.05700000 0.04100000 0.00600000
v -0.05700000 0.04100000 0.00850000
v -0.05500000 0.04100000 0.00850000
v -0.05700000 0.04300000 0.00000000
v -0.05700000 0.04300000 0.00200000
v -0.05500000 0.04300000 0.00000000
v -0.05700000 0.04300000 0.00400000
v -0.05700000 0.04300000 0.00600000
v -0.05700000 0.04300000 0.00850000
v -0.05500000 0.04300000 0.00850000
v -0.05700000 0.04500000 0.00000000
v -0.05700000 0.04500000 0.00200000
v -0.05500000 0.04500000 0.00000000
v -0.05700000 0.04500000 0.00400000
v -0.05700000 0.04500000 0.00600000
v -0.05700000 0.04500000 0.00850000
v -0.05500000 0.04500000 0.00850000
v -0.05700000 0.04700000 0.00000000
v -0.05700000 0.04700000 0.00200000
v -0.05500000 0.04700000 0.00000000
v -0.05700000 0.04700000 0.00400000
v -0.05700000 0.04700000 0.00600000
v -0.05700000 0.04700000 0.00850000
v -0.05500000 0.04700000 0.00850000
v -0.05700000 0.04900000 0.00000000
v -0.05700000 0.04900000 0.00200000
v -0.05500000 0.04900000 0.00000000
v -0.05700000 0.04900000 0.00400000
v -0.05700000 0.04900000 0.00600000
v -0.05700000 0.04900000 0.00850000
v -0.05500000 0.04900000 0.00850000
v -0.05700000 0.05100000 0.00000000
v -0.05700000 0.05100000 0.00200000
v -0.05500000 0.05100000 0.00000000
v -0.05700000 0.05100000 0.00400000
v -0.05700000 0.05100000 0.00600000
v -0.05700000 0.05100000 0.00850000
v -0.05500000 0.05100000 0.00850000
v -0.05700000 0.05300000 0.00000000
v -0.05700000 0.05300000 0.00200000
v -0.05500000 0.05300000 0.00000000
v -0.05700000 0.05300000 0.00400000
v -0.05700000 0.05300000 0.00600000
v -0.05700000 0.05300000 0.00850000
v -0.05500000 0.05300000 0.00850000
v -0.05700000 0.05500000 0.00000000
v -0.05700000 0.05500000 0.00200000
v -0.05500000 0.05500000 0.00000000
v -0.05700000 0.05500000 0.00400000
v -0.05700000 0.05500000 0.00600000
v -0.05700000 0.05500000 0.00850000
v -0.05500000 0.05500000 0.00850000
v -0.05700000 0.05700000 0.00000000
v -0.05700000 0.05700000 0.00200000
v -0.05500000 0.05700000 0.00200000
v -0.05500000 0.05700000 0.00000000
v -0.05700000 0.05700000 0.00400000
v -0.05500000 0.05700000 0.00400000
v -0.05700000 0.05700000 0.00600000
v -0.05500000 0.05700000 0.00600000
v -0.05700000 0.05700000 0.00850000
v -0.05500000 0.05700000 0.00850000
v -0.05300000 -0.05700000 0.00200000
v -0.05300000 -0.05700000 0.00000000
v -0.05300000 -0.05500000 0.00000000
v -0.05300000 -0.05700000 0.00400000
v -0.05300000 -0.05700000 0.00600000
v -0.05300000 -0.05700000 0.00850000
v -0.05300000 -0.05500000 0.00850000
v -0.05300000 -0.05300000 0.00000000
v -0.05300000 -0.05300000 0.00850000
v -0.05300000 -0.05100000 0.00000000
v -0.05300000 -0.05100000 0.00850000
v -0.05300000 -0.04900000 0.00000000
v -0.05300000 -0.04900000 0.00850000
v -0.05300000 -0.04700000 0.00000000
v -0.05300000 -0.04700000 0.00850000
v -0.05300000 -0.04500000 0.00000000
v -0.05300000 -0.04500000 0.00850000
v -0.05300000 -0.04300000 0.00000000
v -0.05300000 -0.04300000 0.00850000
v -0.05300000 -0.04100000 0.00000000
v -0.05300000 -0.04100000 0.00850000
v -0.05300000 -0.03900000 0.00000000
v -0.05300000 -0.03900000 0.00850000
v -0.05300000 -0.03700000 0.00000000
v -0.05300000 -0.03700000 0.00850000
v -0.05300000 -0.03500000 0.00000000
v -0.05300000 -0.03500000 0.00850000
v -0.05300000 -0.03300000 0.00000000
v -0.05300000 -0.03300000 0.00850000
v -0.05300000 -0.03100000 0.00000000
v -0.05300000 -0.03100000 0.00850000
v -0.05300000 -0.02900000 0.00000000
v -0.05300000 -0.02900000 0.00850000
v -0.05300000 -0.02700000 0.00000000
v -0.05300000 -0.02700000 0.00850000
v -0.05300000 -0.02500000 0.00000000
v -0.05300000 -0.02500000 0.00850000
v -0.05300000 -0.02300000 0.00000000
v -0.05300000 -0.02300000 0.00850000
v -0.05300000 -0.02100000 0.00000000
v -0.05300000 -0.02100000 0.00850000
v -0.05300000 -0.01900000 0.00000000
v -0.05300000 -0.01900000 0.00850000
v -0.05300000 -0.01700000 0.00000000
v -0.05300000 -0.01700000 0.00850000
v -0.05300000 -0.01500000 0.00000000
v -0.05300000 -0.01500000 0.00850000
v -0.05300000 -0.01300000 0.00000000
v -0.05300000 -0.01300000 0.00850000
v -0.05300000 -0.01100000 0.00000000
v -0.05300000 -0.01100000 0.00850000
v -0.05300000 -0.00900000 0.00000000
v -0.05300000 -0.00900000 0.00850000
v -0.05300000 -0.00700000 0.00000000
v -0.05300000 -0.00700000 0.00850000
v -0.05300000 -0.00500000 0.00000000
v -0.05300000 -0.00500000 0.00850000
v -0.05300000 -0.00300000 0.00000000
v -0.05300000 -0.00300000 0.00850000
v -0.05300000 -0.00100000 0.00000000
v -0.05300000 -0.00100000 0.00850000
v -0.05300000 0.00100000 0.00000000
v -0.05300000 0.00100000 0.00850000
v -0.05300000 0.00300000 0.00000000
v -0.05300000 0.00300000 0.00850000
v -0.05300000 0.00500000 0.00000000
v -0.05300000 0.00500000 0.00850000
v -0.05300000 0.00700000 0.00000000
v -0.05300000 0.00700000 0.00850000
v -0.05300000 0.00900000 0.00000000
v -0.05300000 0.00900000 0.00850000
v -0.05300000 0.01100000 0.00000000
v -0.05300000 0.01100000 0.00850000
v -0.05300000 0.01300000 0.00000000
v -0.05300000 0.01300000 0.00850000
v -0.05300000 0.01500000 0.00000000
v -0.05300000 0.01500000 0.00850000
v -0.05300000 0.01700000 0.00000000
v -0.05300000 0.01700000 0.00850000
v -0.05300000 0.01900000 0.00000000
v -0.05300000 0.01900000 0.00850000
v -0.05300000 0.02100000 0.00000000
v -0.05300000 0.02100000 0.00850000
v -0.05300000 0.02300000 0.00000000
v -0.05300000 0.02300000 0.00850000
v -0.05300000 0.02500000 0.00000000
v -0.05300000 0.02500000 0.00850000
v -0.05300000 0.02700000 0.00000000
v -0.05300000 0.02700000 0.00850000
v -0.05300000 0.02900000 0.00000000
v -0.05300000 0.02900000 0.00850000
v -0.05300000 0.03100000 0.00000000
v -0.05300000 0.03100000 0.00850000
v -0.05300000 0.03300000 0.00000000
v -0.05300000 0.03300000 0.00850000
v -0.05300000 0.03500000 0.00000000
v -0.05300000 0.03500000 0.00850000
v -0.05300000 0.03700000 0.00000000
v -0.05300000 0.03700000 0.00850000
v -0.05300000 0.03900000 0.00000000
v -0.05300000 0.03900000 0.00850000
v -0.05300000 0.04100000 0.00000000
v -0.05300000 0.04100000 0.00850000
v -0.05300000 0.04300000 0.00000000
v -0.05300000 0.04300000 0.00850000
v -0.05300000 0.04500000 0.00000000
v -0.05300000 0.04500000 0.00850000
v -0.05300000 0.04700000 0.00000000
v -0.05300000 0.04700000 0.00850000
v -0.05300000 0.04900000 0.00000000
v -0.05300000 0.04900000 0.00850000
v -0.05300000 0.05100000 0.00000000
v -0.05300000 0.05100000 0.00850000
v -0.05300000 0.05300000 0.00000000
v -0.05300000 0.05300000 0.00850000
v -0.05300000 0.05500000 0.00000000
v -0.05300000 0.05500000 0.00850000
v -0.05300000 0.05700000 0.00200000
v -0.05300000 0.05700000 0.00000000
v -0.05300000 0.05700000 0.00400000
v -0.05300000 0.05700000 0.00600000
v -0.05300000 0.05700000 0.00850000
v -0.05100000 -0.05700000 0.00200000
v -0.05100000 -0.05700000 0.00000000
v -0.05100000 -0.05500000 0.00000000
v -0.05100000 -0.05700000 0.00400000
v -0.05100000 -0.05700000 0.00600000
v -0.05100000 -0.05700000 0.00850000
v -0.05100000 -0.05500000 0.00850000
v -0.05100000 -0.05300000 0.00000000
v -0.05100000 -0.05300000 0.00850000
v -0.05100000 -0.05100000 0.00000000
v -0.05100000 -0.05100000 0.00850000
v -0.05100000 -0.04900000 0.00000000
v -0.05100000 -0.05100000 0.00600000
v -0.05100000 -0.04900000 0.00600000
v -0.05100000 -0.04900000 0.00850000
v -0.05100000 -0.04700000 0.00000000
v -0.05100000 -0.04700000 0.00600000
v -0.05100000 -0.04700000 0.00850000
v -0.05100000 -0.04500000 0.00000000
v -0.05100000 -0.04500000 0.00600000
v -0.05100000 -0.04500000 0.00850000
v -0.05100000 -0.04300000 0.00000000
v -0.05100000 -0.04300000 0.00600000
v -0.05100000 -0.04300000 0.00850000
v -0.05100000 -0.04100000 0.00000000
v -0.05100000 -0.04100000 0.00600000
v -0.05100000 -0.04100000 0.00850000
v -0.05100000 -0.03900000 0.00000000
v -0.05100000 -0.03900000 0.00600000
v -0.05100000 -0.03900000 0.00850000
v -0.05100000 -0.03700000 0.00000000
v -0.05100000 -0.03700000 0.00600000
v -0.05100000 -0.03700000 0.00850000
v -0.05100000 -0.03500000 0.00000000
v -0.05100000 -0.03500000 0.00600000
v -0.05100000 -0.03500000 0.00850000
v -0.05100000 -0.03300000 0.00000000
v -0.05100000 -0.03300000 0.00600000
v -0.05100000 -0.03300000 0.00850000
v -0.05100000 -0.03100000 0.00000000
v -0.05100000 -0.03100000 0.00600000
v -0.05100000 -0.03100000 0.00850000
v -0.05100000 -0.02900000 0.00000000
v -0.05100000 -0.02900000 0.00600000
v -0.05100000 -0.02900000 0.00850000
v -0.05100000 -0.02700000 0.00000000
v -0.05100000 -0.02700000 0.00600000
v -0.05100000 -0.02700000 0.00850000
v -0.05100000 -0.02500000 0.00000000
v -0.05100000 -0.02500000 0.00600000
v -0.05100000 -0.02500000 0.00850000
v -0.05100000 -0.02300000 0.00000000
v -0.05100000 -0.02300000 0.00600000
v -0.05100000 -0.02300000 0.00850000
v -0.05100000 -0.02100000 0.00000000
v -0.05100000 -0.02100000 0.00600000
v -0.05100000 -0.02100000 0.00850000
v -0.05100000 -0.01900000 0.00000000
v -0.05100000 -0.01900000 0.00600000
v -0.05100000 -0.01900000 0.00850000
v -0.05100000 -0.01700000 0.00000000
v -0.05100000 -0.01700000 0.00600000
v -0.05100000 -0.01700000 0.00850000
v -0.05100000 -0.01500000 0.00000000
v -0.05100000 -0.01500000 0.00600000
v -0.05100000 -0.01500000 0.00850000
v -0.05100000 -0.01300000 0.00000000
v -0.05100000 -0.01300000 0.00600000
v -0.05100000 -0.01300000 0.00850000
v -0.05100000 -0.01100000 0.00000000
v -0.05100000 -0.01100000 0.00600000
v -0.05100000 -0.01100000 0.00850000
v -0.05100000 -0.00900000 0.00000000
v -0.05100000 -0.00900000 0.00600000
v -0.05100000 -0.00900000 0.00850000
v -0.05100000 -0.00700000 0.00000000
v -0.05100000 -0.00700000 0.00600000
v -0.05100000 -0.00700000 0.00850000
v -0.05100000 -0.00500000 0.00000000
v -0.05100000 -0.00500000 0.00600000
v -0.05100000 -0.00500000 0.00850000
v -0.05100000 -0.00300000 0.00000000
v -0.05100000 -0.00300000 0.00600000
v -0.05100000 -0.00300000 0.00850000
v -0.05100000 -0.00100000 0.00000000
v -0.05100000 -0.00100000 0.00600000
v -0.05100000 -0.00100000 0.00850000
v -0.05100000 0.00100000 0.00000000
v -0.05100000 0.00100000 0.00600000
v -0.05100000 0.00100000 0.00850000
v -0.05100000 0.00300000 0.00000000
v -0.05100000 0.00300000 0.00600000
v -0.05100000 0.00300000 0.00850000
v -0.05100000 0.00500000 0.00000000
v -0.05100000 0.00500000 0.00600000
v -0.05100000 0.00500000 0.00850000
v -0.05100000 0.00700000 0.00000000
v -0.05100000 0.00700000 0.00600000
v -0.05100000 0.00700000 0.00850000
v -0.05100000 0.00900000 0.00000000
v -0.05100000 0.00900000 0.00600000
v -0.05100000 0.00900000 0.00850000
v -0.05100000 0.01100000 0.00000000
v -0.05100000 0.01100000 0.00600000
v -0.05100000 0.01100000 0.00850000
v -0.05100000 0.01300000 0.00000000
v -0.05100000 0.01300000 0.00600000
v -0.05100000 0.01300000 0.00850000
v -0.05100000 0.01500000 0.00000000
v -0.05100000 0.01500000 0.00600000
v -0.05100000 0.01500000 0.00850000
v -0.05100000 0.01700000 0.00000000
v -0.05100000 0.01700000 0.00600000
v -0.05100000 0.01700000 0.00850000
v -0.05100000 0.01900000 0.00000000
v -0.05100000 0.01900000 0.00600000
v -0.05100000 0.01900000 0.00850000
v -0.05100000 0.02100000 0.00000000
v -0.05100000 0.02100000 0.00600000
v -0.05100000 0.02100000 0.00850000
v -0.05100000 0.02300000 0.00000000
v -0.05100000 0.02300000 0.00600000
v -0.05100000 0.02300000 0.00850000
v -0.05100000 0.02500000 0.00000000
v -0.05100000 0.02500000 0.00600000
v -0.05100000 0.02500000 0.00850000
v -0.05100000 0.02700000 0.00000000
v -0.05100000 0.02700000 0.00600000
v -0.05100000 0.02700000 0.00850000
v -0.05100000 0.02900000 0.00000000
v -0.05100000 0.02900000 0.00600000
v -0.05100000 0.02900000 0.00850000
v -0.05100000 0.03100000 0.00000000
v -0.05100000 0.03100000 0.00600000
v -0.05100000 0.03100000 0.00850000
v -0.05100000 0.03300000 0.00000000
v -0.05100000 0.03300000 0.00600000
v -0.05100000 0.03300000 0.00850000
v -0.05100000 0.03500000 0.00000000
v -0.05100000 0.03500000 0.00600000
v -0.05100000 0.03500000 0.00850000
v -0.05100000 0.03700000 0.00000000
v -0.05100000 0.03700000 0.00600000
v -0.05100000 0.03700000 0.00850000
v -0.05100000 0.03900000 0.00000000
v -0.05100000 0.03900000 0.00600000
v -0.05100000 0.03900000 0.00850000
v -0.05100000 0.04100000 0.00000000
v -0.05100000 0.04100000 0.00600000
v -0.05100000 0.04100000 0.00850000
v -0.05100000 0.04300000 0.00000000
v -0.05100000 0.04300000 0.00600000
v -0.05100000 0.04300000 0.00850000
v -0.05100000 0.04500000 0.00000000
v -0.05100000 0.04500000 0.00600000
v -0.05100000 0.04500000 0.00850000
v -0.05100000 0.04700000 0.00000000
v -0.05100000 0.04700000 0.00600000
v -0.05100000 0.04700000 0.00850000
v -0.05100000 0.04900000 0.00000000
v -0.05100000 0.04900000 0.00600000
v -0.05100000 0.04900000 0.00850000
v -0.05100000 0.05100000 0.00000000
v -0.05100000 0.05100000 0.00600000
v -0.05100000 0.05100000 0.00850000
v -0.05100000 0.05300000 0.00000000
v -0.05100000 0.05300000 0.00850000
v -0.05100000 0.05500000 0.00000000
v -0.05100000 0.05500000 0.00850000
v -0.05100000 0.05700000 0.00200000
v -0.05100000 0.05700000 0.00000000
v -0.05100000 0.05700000 0.00400000
v -0.05100000 0.05700000 0.00600000
v -0.05100000 0.05700000 0.00850000
v -0.04900000 -0.05700000 0.00200000
v -0.04900000 -0.05700000 0.00000000
v -0.04900000 -0.05500000 0.00000000
v -0.04900000 -0.05700000 0.00400000
v -0.04900000 -0.05700000 0.00600000
v -0.04900000 -0.05700000 0.00850000
v -0.04900000 -0.05500000 0.00850000
v -0.04900000 -0.05300000 0.00000000
v -0.04900000 -0.05300000 0.00850000
v -0.04900000 -0.05100000 0.00000000
v -0.04900000 -0.05100000 0.00850000
v -0.04900000 -0.05100000 0.00600000
v -0.04900000 -0.04900000 0.00000000
v -0.04900000 -0.04900000 0.00600000
v -0.04900000 -0.04700000 0.00000000
v -0.04900000 -0.04700000 0.00600000
v -0.04900000 -0.04500000 0.00000000
v -0.04900000 -0.04500000 0.00600000
v -0.04900000 -0.04300000 0.00000000
v -0.04900000 -0.04300000 0.00600000
v -0.04900000 -0.04100000 0.00000000
v -0.04900000 -0.04100000 0.00600000
v -0.04900000 -0.03900000 0.00000000
v -0.04900000 -0.03900000 0.00600000
v -0.04900000 -0.03700000 0.00000000
v -0.04900000 -0.03700000 0.00600000
v -0.04900000 -0.03500000 0.00000000
v -0.04900000 -0.03500000 0.00600000
v -0.04900000 -0.03300000 0.00000000
v -0.04900000 -0.03300000 0.00600000
v -0.04900000 -0.03100000 0.00000000
v -0.04900000 -0.03100000 0.00600000
v -0.04900000 -0.02900000 0.00000000
v -0.04900000 -0.02900000 0.00600000
v -0.04900000 -0.02700000 0.00000000
v -0.04900000 -0.02700000 0.00600000
v -0.04900000 -0.02500000 0.00000000
v -0.04900000 -0.02500000 0.00600000
v -0.04900000 -0.02300000 0.00000000
v -0.04900000 -0.02300000 0.00600000
v -0.04900000 -0.02100000 0.00000000
v -0.04900000 -0.02100000 0.00600000
v -0.04900000 -0.01900000 0.00000000
v -0.04900000 -0.01900000 0.00600000
v -0.04900000 -0.01700000 0.00000000
v -0.04900000 -0.01700000 0.00600000
v -0.04900000 -0.01500000 0.00000000
v -0.04900000 -0.01500000 0.00600000
v -0.04900000 -0.01300000 0.00000000
v -0.04900000 -0.01300000 0.00600000
v -0.04900000 -0.01100000 0.00000000
v -0.04900000 -0.01100000 0.00600000
v -0.04900000 -0.00900000 0.00000000
v -0.04900000 -0.00900000 0.00600000
v -0.04900000 -0.00700000 0.00000000
v -0.04900000 -0.00700000 0.00600000
v -0.04900000 -0.00500000 0.00000000
v -0.04900000 -0.00500000 0.00600000
v -0.04900000 -0.00300000 0.00000000
v -0.04900000 -0.00300000 0.00600000
v -0.04900000 -0.00100000 0.00000000
v -0.04900000 -0.00100000 0.00600000
v -0.04900000 0.00100000 0.00000000
v -0.04900000 0.00100000 0.00600000
v -0.04900000 0.00300000 0.00000000
v -0.04900000 0.00300000 0.00600000
v -0.04900000 0.00500000 0.00000000
v -0.04900000 0.00500000 0.00600000
v -0.04900000 0.00700000 0.00000000
v -0.04900000 0.00700000 0.00600000
v -0.04900000 0.00900000 0.00000000
v -0.04900000 0.00900000 0.00600000
v -0.04900000 0.01100000 0.00000000
v -0.04900000 0.01100000 0.00600000
v -0.04900000 0.01300000 0.00000000
v -0.04900000 0.01300000 0.00600000
v -0.04900000 0.01500000 0.00000000
v -0.04900000 0.01500000 0.00600000
v -0.04900000 0.01700000 0.00000000
v -0.04900000 0.01700000 0.00600000
v -0.04900000 0.01900000 0.00000000
v -0.04900000 0.01900000 0.00600000
v -0.04900000 0.02100000 0.00000000
v -0.04900000 0.02100000 0.00600000
v -0.04900000 0.02300000 0.00000000
v -0.04900000 0.02300000 0.00600000
v -0.04900000 0.02500000 0.00000000
v -0.04900000 0.02500000 0.00600000
v -0.04900000 0.02700000 0.00000000
v -0.04900000 0.02700000 0.00600000
v -0.04900000 0.02900000 0.00000000
v -0.04900000 0.02900000 0.00600000
v -0.04900000 0.03100000 0.00000000
v -0.04900000 0.03100000 0.00600000
v -0.04900000 0.03300000 0.00000000
v -0.04900000 0.03300000 0.00600000
v -0.04900000 0.03500000 0.00000000
v -0.04900000 0.03500000 0.00600000
v -0.04900000 0.03700000 0.00000000
v -0.04900000 0.03700000 0.00600000
v -0.04900000 0.03900000 0.00000000
v -0.04900000 0.03900000 0.00600000
v -0.04900000 0.04100000 0.00000000
v -0.04900000 0.04100000 0.00600000
v -0.04900000 0.04300000 0.00000000
v -0.04900000 0.04300000 0.00600000
v -0.04900000 0.04500000 0.00000000
v -0.04900000 0.04500000 0.00600000
v -0.04900000 0.04700000 0.00000000
v -0.04900000 0.04700000 0.00600000
v -0.04900000 0.04900000 0.00000000
v -0.04900000 0.04900000 0.00600000
v -0.04900000 0.05100000 0.00000000
v -0.04900000 0.05100000 0.00600000
v -0.04900000 0.05300000 0.00000000
v -0.04900000 0.05100000 0.00850000
v -0.04900000 0.05300000 0.00850000
v -0.04900000 0.05500000 0.00000000
v -0.04900000 0.05500000 0.00850000
v -0.04900000 0.05700000 0.00200000
v -0.04900000 0.05700000 0.00000000
v -0.04900000 0.05700000 0.00400000
v -0.04900000 0.05700000 0.00600000
v -0.04900000 0.05700000 0.00850000
v -0.04700000 -0.05700000 0.00200000
v -0.04700000 -0.05700000 0.00000000
v -0.04700000 -0.05500000 0.00000000
v -0.04700000 -0.05700000 0.00400000
v -0.04700000 -0.05700000 0.00600000
v -0.04700000 -0.05700000 0.00850000
v -0.04700000 -0.05500000 0.00850000
v -0.04700000 -0.05300000 0.00000000
v -0.04700000 -0.05300000 0.00850000
v -0.04700000 -0.05100000 0.00000000
v -0.04700000 -0.05100000 0.00850000
v -0.04700000 -0.05100000 0.00600000
v -0.04700000 -0.04900000 0.00000000
v -0.04700000 -0.04900000 0.00600000
v -0.04700000 -0.04700000 0.00000000
v -0.04700000 -0.04700000 0.00600000
v -0.04700000 -0.04500000 0.00000000
v -0.04700000 -0.04500000 0.00600000
v -0.04700000 -0.04300000 0.00000000
v -0.04700000 -0.04300000 0.00600000
v -0.04700000 -0.04100000 0.00000000
v -0.04700000 -0.04100000 0.00600000
v -0.04700000 -0.03900000 0.00000000
v -0.04700000 -0.03900000 0.00600000
v -0.04700000 -0.03700000 0.00000000
v -0.04700000 -0.03700000 0.00600000
v -0.04700000 -0.03500000 0.00000000
v -0.04700000 -0.03500000 0.00600000
v -0.04700000 -0.03300000 0.00000000
v -0.04700000 -0.03300000 0.00600000
v -0.04700000 -0.03100000 0.00000000
v -0.04700000 -0.03100000 0.00600000
v -0.04700000 -0.02900000 0.00000000
v -0.04700000 -0.02900000 0.00600000
v -0.04700000 -0.02700000 0.00000000
v -0.04700000 -0.02700000 0.00600000
v -0.04700000 -0.02500000 0.00000000
v -0.04700000 -0.02500000 0.00600000
v -0.04700000 -0.02300000 0.00000000
v -0.04700000 -0.02300000 0.00600000
v -0.04700000 -0.02100000 0.00000000
v -0.04700000 -0.02100000 0.00600000
v -0.04700000 -0.01900000 0.00000000
v -0.04700000 -0.01900000 0.00600000
v -0.04700000 -0.01700000 0.00000000
v -0.04700000 -0.01700000 0.00600000
v -0.04700000 -0.01500000 0.00000000
v -0.04700000 -0.01500000 0.00600000
v -0.04700000 -0.01300000 0.00000000
v -0.04700000 -0.01300000 0.00600000
v -0.04700000 -0.01100000 0.00000000
v -0.04700000 -0.01100000 0.00600000
v -0.04700000 -0.00900000 0.00000000
v -0.04700000 -0.00900000 0.00600000
v -0.04700000 -0.00700000 0.00000000
v -0.04700000 -0.00700000 0.00600000
v -0.04700000 -0.00500000 0.00000000
v -0.04700000 -0.00500000 0.00600000
v -0.04700000 -0.00300000 0.00000000
v -0.04700000 -0.00300000 0.00600000
v -0.04700000 -0.00100000 0.00000000
v -0.04700000 -0.00100000 0.00600000
v -0.04700000 0.00100000 0.00000000
v -0.04700000 0.00100000 0.00600000
v -0.04700000 0.00300000 0.00000000
v -0.04700000 0.00300000 0.00600000
v -0.04700000 0.00500000 0.00000000
v -0.04700000 0.00500000 0.00600000
v -0.04700000 0.00700000 0.00000000
v -0.04700000 0.00700000 0.00600000
v -0.04700000 0.00900000 0.00000000
v -0.04700000 0.00900000 0.00600000
v -0.04700000 0.01100000 0.00000000
v -0.04700000 0.01100000 0.00600000
v -0.04700000 0.01300000 0.00000000
v -0.04700000 0.01300000 0.00600000
v -0.04700000 0.01500000 0.00000000
v -0.04700000 0.01500000 0.00600000
v -0.04700000 0.01700000 0.00000000
v -0.04700000 0.01700000 0.00600000
v -0.04700000 0.01900000 0.00000000
v -0.04700000 0.01900000 0.00600000
v -0.04700000 0.02100000 0.00000000
v -0.04700000 0.02100000 0.00600000
v -0.04700000 0.02300000 0.00000000
v -0.04700000 0.02300000 0.00600000
v -0.04700000 0.02500000 0.00000000
v -0.04700000 0.02500000 0.00600000
v -0.04700000 0.02700000 0.00000000
v -0.04700000 0.02700000 0.00600000
v -0.04700000 0.02900000 0.00000000
v -0.04700000 0.02900000 0.00600000
v -0.04700000 0.03100000 0.00000000
v -0.04700000 0.03100000 0.00600000
v -0.04700000 0.03300000 0.00000000
v -0.04700000 0.03300000 0.00600000
v -0.04700000 0.03500000 0.00000000
v -0.04700000 0.03500000 0.00600000
v -0.04700000 0.03700000 0.00000000
v -0.04700000 0.03700000 0.00600000
v -0.04700000 0.03900000 0.00000000
v -0.04700000 0.03900000 0.00600000
v -0.04700000 0.04100000 0.00000000
v -0.04700000 0.04100000 0.00600000
v -0.04700000 0.04300000 0.00000000
v -0.04700000 0.04300000 0.00600000
v -0.04700000 0.04500000 0.00000000
v -0.04700000 0.04500000 0.00600000
v -0.04700000 0.04700000 0.00000000
v -0.04700000 0.04700000 0.00600000
v -0.04700000 0.04900000 0.00000000
v -0.04700000 0.04900000 0.00600000
v -0.04700000 0.05100000 0.00000000
v -0.04700000 0.05100000 0.00600000
v -0.04700000 0.05300000 0.00000000
v -0.04700000 0.05100000 0.00850000
v -0.04700000 0.05300000 0.00850000
v -0.04700000 0.05500000 0.00000000
v -0.04700000 0.05500000 0.00850000
v -0.04700000 0.05700000 0.00200000
v -0.04700000 0.05700000 0.00000000
v -0.04700000 0.05700000 0.00400000
v -0.04700000 0.05700000 0.00600000
v -0.04700000 0.05700000 0.00850000
v -0.04500000 -0.05700000 0.00200000
v -0.04500000 -0.05700000 0.00000000
v -0.04500000 -0.05500000 0.00000000
v -0.04500000 -0.05700000 0.00400000
v -0.04500000 -0.05700000 0.00600000
v -0.04500000 -0.05700000 0.00850000
v -0.04500000 -0.05500000 0.00850000
v -0.04500000 -0.05300000 0.00000000
v -0.04500000 -0.05300000 0.00850000
v -0.04500000 -0.05100000 0.00000000
v -0.04500000 -0.05100000 0.00850000
v -0.04500000 -0.05100000 0.00600000
v -0.04500000 -0.04900000 0.00000000
v -0.04500000 -0.04900000 0.00600000
v -0.04500000 -0.04700000 0.00000000
v -0.04500000 -0.04700000 0.00600000
v -0.04500000 -0.04500000 0.00000000
v -0.04500000 -0.04500000 0.00600000
v -0.04500000 -0.04300000 0.00000000
v -0.04500000 -0.04300000 0.00600000
v -0.04500000 -0.04100000 0.00000000
v -0.04500000 -0.04100000 0.00600000
v -0.04500000 -0.03900000 0.00000000
v -0.04500000 -0.03900000 0.00600000
v -0.04500000 -0.03700000 0.00000000
v -0.04500000 -0.03700000 0.00600000
v -0.04500000 -0.03500000 0.00000000
v -0.04500000 -0.03500000 0.00600000
v -0.04500000 -0.03300000 0.00000000
v -0.04500000 -0.03300000 0.00600000
v -0.04500000 -0.03100000 0.00000000
v -0.04500000 -0.03100000 0.00600000
v -0.04500000 -0.02900000 0.00000000
v -0.04500000 -0.02900000 0.00600000
v -0.04500000 -0.02700000 0.00000000
v -0.04500000 -0.02700000 0.00600000
v -0.04500000 -0.02500000 0.00000000
v -0.04500000 -0.02500000 0.00600000
v -0.04500000 -0.02300000 0.00000000
v -0.04500000 -0.02300000 0.00600000
v -0.04500000 -0.02100000 0.00000000
v -0.04500000 -0.02100000 0.00600000
v -0.04500000 -0.01900000 0.00000000
v -0.04500000 -0.01900000 0.00600000
v -0.04500000 -0.01700000 0.00000000
v -0.04500000 -0.01700000 0.00600000
v -0.04500000 -0.01500000 0.00000000
v -0.04500000 -0.01500000 0.00600000
v -0.04500000 -0.01300000 0.00000000
v -0.04500000 -0.01300000 0.00600000
v -0.04500000 -0.01100000 0.00000000
v -0.04500000 -0.01100000 0.00600000
v -0.04500000 -0.00900000 0.00000000
v -0.04500000 -0.00900000 0.00600000
v -0.04500000 -0.00700000 0.00000000
v -0.04500000 -0.00700000 0.00600000
v -0.04500000 -0.00500000 0.00000000
v -0.04500000 -0.00500000 0.00600000
v -0.04500000 -0.00300000 0.00000000
v -0.04500000 -0.00300000 0.00600000
v -0.04500000 -0.00100000 0.00000000
v -0.04500000 -0.00100000 0.00600000
v -0.04500000 0.00100000 0.00000000
v -0.04500000 0.00100000 0.00600000
v -0.04500000 0.00300000 0.00000000
v -0.04500000 0.00300000 0.00600000
v -0.04500000 0.00500000 0.00000000
v -0.04500000 0.00500000 0.00600000
v -0.04500000 0.00700000 0.00000000
v -0.04500000 0.00700000 0.00600000
v -0.04500000 0.00900000 0.00000000
v -0.04500000 0.00900000 0.00600000
v -0.04500000 0.01100000 0.00000000
v -0.04500000 0.01100000 0.00600000
v -0.04500000 0.01300000 0.00000000
v -0.04500000 0.01300000 0.00600000
v -0.04500000 0.01500000 0.00000000
v -0.04500000 0.01500000 0.00600000
v -0.04500000 0.01700000 0.00000000
v -0.04500000 0.01700000 0.00600000
v -0.04500000 0.01900000 0.00000000
v -0.04500000 0.01900000 0.00600000
v -0.04500000 0.02100000 0.00000000
v -0.04500000 0.02100000 0.00600000
v -0.04500000 0.02300000 0.00000000
v -0.04500000 0.02300000 0.00600000
v -0.04500000 0.02500000 0.00000000
v -0.04500000 0.02500000 0.00600000
v -0.04500000 0.02700000 0.00000000
v -0.04500000 0.02700000 0.00600000
v -0.04500000 0.02900000 0.00000000
v -0.04500000 0.02900000 0.00600000
v -0.04500000 0.03100000 0.00000000
v -0.04500000 0.03100000 0.00600000
v -0.04500000 0.03300000 0.00000000
v -0.04500000 0.03300000 0.00600000
v -0.04500000 0.03500000 0.00000000
v -0.04500000 0.03500000 0.00600000
v -0.04500000 0.03700000 0.00000000
v -0.04500000 0.03700000 0.00600000
v -0.04500000 0.03900000 0.00000000
v -0.04500000 0.03900000 0.00600000
v -0.04500000 0.04100000 0.00000000
v -0.04500000 0.04100000 0.00600000
v -0.04500000 0.04300000 0.00000000
v -0.04500000 0.04300000 0.00600000
v -0.04500000 0.04500000 0.00000000
v -0.04500000 0.04500000 0.00600000
v -0.04500000 0.04700000 0.00000000
v -0.04500000 0.04700000 0.00600000
v -0.04500000 0.04900000 0.00000000
v -0.04500000 0.04900000 0.00600000
v -0.04500000 0.05100000 0.00000000
v -0.04500000 0.05100000 0.00600000
v -0.04500000 0.05300000 0.00000000
v -0.04500000 0.05100000 0.00850000
v -0.04500000 0.05300000 0.00850000
v -0.04500000 0.05500000 0.00000000
v -0.04500000 0.05500000 0.00850000
v -0.04500000 0.05700000 0.00200000
v -0.04500000 0.05700000 0.00000000
v -0.04500000 0.05700000 0.00400000
v -0.04500000 0.05700000 0.00600000
v -0.04500000 0.05700000 0.00850000
v -0.04300000 -0.05700000 0.00200000
v -0.04300000 -0.05700000 0.00000000
v -0.04300000 -0.05500000 0.00000000
v -0.04300000 -0.05700000 0.00400000
v -0.04300000 -0.05700000 0.00600000
v -0.04300000 -0.05700000 0.00850000
v -0.04300000 -0.05500000 0.00850000
v -0.04300000 -0.05300000 0.00000000
v -0.04300000 -0.05300000 0.00850000
v -0.04300000 -0.05100000 0.00000000
v -0.04300000 -0.05100000 0.00850000
v -0.04300000 -0.05100000 0.00600000
v -0.04300000 -0.04900000 0.00000000
v -0.04300000 -0.04900000 0.00600000
v -0.04300000 -0.04700000 0.00000000
v -0.04300000 -0.04700000 0.00600000
v -0.04300000 -0.04500000 0.00000000
v -0.04300000 -0.04500000 0.00600000
v -0.04300000 -0.04300000 0.00000000
v -0.04300000 -0.04300000 0.00600000
v -0.04300000 -0.04100000 0.00000000
v -0.04300000 -0.04100000 0.00600000
v -0.04300000 -0.03900000 0.00000000
v -0.04300000 -0.03900000 0.00600000
v -0.04300000 -0.03700000 0.00000000
v -0.04300000 -0.03700000 0.00600000
v -0.04300000 -0.03500000 0.00000000
v -0.04300000 -0.03500000 0.00600000
v -0.04300000 -0.03300000 0.00000000
v -0.04300000 -0.03300000 0.00600000
v -0.04300000 -0.03100000 0.00000000
v -0.04300000 -0.03100000 0.00600000
v -0.04300000 -0.02900000 0.00000000
v -0.04300000 -0.02900000 0.00600000
v -0.04300000 -0.02700000 0.00000000
v -0.04300000 -0.02700000 0.00600000
v -0.04300000 -0.02500000 0.00000000
v -0.04300000 -0.02500000 0.00600000
v -0.04300000 -0.02300000 0.00000000
v -0.04300000 -0.02300000 0.00600000
v -0.04300000 -0.02100000 0.00000000
v -0.04300000 -0.02100000 0.00600000
v -0.04300000 -0.01900000 0.00000000
v -0.04300000 -0.01900000 0.00600000
v -0.04300000 -0.01700000 0.00000000
v -0.04300000 -0.01700000 0.00600000
v -0.04300000 -0.01500000 0.00000000
v -0.04300000 -0.01500000 0.00600000
v -0.04300000 -0.01300000 0.00000000
v -0.04300000 -0.01300000 0.00600000
v -0.04300000 -0.01100000 0.00000000
v -0.04300000 -0.01100000 0.00600000
v -0.04300000 -0.00900000 0.00000000
v -0.04300000 -0.00900000 0.00600000
v -0.04300000 -0.00700000 0.00000000
v -0.04300000 -0.00700000 0.00600000
v -0.04300000 -0.00500000 0.00000000
v -0.04300000 -0.00500000 0.00600000
v -0.04300000 -0.00300000 0.00000000
v -0.04300000 -0.00300000 0.00600000
v -0.04300000 -0.00100000 0.00000000
v -0.04300000 -0.00100000 0.00600000
v -0.04300000 0.00100000 0.00000000
v -0.04300000 0.00100000 0.00600000
v -0.04300000 0.00300000 0.00000000
v -0.04300000 0.00300000 0.00600000
v -0.04300000 0.00500000 0.00000000
v -0.04300000 0.00500000 0.00600000
v -0.04300000 0.00700000 0.00000000
v -0.04300000 0.00700000 0.00600000
v -0.04300000 0.00900000 0.00000000
v -0.04300000 0.00900000 0.00600000
v -0.04300000 0.01100000 0.00000000
v -0.04300000 0.01100000 0.00600000
v -0.04300000 0.01300000 0.00000000
v -0.04300000 0.01300000 0.00600000
v -0.04300000 0.01500000 0.00000000
v -0.04300000 0.01500000 0.00600000
v -0.04300000 0.01700000 0.00000000
v -0.04300000 0.01700000 0.00600000
v -0.04300000 0.01900000 0.00000000
v -0.04300000 0.01900000 0.00600000
v -0.04300000 0.02100000 0.00000000
v -0.04300000 0.02100000 0.00600000
v -0.04300000 0.02300000 0.00000000
v -0.04300000 0.02300000 0.00600000
v -0.04300000 0.02500000 0.00000000
v -0.04300000 0.02500000 0.00600000
v -0.04300000 0.02700000 0.00000000
v -0.04300000 0.02700000 0.00600000
v -0.04300000 0.02900000 0.00000000
v -0.04300000 0.02900000 0.00600000
v -0.04300000 0.03100000 0.00000000
v -0.04300000 0.03100000 0.00600000
v -0.04300000 0.03300000 0.00000000
v -0.04300000 0.03300000 0.00600000
v -0.04300000 0.03500000 0.00000000
v -0.04300000 0.03500000 0.00600000
v -0.04300000 0.03700000 0.00000000
v -0.04300000 0.03700000 0.00600000
v -0.04300000 0.03900000 0.00000000
v -0.04300000 0.03900000 0.00600000
v -0.04300000 0.04100000 0.00000000
v -0.04300000 0.04100000 0.00600000
v -0.04300000 0.04300000 0.00000000
v -0.04300000 0.04300000 0.00600000
v -0.04300000 0.04500000 0.00000000
v -0.04300000 0.04500000 0.00600000
v -0.04300000 0.04700000 0.00000000
v -0.04300000 0.04700000 0.00600000
v -0.04300000 0.04900000 0.00000000
v -0.04300000 0.04900000 0.00600000
v -0.04300000 0.05100000 0.00000000
v -0.04300000 0.05100000 0.00600000
v -0.04300000 0.05300000 0.00000000
v -0.04300000 0.05100000 0.00850000
v -0.04300000 0.05300000 0.00850000
v -0.04300000 0.05500000 0.00000000
v -0.04300000 0.05500000 0.00850000
v -0.04300000 0.05700000 0.00200000
v -0.04300000 0.05700000 0.00000000
v -0.04300000 0.05700000 0.00400000
v -0.04300000 0.05700000 0.00600000
v -0.04300000 0.05700000 0.00850000
v -0.04100000 -0.05700000 0.00200000
v -0.04100000 -0.05700000 0.00000000
v -0.04100000 -0.05500000 0.00000000
v -0.04100000 -0.05700000 0.00400000
v -0.04100000 -0.05700000 0.00600000
v -0.04100000 -0.05700000 0.00850000
v -0.04100000 -0.05500000 0.00850000
v -0.04100000 -0.05300000 0.00000000
v -0.04100000 -0.05300000 0.00850000
v -0.04100000 -0.05100000 0.00000000
v -0.04100000 -0.05100000 0.00850000
v -0.04100000 -0.05100000 0.00600000
v -0.04100000 -0.04900000 0.00000000
v -0.04100000 -0.04900000 0.00600000
v -0.04100000 -0.04700000 0.00000000
v -0.04100000 -0.04700000 0.00600000
v -0.04100000 -0.04500000 0.00000000
v -0.04100000 -0.04500000 0.00600000
v -0.04100000 -0.04300000 0.00000000
v -0.04100000 -0.04300000 0.00600000
v -0.04100000 -0.04100000 0.00000000
v -0.04100000 -0.04100000 0.00600000
v -0.04100000 -0.03900000 0.00000000
v -0.04100000 -0.03900000 0.00600000
v -0.04100000 -0.03700000 0.00000000
v -0.04100000 -0.03700000 0.00600000
v -0.04100000 -0.03500000 0.00000000
v -0.04100000 -0.03500000 0.00600000
v -0.04100000 -0.03300000 0.00000000
v -0.04100000 -0.03300000 0.00600000
v -0.04100000 -0.03100000 0.00000000
v -0.04100000 -0.03100000 0.00600000
v -0.04100000 -0.02900000 0.00000000
v -0.04100000 -0.02900000 0.00600000
v -0.04100000 -0.02700000 0.00000000
v -0.04100000 -0.02700000 0.00600000
v -0.04100000 -0.02500000 0.00000000
v -0.04100000 -0.02500000 0.00600000
v -0.04100000 -0.02300000 0.00000000
v -0.04100000 -0.02300000 0.00600000
v -0.04100000 -0.02100000 0.00000000
v -0.04100000 -0.02100000 0.00600000
v -0.04100000 -0.01900000 0.00000000
v -0.04100000 -0.01900000 0.00600000
v -0.04100000 -0.01700000 0.00000000
v -0.04100000 -0.01700000 0.00600000
v -0.04100000 -0.01500000 0.00000000
v -0.04100000 -0.01500000 0.00600000
v -0.04100000 -0.01300000 0.00000000
v -0.04100000 -0.01300000 0.00600000
v -0.04100000 -0.01100000 0.00000000
v -0.04100000 -0.01100000 0.00600000
v -0.04100000 -0.00900000 0.00000000
v -0.04100000 -0.00900000 0.00600000
v -0.04100000 -0.00700000 0.00000000
v -0.04100000 -0.00700000 0.00600000
v -0.04100000 -0.00500000 0.00000000
v -0.04100000 -0.00500000 0.00600000
v -0.04100000 -0.00300000 0.00000000
v -0.04100000 -0.00300000 0.00600000
v -0.04100000 -0.00100000 0.00000000
v -0.04100000 -0.00100000 0.00600000
v -0.04100000 0.00100000 0.00000000
v -0.04100000 0.00100000 0.00600000
v -0.04100000 0.00300000 0.00000000
v -0.04100000 0.00300000 0.00600000
v -0.04100000 0.00500000 0.00000000
v -0.04100000 0.00500000 0.00600000
v -0.04100000 0.00700000 0.00000000
v -0.04100000 0.00700000 0.00600000
v -0.04100000 0.00900000 0.00000000
v -0.04100000 0.00900000 0.00600000
v -0.04100000 0.01100000 0.00000000
v -0.04100000 0.01100000 0.00600000
v -0.04100000 0.01300000 0.00000000
v -0.04100000 0.01300000 0.00600000
v -0.04100000 0.01500000 0.00000000
v -0.04100000 0.01500000 0.00600000
v -0.04100000 0.01700000 0.00000000
v -0.04100000 0.01700000 0.00600000
v -0.04100000 0.01900000 0.00000000
v -0.04100000 0.01900000 0.00600000
v -0.04100000 0.02100000 0.00000000
v -0.04100000 0.02100000 0.00600000
v -0.04100000 0.02300000 0.00000000
v -0.04100000 0.02300000 0.00600000
v -0.04100000 0.02500000 0.00000000
v -0.04100000 0.02500000 0.00600000
v -0.04100000 0.02700000 0.00000000
v -0.04100000 0.02700000 0.00600000
v -0.04100000 0.02900000 0.00000000
v -0.04100000 0.02900000 0.00600000
v -0.04100000 0.03100000 0.00000000
v -0.04100000 0.03100000 0.00600000
v -0.04100000 0.03300000 0.00000000
v -0.04100000 0.03300000 0.00600000
v -0.04100000 0.03500000 0.00000000
v -0.04100000 0.03500000 0.00600000
v -0.04100000 0.03700000 0.00000000
v -0.04100000 0.03700000 0.00600000
v -0.04100000 0.03900000 0.00000000
v -0.04100000 0.03900000 0.00600000
v -0.04100000 0.04100000 0.00000000
v -0.04100000 0.04100000 0.00600000
v -0.04100000 0.04300000 0.00000000
v -0.04100000 0.04300000 0.00600000
v -0.04100000 0.04500000 0.00000000
v -0.04100000 0.04500000 0.00600000
v -0.04100000 0.04700000 0.00000000
v -0.04100000 0.04700000 0.00600000
v -0.04100000 0.04900000 0.00000000
v -0.04100000 0.04900000 0.00600000
v -0.04100000 0.05100000 0.00000000
v -0.04100000 0.05100000 0.00600000
v -0.04100000 0.05300000 0.00000000
v -0.04100000 0.05100000 0.00850000
v -0.04100000 0.05300000 0.00850000
v -0.04100000 0.05500000 0.00000000
v -0.04100000 0.05500000 0.00850000
v -0.04100000 0.05700000 0.00200000
v -0.04100000 0.05700000 0.00000000
v -0.04100000 0.05700000 0.00400000
v -0.04100000 0.05700000 0.00600000
v -0.04100000 0.05700000 0.00850000
v -0.03900000 -0.05700000 0.00200000
v -0.03900000 -0.05700000 0.00000000
v -0.03900000 -0.05500000 0.00000000
v -0.03900000 -0.05700000 0.00400000
v -0.03900000 -0.05700000 0.00600000
v -0.03900000 -0.05700000 0.00850000
v -0.03900000 -0.05500000 0.00850000
v -0.03900000 -0.05300000 0.00000000
v -0.03900000 -0.05300000 0.00850000
v -0.03900000 -0.05100000 0.00000000
v -0.03900000 -0.05100000 0.00850000
v -0.03900000 -0.05100000 0.00600000
v -0.03900000 -0.04900000 0.00000000
v -0.03900000 -0.04900000 0.00600000
v -0.03900000 -0.04700000 0.00000000
v -0.03900000 -0.04700000 0.00600000
v -0.03900000 -0.04500000 0.00000000
v -0.03900000 -0.04500000 0.00600000
v -0.03900000 -0.04300000 0.00000000
v -0.03900000 -0.04300000 0.00600000
v -0.03900000 -0.04100000 0.00000000
v -0.03900000 -0.04100000 0.00600000
v -0.03900000 -0.03900000 0.00000000
v -0.03900000 -0.03900000 0.00600000
v -0.03900000 -0.03700000 0.00000000
v -0.03900000 -0.03700000 0.00600000
v -0.03900000 -0.03500000 0.00000000
v -0.03900000 -0.03500000 0.00600000
v -0.03900000 -0.03300000 0.00000000
v -0.03900000 -0.03300000 0.00600000
v -0.03900000 -0.03100000 0.00000000
v -0.03900000 -0.03100000 0.00600000
v -0.03900000 -0.02900000 0.00000000
v -0.03900000 -0.02900000 0.00600000
v -0.03900000 -0.02700000 0.00000000
v -0.03900000 -0.02700000 0.00600000
v -0.03900000 -0.02500000 0.00000000
v -0.03900000 -0.02500000 0.00600000
v -0.03900000 -0.02300000 0.00000000
v -0.03900000 -0.02300000 0.00600000
v -0.03900000 -0.02100000 0.00000000
v -0.03900000 -0.02100000 0.00600000
v -0.03900000 -0.01900000 0.00000000
v -0.03900000 -0.01900000 0.00600000
v -0.03900000 -0.01700000 0.00000000
v -0.03900000 -0.01700000 0.00600000
v -0.03900000 -0.01500000 0.00000000
v -0.03900000 -0.01500000 0.00600000
v -0.03900000 -0.01300000 0.00000000
v -0.03900000 -0.01300000 0.00600000
v -0.03900000 -0.01100000 0.00000000
v -0.03900000 -0.01100000 0.00600000
v -0.03900000 -0.00900000 0.00000000
v -0.03900000 -0.00900000 0.00600000
v -0.03900000 -0.00700000 0.00000000
v -0.03900000 -0.00700000 0.00600000
v -0.03900000 -0.00500000 0.00000000
v -0.03900000 -0.00500000 0.00600000
v -0.03900000 -0.00300000 0.00000000
v -0.03900000 -0.00300000 0.00600000
v -0.03900000 -0.00100000 0.00000000
v -0.03900000 -0.00100000 0.00600000
v -0.03900000 0.00100000 0.00000000
v -0.03900000 0.00100000 0.00600000
v -0.03900000 0.00300000 0.00000000
v -0.03900000 0.00300000 0.00600000
v -0.03900000 0.00500000 0.00000000
v -0.03900000 0.00500000 0.00600000
v -0.03900000 0.00700000 0.00000000
v -0.03900000 0.00700000 0.00600000
v -0.03900000 0.00900000 0.00000000
v -0.03900000 0.00900000 0.00600000
v -0.03900000 0.01100000 0.00000000
v -0.03900000 0.01100000 0.00600000
v -0.03900000 0.01300000 0.00000000
v -0.03900000 0.01300000 0.00600000
v -0.03900000 0.01500000 0.00000000
v -0.03900000 0.01500000 0.00600000
v -0.03900000 0.01700000 0.00000000
v -0.03900000 0.01700000 0.00600000
v -0.03900000 0.01900000 0.00000000
v -0.03900000 0.01900000 0.00600000
v -0.03900000 0.02100000 0.00000000
v -0.03900000 0.02100000 0.00600000
v -0.03900000 0.02300000 0.00000000
v -0.03900000 0.02300000 0.00600000
v -0.03900000 0.02500000 0.00000000
v -0.03900000 0.02500000 0.00600000
v -0.03900000 0.02700000 0.00000000
v -0.03900000 0.02700000 0.00600000
v -0.03900000 0.02900000 0.00000000
v -0.03900000 0.02900000 0.00600000
v -0.03900000 0.03100000 0.00000000
v -0.03900000 0.03100000 0.00600000
v -0.03900000 0.03300000 0.00000000
v -0.03900000 0.03300000 0.00600000
v -0.03900000 0.03500000 0.00000000
v -0.03900000 0.03500000 0.00600000
v -0.03900000 0.03700000 0.00000000
v -0.03900000 0.03700000 0.00600000
v -0.03900000 0.03900000 0.00000000
v -0.03900000 0.03900000 0.00600000
v -0.03900000 0.04100000 0.00000000
v -0.03900000 0.04100000 0.00600000
v -0.03900000 0.04300000 0.00000000
v -0.03900000 0.04300000 0.00600000
v -0.03900000 0.04500000 0.00000000
v -0.03900000 0.04500000 0.00600000
v -0.03900000 0.04700000 0.00000000
v -0.03900000 0.04700000 0.00600000
v -0.03900000 0.04900000 0.00000000
v -0.03900000 0.04900000 0.00600000
v -0.03900000 0.05100000 0.00000000
v -0.03900000 0.05100000 0.00600000
v -0.03900000 0.05300000 0.00000000
v -0.03900000 0.05100000 0.00850000
v -0.03900000 0.05300000 0.00850000
v -0.03900000 0.05500000 0.00000000
v -0.03900000 0.05500000 0.00850000
v -0.03900000 0.05700000 0.00200000
v -0.03900000 0.05700000 0.00000000
v -0.03900000 0.05700000 0.00400000
v -0.03900000 0.05700000 0.00600000
v -0.03900000 0.05700000 0.00850000
v -0.03700000 -0.05700000 0.00200000
v -0.03700000 -0.05700000 0.00000000
v -0.03700000 -0.05500000 0.00000000
v -0.03700000 -0.05700000 0.00400000
v -0.03700000 -0.05700000 0.00600000
v -0.03700000 -0.05700000 0.00850000
v -0.03700000 -0.05500000 0.00850000
v -0.03700000 -0.05300000 0.00000000
v -0.03700000 -0.05300000 0.00850000
v -0.03700000 -0.05100000 0.00000000
v -0.03700000 -0.05100000 0.00850000
v -0.03700000 -0.05100000 0.00600000
v -0.03700000 -0.04900000 0.00000000
v -0.03700000 -0.04900000 0.00600000
v -0.03700000 -0.04700000 0.00000000
v -0.03700000 -0.04700000 0.00600000
v -0.03700000 -0.04500000 0.00000000
v -0.03700000 -0.04500000 0.00600000
v -0.03700000 -0.04300000 0.00000000
v -0.03700000 -0.04300000 0.00600000
v -0.03700000 -0.04100000 0.00000000
v -0.03700000 -0.04100000 0.00600000
v -0.03700000 -0.03900000 0.00000000
v -0.03700000 -0.03900000 0.00600000
v -0.03700000 -0.03700000 0.00000000
v -0.03700000 -0.03700000 0.00600000
v -0.03700000 -0.03500000 0.00000000
v -0.03700000 -0.03500000 0.00600000
v -0.03700000 -0.03300000 0.00000000
v -0.03700000 -0.03300000 0.00600000
v -0.03700000 -0.03100000 0.00000000
v -0.03700000 -0.03100000 0.00600000
v -0.03700000 -0.02900000 0.00000000
v -0.03700000 -0.02900000 0.00600000
v -0.03700000 -0.02700000 0.00000000
v -0.03700000 -0.02700000 0.00600000
v -0.03700000 -0.02500000 0.00000000
v -0.03700000 -0.02500000 0.00600000
v -0.03700000 -0.02300000 0.00000000
v -0.03700000 -0.02300000 0.00600000
v -0.03700000 -0.02100000 0.00000000
v -0.03700000 -0.02100000 0.00600000
v -0.03700000 -0.01900000 0.00000000
v -0.03700000 -0.01900000 0.00600000
v -0.03700000 -0.01700000 0.00000000
v -0.03700000 -0.01700000 0.00600000
v -0.03700000 -0.01500000 0.00000000
v -0.03700000 -0.01500000 0.00600000
v -0.03700000 -0.01300000 0.00000000
v -0.03700000 -0.01300000 0.00600000
v -0.03700000 -0.01100000 0.00000000
v -0.03700000 -0.01100000 0.00600000
v -0.03700000 -0.00900000 0.00000000
v -0.03700000 -0.00900000 0.00600000
v -0.03700000 -0.00700000 0.00000000
v -0.03700000 -0.00700000 0.00600000
v -0.03700000 -0.00500000 0.00000000
v -0.03700000 -0.00500000 0.00600000
v -0.03700000 -0.00300000 0.00000000
v -0.03700000 -0.00300000 0.00600000
v -0.03700000 -0.00100000 0.00000000
v -0.03700000 -0.00100000 0.00600000
v -0.03700000 0.00100000 0.00000000
v -0.03700000 0.00100000 0.00600000
v -0.03700000 0.00300000 0.00000000
v -0.03700000 0.00300000 0.00600000
v -0.03700000 0.00500000 0.00000000
v -0.03700000 0.00500000 0.00600000
v -0.03700000 0.00700000 0.00000000
v -0.03700000 0.00700000 0.00600000
v -0.03700000 0.00900000 0.00000000
v -0.03700000 0.00900000 0.00600000
v -0.03700000 0.01100000 0.00000000
v -0.03700000 0.01100000 0.00600000
v -0.03700000 0.01300000 0.00000000
v -0.03700000 0.01300000 0.00600000
v -0.03700000 0.01500000 0.00000000
v -0.03700000 0.01500000 0.00600000
v -0.03700000 0.01700000 0.00000000
v -0.03700000 0.01700000 0.00600000
v -0.03700000 0.01900000 0.00000000
v -0.03700000 0.01900000 0.00600000
v -0.03700000 0.02100000 0.00000000
v -0.03700000 0.02100000 0.00600000
v -0.03700000 0.02300000 0.00000000
v -0.03700000 0.02300000 0.00600000
v -0.03700000 0.02500000 0.00000000
v -0.03700000 0.02500000 0.00600000
v -0.03700000 0.02700000 0.00000000
v -0.03700000 0.02700000 0.00600000
v -0.03700000 0.02900000 0.00000000
v -0.03700000 0.02900000 0.00600000
v -0.03700000 0.03100000 0.00000000
v -0.03700000 0.03100000 0.00600000
v -0.03700000 0.03300000 0.00000000
v -0.03700000 0.03300000 0.00600000
v -0.03700000 0.03500000 0.00000000
v -0.03700000 0.03500000 0.00600000
v -0.03700000 0.03700000 0.00000000
v -0.03700000 0.03700000 0.00600000
v -0.03700000 0.03900000 0.00000000
v -0.03700000 0.03900000 0.00600000
v -0.03700000 0.04100000 0.00000000
v -0.03700000 0.04100000 0.00600000
v -0.03700000 0.04300000 0.00000000
v -0.03700000 0.04300000 0.00600000
v -0.03700000 0.04500000 0.00000000
v -0.03700000 0.04500000 0.00600000
v -0.03700000 0.04700000 0.00000000
v -0.03700000 0.04700000 0.00600000
v -0.03700000 0.04900000 0.00000000
v -0.03700000 0.04900000 0.00600000
v -0.03700000 0.05100000 0.00000000
v -0.03700000 0.05100000 0.00600000
v -0.03700000 0.05300000 0.00000000
v -0.03700000 0.05100000 0.00850000
v -0.03700000 0.05300000 0.00850000
v -0.03700000 0.05500000 0.00000000
v -0.03700000 0.05500000 0.00850000
v -0.03700000 0.05700000 0.00200000
v -0.03700000 0.05700000 0.00000000
v -0.03700000 0.05700000 0.00400000
v -0.03700000 0.05700000 0.00600000
v -0.03700000 0.05700000 0.00850000
v -0.03500000 -0.05700000 0.00200000
v -0.03500000 -0.05700000 0.00000000
v -0.03500000 -0.05500000 0.00000000
v -0.03500000 -0.05700000 0.00400000
v -0.03500000 -0.05700000 0.00600000
v -0.03500000 -0.05700000 0.00850000
v -0.03500000 -0.05500000 0.00850000
v -0.03500000 -0.05300000 0.00000000
v -0.03500000 -0.05300000 0.00850000
v -0.03500000 -0.05100000 0.00000000
v -0.03500000 -0.05100000 0.00850000
v -0.03500000 -0.05100000 0.00600000
v -0.03500000 -0.04900000 0.00000000
v -0.03500000 -0.04900000 0.00600000
v -0.03500000 -0.04700000 0.00000000
v -0.03500000 -0.04700000 0.00600000
v -0.03500000 -0.04500000 0.00000000
v -0.03500000 -0.04500000 0.00600000
v -0.03500000 -0.04300000 0.00000000
v -0.03500000 -0.04300000 0.00600000
v -0.03500000 -0.04100000 0.00000000
v -0.03500000 -0.04100000 0.00600000
v -0.03500000 -0.03900000 0.00000000
v -0.03500000 -0.03900000 0.00600000
v -0.03500000 -0.03700000 0.00000000
v -0.03500000 -0.03700000 0.00600000
v -0.03500000 -0.03500000 0.00000000
v -0.03500000 -0.03500000 0.00600000
v -0.03500000 -0.03300000 0.00000000
v -0.03500000 -0.03300000 0.00600000
v -0.03500000 -0.03100000 0.00000000
v -0.03500000 -0.03100000 0.00600000
v -0.03500000 -0.02900000 0.00000000
v -0.03500000 -0.02900000 0.00600000
v -0.03500000 -0.02700000 0.00000000
v -0.03500000 -0.02700000 0.00600000
v -0.03500000 -0.02500000 0.00000000
v -0.03500000 -0.02500000 0.00600000
v -0.03500000 -0.02300000 0.00000000
v -0.03500000 -0.02300000 0.00600000
v -0.03500000 -0.02100000 0.00000000
v -0.03500000 -0.02100000 0.00600000
v -0.03500000 -0.01900000 0.00000000
v -0.03500000 -0.01900000 0.00600000
v -0.03500000 -0.01700000 0.00000000
v -0.03500000 -0.01700000 0.00600000
v -0.03500000 -0.01500000 0.00000000
v -0.03500000 -0.01500000 0.00600000
v -0.03500000 -0.01300000 0.00000000
v -0.03500000 -0.01300000 0.00600000
v -0.03500000 -0.01100000 0.00000000
v -0.03500000 -0.01100000 0.00600000
v -0.03500000 -0.00900000 0.00000000
v -0.03500000 -0.00900000 0.00600000
v -0.03500000 -0.00700000 0.00000000
v -0.03500000 -0.00700000 0.00600000
v -0.03500000 -0.00500000 0.00000000
v -0.03500000 -0.00500000 0.00600000
v -0.03500000 -0.00300000 0.00000000
v -0.03500000 -0.00300000 0.00600000
v -0.03500000 -0.00100000 0.00000000
v -0.03500000 -0.00100000 0.00600000
v -0.03500000 0.00100000 0.00000000
v -0.03500000 0.00100000 0.00600000
v -0.03500000 0.00300000 0.00000000
v -0.03500000 0.00300000 0.00600000
v -0.03500000 0.00500000 0.00000000
v -0.03500000 0.00500000 0.00600000
v -0.03500000 0.00700000 0.00000000
v -0.03500000 0.00700000 0.00600000
v -0.03500000 0.00900000 0.00000000
v -0.03500000 0.00900000 0.00600000
v -0.03500000 0.01100000 0.00000000
v -0.03500000 0.01100000 0.00600000
v -0.03500000 0.01300000 0.00000000
v -0.03500000 0.01300000 0.00600000
v -0.03500000 0.01500000 0.00000000
v -0.03500000 0.01500000 0.00600000
v -0.03500000 0.01700000 0.00000000
v -0.03500000 0.01700000 0.00600000
v -0.03500000 0.01900000 0.00000000
v -0.03500000 0.01900000 0.00600000
v -0.03500000 0.02100000 0.00000000
v -0.03500000 0.02100000 0.00600000
v -0.03500000 0.02300000 0.00000000
v -0.03500000 0.02300000 0.00600000
v -0.03500000 0.02500000 0.00000000
v -0.03500000 0.02500000 0.00600000
v -0.03500000 0.02700000 0.00000000
v -0.03500000 0.02700000 0.00600000
v -0.03500000 0.02900000 0.00000000
v -0.03500000 0.02900000 0.00600000
v -0.03500000 0.03100000 0.00000000
v -0.03500000 0.03100000 0.00600000
v -0.03500000 0.03300000 0.00000000
v -0.03500000 0.03300000 0.00600000
v -0.03500000 0.03500000 0.00000000
v -0.03500000 0.03500000 0.00600000
v -0.03500000 0.03700000 0.00000000
v -0.03500000 0.03700000 0.00600000
v -0.03500000 0.03900000 0.00000000
v -0.03500000 0.03900000 0.00600000
v -0.03500000 0.04100000 0.00000000
v -0.03500000 0.04100000 0.00600000
v -0.03500000 0.04300000 0.00000000
v -0.03500000 0.04300000 0.00600000
v -0.03500000 0.04500000 0.00000000
v -0.03500000 0.04500000 0.00600000
v -0.03500000 0.04700000 0.00000000
v -0.03500000 0.04700000 0.00600000
v -0.03500000 0.04900000 0.00000000
v -0.03500000 0.04900000 0.00600000
v -0.03500000 0.05100000 0.00000000
v -0.03500000 0.05100000 0.00600000
v -0.03500000 0.05300000 0.00000000
v -0.03500000 0.05100000 0.00850000
v -0.03500000 0.05300000 0.00850000
v -0.03500000 0.05500000 0.00000000
v -0.03500000 0.05500000 0.00850000
v -0.03500000 0.05700000 0.00200000
v -0.03500000 0.05700000 0.00000000
v -0.03500000 0.05700000 0.00400000
v -0.03500000 0.05700000 0.00600000
v -0.03500000 0.05700000 0.00850000
v -0.03300000 -0.05700000 0.00200000
v -0.03300000 -0.05700000 0.00000000
v -0.03300000 -0.05500000 0.00000000
v -0.03300000 -0.05700000 0.00400000
v -0.03300000 -0.05700000 0.00600000
v -0.03300000 -0.05700000 0.00850000
v -0.03300000 -0.05500000 0.00850000
v -0.03300000 -0.05300000 0.00000000
v -0.03300000 -0.05300000 0.00850000
v -0.03300000 -0.05100000 0.00000000
v -0.03300000 -0.05100000 0.00850000
v -0.03300000 -0.05100000 0.00600000
v -0.03300000 -0.04900000 0.00000000
v -0.03300000 -0.04900000 0.00600000
v -0.03300000 -0.04700000 0.00000000
v -0.03300000 -0.04700000 0.00600000
v -0.03300000 -0.04500000 0.00000000
v -0.03300000 -0.04500000 0.00600000
v -0.03300000 -0.04300000 0.00000000
v -0.03300000 -0.04300000 0.00600000
v -0.03300000 -0.04100000 0.00000000
v -0.03300000 -0.04100000 0.00600000
v -0.03300000 -0.03900000 0.00000000
v -0.03300000 -0.03900000 0.00600000
v -0.03300000 -0.03700000 0.00000000
v -0.03300000 -0.03700000 0.00600000
v -0.03300000 -0.03500000 0.00000000
v -0.03300000 -0.03500000 0.00600000
v -0.03300000 -0.03300000 0.00000000
v -0.03300000 -0.03300000 0.00600000
v -0.03300000 -0.03100000 0.00000000
v -0.03300000 -0.03100000 0.00600000
v -0.03300000 -0.02900000 0.00000000
v -0.03300000 -0.02900000 0.00600000
v -0.03300000 -0.02700000 0.00000000
v -0.03300000 -0.02700000 0.00600000
v -0.03300000 -0.02500000 0.00000000
v -0.03300000 -0.02500000 0.00600000
v -0.03300000 -0.02300000 0.00000000
v -0.03300000 -0.02300000 0.00600000
v -0.03300000 -0.02100000 0.00000000
v -0.03300000 -0.02100000 0.00600000
v -0.03300000 -0.01900000 0.00000000
v -0.03300000 -0.01900000 0.00600000
v -0.03300000 -0.01700000 0.00000000
v -0.03300000 -0.01700000 0.00600000
v -0.03300000 -0.01500000 0.00000000
v -0.03300000 -0.01500000 0.00600000
v -0.03300000 -0.01300000 0.00000000
v -0.03300000 -0.01300000 0.00600000
v -0.03300000 -0.01100000 0.00000000
v -0.03300000 -0.01100000 0.00600000
v -0.03300000 -0.00900000 0.00000000
v -0.03300000 -0.00900000 0.00600000
v -0.03300000 -0.00700000 0.00000000
v -0.03300000 -0.00700000 0.00600000
v -0.03300000 -0.00500000 0.00000000
v -0.03300000 -0.00500000 0.00600000
v -0.03300000 -0.00300000 0.00000000
v -0.03300000 -0.00300000 0.00600000
v -0.03300000 -0.00100000 0.00000000
v -0.03300000 -0.00100000 0.00600000
v -0.03300000 0.00100000 0.00000000
v -0.03300000 0.00100000 0.00600000
v -0.03300000 0.00300000 0.00000000
v -0.03300000 0.00300000 0.00600000
v -0.03300000 0.00500000 0.00000000
v -0.03300000 0.00500000 0.00600000
v -0.03300000 0.00700000 0.00000000
v -0.03300000 0.00700000 0.00600000
v -0.03300000 0.00900000 0.00000000
v -0.03300000 0.00900000 0.00600000
v -0.03300000 0.01100000 0.00000000
v -0.03300000 0.01100000 0.00600000
v -0.03300000 0.01300000 0.00000000
v -0.03300000 0.01300000 0.00600000
v -0.03300000 0.01500000 0.00000000
v -0.03300000 0.01500000 0.00600000
v -0.03300000 0.01700000 0.00000000
v -0.03300000 0.01700000 0.00600000
v -0.03300000 0.01900000 0.00000000
v -0.03300000 0.01900000 0.00600000
v -0.03300000 0.02100000 0.00000000
v -0.03300000 0.02100000 0.00600000
v -0.03300000 0.02300000 0.00000000
v -0.03300000 0.02300000 0.00600000
v -0.03300000 0.02500000 0.00000000
v -0.03300000 0.02500000 0.00600000
v -0.03300000 0.02700000 0.00000000
v -0.03300000 0.02700000 0.00600000
v -0.03300000 0.02900000 0.00000000
v -0.03300000 0.02900000 0.00600000
v -0.03300000 0.03100000 0.00000000
v -0.03300000 0.03100000 0.00600000
v -0.03300000 0.03300000 0.00000000
v -0.03300000 0.03300000 0.00600000
v -0.03300000 0.03500000 0.00000000
v -0.03300000 0.03500000 0.00600000
v -0.03300000 0.03700000 0.00000000
v -0.03300000 0.03700000 0.00600000
v -0.03300000 0.03900000 0.00000000
v -0.03300000 0.03900000 0.00600000
v -0.03300000 0.04100000 0.00000000
v -0.03300000 0.04100000 0.00600000
v -0.03300000 0.04300000 0.00000000
v -0.03300000 0.04300000 0.00600000
v -0.03300000 0.04500000 0.00000000
v -0.03300000 0.04500000 0.00600000
v -0.03300000 0.04700000 0.00000000
v -0.03300000 0.04700000 0.00600000
v -0.03300000 0.04900000 0.00000000
v -0.03300000 0.04900000 0.00600000
v -0.03300000 0.05100000 0.00000000
v -0.03300000 0.05100000 0.00600000
v -0.03300000 0.05300000 0.00000000
v -0.03300000 0.05100000 0.00850000
v -0.03300000 0.05300000 0.00850000
v -0.03300000 0.05500000 0.00000000
v -0.03300000 0.05500000 0.00850000
v -0.03300000 0.05700000 0.00200000
v -0.03300000 0.05700000 0.00000000
v -0.03300000 0.05700000 0.00400000
v -0.03300000 0.05700000 0.00600000
v -0.03300000 0.05700000 0.00850000
v -0.03100000 -0.05700000 0.00200000
v -0.03100000 -0.05700000 0.00000000
v -0.03100000 -0.05500000 0.00000000
v -0.03100000 -0.05700000 0.00400000
v -0.03100000 -0.05700000 0.00600000
v -0.03100000 -0.05700000 0.00850000
v -0.03100000 -0.05500000 0.00850000
v -0.03100000 -0.05300000 0.00000000
v -0.03100000 -0.05300000 0.00850000
v -0.03100000 -0.05100000 0.00000000
v -0.03100000 -0.05100000 0.00850000
v -0.03100000 -0.05100000 0.00600000
v -0.03100000 -0.04900000 0.00000000
v -0.03100000 -0.04900000 0.00600000
v -0.03100000 -0.04700000 0.00000000
v -0.03100000 -0.04700000 0.00600000
v -0.03100000 -0.04500000 0.00000000
v -0.03100000 -0.04500000 0.00600000
v -0.03100000 -0.04300000 0.00000000
v -0.03100000 -0.04300000 0.00600000
v -0.03100000 -0.04100000 0.00000000
v -0.03100000 -0.04100000 0.00600000
v -0.03100000 -0.03900000 0.00000000
v -0.03100000 -0.03900000 0.00600000
v -0.03100000 -0.03700000 0.00000000
v -0.03100000 -0.03700000 0.00600000
v -0.03100000 -0.03500000 0.00000000
v -0.03100000 -0.03500000 0.00600000
v -0.03100000 -0.03300000 0.00000000
v -0.03100000 -0.03300000 0.00600000
v -0.03100000 -0.03100000 0.00000000
v -0.03100000 -0.03100000 0.00600000
v -0.03100000 -0.02900000 0.00000000
v -0.03100000 -0.02900000 0.00600000
v -0.03100000 -0.02700000 0.00000000
v -0.03100000 -0.02700000 0.00600000
v -0.03100000 -0.02500000 0.00000000
v -0.03100000 -0.02500000 0.00600000
v -0.03100000 -0.02300000 0.00000000
v -0.03100000 -0.02300000 0.00600000
v -0.03100000 -0.02100000 0.00000000
v -0.03100000 -0.02100000 0.00600000
v -0.03100000 -0.01900000 0.00000000
v -0.03100000 -0.01900000 0.00600000
v -0.03100000 -0.01700000 0.00000000
v -0.03100000 -0.01700000 0.00600000
v -0.03100000 -0.01500000 0.00000000
v -0.03100000 -0.01500000 0.00600000
v -0.03100000 -0.01300000 0.00000000
v -0.03100000 -0.01300000 0.00600000
v -0.03100000 -0.01100000 0.00000000
v -0.03100000 -0.01100000 0.00600000
v -0.03100000 -0.00900000 0.00000000
v -0.03100000 -0.00900000 0.00600000
v -0.03100000 -0.00700000 0.00000000
v -0.03100000 -0.00700000 0.00600000
v -0.03100000 -0.00500000 0.00000000
v -0.03100000 -0.00500000 0.00600000
v -0.03100000 -0.00300000 0.00000000
v -0.03100000 -0.00300000 0.00600000
v -0.03100000 -0.00100000 0.00000000
v -0.03100000 -0.00100000 0.00600000
v -0.03100000 0.00100000 0.00000000
v -0.03100000 0.00100000 0.00600000
v -0.03100000 0.00300000 0.00000000
v -0.03100000 0.00300000 0.00600000
v -0.03100000 0.00500000 0.00000000
v -0.03100000 0.00500000 0.00600000
v -0.03100000 0.00700000 0.00000000
v -0.03100000 0.00700000 0.00600000
v -0.03100000 0.00900000 0.00000000
v -0.03100000 0.00900000 0.00600000
v -0.03100000 0.01100000 0.00000000
v -0.03100000 0.01100000 0.00600000
v -0.03100000 0.01300000 0.00000000
v -0.03100000 0.01300000 0.00600000
v -0.03100000 0.01500000 0.00000000
v -0.03100000 0.01500000 0.00600000
v -0.03100000 0.01700000 0.00000000
v -0.03100000 0.01700000 0.00600000
v -0.03100000 0.01900000 0.00000000
v -0.03100000 0.01900000 0.00600000
v -0.03100000 0.02100000 0.00000000
v -0.03100000 0.02100000 0.00600000
v -0.03100000 0.02300000 0.00000000
v -0.03100000 0.02300000 0.00600000
v -0.03100000 0.02500000 0.00000000
v -0.03100000 0.02500000 0.00600000
v -0.03100000 0.02700000 0.00000000
v -0.03100000 0.02700000 0.00600000
v -0.03100000 0.02900000 0.00000000
v -0.03100000 0.02900000 0.00600000
v -0.03100000 0.03100000 0.00000000
v -0.03100000 0.03100000 0.00600000
v -0.03100000 0.03300000 0.00000000
v -0.03100000 0.03300000 0.00600000
v -0.03100000 0.03500000 0.00000000
v -0.03100000 0.03500000 0.00600000
v -0.03100000 0.03700000 0.00000000
v -0.03100000 0.03700000 0.00600000
v -0.03100000 0.03900000 0.00000000
v -0.03100000 0.03900000 0.00600000
v -0.03100000 0.04100000 0.00000000
v -0.03100000 0.04100000 0.00600000
v -0.03100000 0.04300000 0.00000000
v -0.03100000 0.04300000 0.00600000
v -0.03100000 0.04500000 0.00000000
v -0.03100000 0.04500000 0.00600000
v -0.03100000 0.04700000 0.00000000
v -0.03100000 0.04700000 0.00600000
v -0.03100000 0.04900000 0.00000000
v -0.03100000 0.04900000 0.00600000
v -0.03100000 0.05100000 0.00000000
v -0.03100000 0.05100000 0.00600000
v -0.03100000 0.05300000 0.00000000
v -0.03100000 0.05100000 0.00850000
v -0.03100000 0.05300000 0.00850000
v -0.03100000 0.05500000 0.00000000
v -0.03100000 0.05500000 0.00850000
v -0.03100000 0.05700000 0.00200000
v -0.03100000 0.05700000 0.00000000
v -0.03100000 0.05700000 0.00400000
v -0.03100000 0.05700000 0.00600000
v -0.03100000 0.05700000 0.00850000
v -0.02900000 -0.05700000 0.00200000
v -0.02900000 -0.05700000 0.00000000
v -0.02900000 -0.05500000 0.00000000
v -0.02900000 -0.05700000 0.00400000
v -0.02900000 -0.05700000 0.00600000
v -0.02900000 -0.05700000 0.00850000
v -0.02900000 -0.05500000 0.00850000
v -0.02900000 -0.05300000 0.00000000
v -0.02900000 -0.05300000 0.00850000
v -0.02900000 -0.05100000 0.00000000
v -0.02900000 -0.05100000 0.00850000
v -0.02900000 -0.05100000 0.00600000
v -0.02900000 -0.04900000 0.00000000
v -0.02900000 -0.04900000 0.00600000
v -0.02900000 -0.04700000 0.00000000
v -0.02900000 -0.04700000 0.00600000
v -0.02900000 -0.04500000 0.00000000
v -0.02900000 -0.04500000 0.00600000
v -0.02900000 -0.04300000 0.00000000
v -0.02900000 -0.04300000 0.00600000
v -0.02900000 -0.04100000 0.00000000
v -0.02900000 -0.04100000 0.00600000
v -0.02900000 -0.03900000 0.00000000
v -0.02900000 -0.03900000 0.00600000
v -0.02900000 -0.03700000 0.00000000
v -0.02900000 -0.03700000 0.00600000
v -0.02900000 -0.03500000 0.00000000
v -0.02900000 -0.03500000 0.00600000
v -0.02900000 -0.03300000 0.00000000
v -0.02900000 -0.03300000 0.00600000
v -0.02900000 -0.03100000 0.00000000
v -0.02900000 -0.03100000 0.00600000
v -0.02900000 -0.02900000 0.00000000
v -0.02900000 -0.02900000 0.00600000
v -0.02900000 -0.02700000 0.00000000
v -0.02900000 -0.02700000 0.00600000
v -0.02900000 -0.02500000 0.00000000
v -0.02900000 -0.02500000 0.00600000
v -0.02900000 -0.02300000 0.00000000
v -0.02900000 -0.02300000 0.00600000
v -0.02900000 -0.02100000 0.00000000
v -0.02900000 -0.02100000 0.00600000
v -0.02900000 -0.01900000 0.00000000
v -0.02900000 -0.01900000 0.00600000
v -0.02900000 -0.01700000 0.00000000
v -0.02900000 -0.01700000 0.00600000
v -0.02900000 -0.01500000 0.00000000
v -0.02900000 -0.01500000 0.00600000
v -0.02900000 -0.01300000 0.00000000
v -0.02900000 -0.01300000 0.00600000
v -0.02900000 -0.01100000 0.00000000
v -0.02900000 -0.01100000 0.00600000
v -0.02900000 -0.00900000 0.00000000
v -0.02900000 -0.00900000 0.00600000
v -0.02900000 -0.00700000 0.00000000
v -0.02900000 -0.00700000 0.00600000
v -0.02900000 -0.00500000 0.00000000
v -0.02900000 -0.00500000 0.00600000
v -0.02900000 -0.00300000 0.00000000
v -0.02900000 -0.00300000 0.00600000
v -0.02900000 -0.00100000 0.00000000
v -0.02900000 -0.00100000 0.00600000
v -0.02900000 0.00100000 0.00000000
v -0.02900000 0.00100000 0.00600000
v -0.02900000 0.00300000 0.00000000
v -0.02900000 0.00300000 0.00600000
v -0.02900000 0.00500000 0.00000000
v -0.02900000 0.00500000 0.00600000
v -0.02900000 0.00700000 0.00000000
v -0.02900000 0.00700000 0.00600000
v -0.02900000 0.00900000 0.00000000
v -0.02900000 0.00900000 0.00600000
v -0.02900000 0.01100000 0.00000000
v -0.02900000 0.01100000 0.00600000
v -0.02900000 0.01300000 0.00000000
v -0.02900000 0.01300000 0.00600000
v -0.02900000 0.01500000 0.00000000
v -0.02900000 0.01500000 0.00600000
v -0.02900000 0.01700000 0.00000000
v -0.02900000 0.01700000 0.00600000
v -0.02900000 0.01900000 0.00000000
v -0.02900000 0.01900000 0.00600000
v -0.02900000 0.02100000 0.00000000
v -0.02900000 0.02100000 0.00600000
v -0.02900000 0.02300000 0.00000000
v -0.02900000 0.02300000 0.00600000
v -0.02900000 0.02500000 0.00000000
v -0.02900000 0.02500000 0.00600000
v -0.02900000 0.02700000 0.00000000
v -0.02900000 0.02700000 0.00600000
v -0.02900000 0.02900000 0.00000000
v -0.02900000 0.02900000 0.00600000
v -0.02900000 0.03100000 0.00000000
v -0.02900000 0.03100000 0.00600000
v -0.02900000 0.03300000 0.00000000
v -0.02900000 0.03300000 0.00600000
v -0.02900000 0.03500000 0.00000000
v -0.02900000 0.03500000 0.00600000
v -0.02900000 0.03700000 0.00000000
v -0.02900000 0.03700000 0.00600000
v -0.02900000 0.03900000 0.00000000
v -0.02900000 0.03900000 0.00600000
v -0.02900000 0.04100000 0.00000000
v -0.02900000 0.04100000 0.00600000
v -0.02900000 0.04300000 0.00000000
v -0.02900000 0.04300000 0.00600000
v -0.02900000 0.04500000 0.00000000
v -0.02900000 0.04500000 0.00600000
v -0.02900000 0.04700000 0.00000000
v -0.02900000 0.04700000 0.00600000
v -0.02900000 0.04900000 0.00000000
v -0.02900000 0.04900000 0.00600000
v -0.02900000 0.05100000 0.00000000
v -0.02900000 0.05100000 0.00600000
v -0.02900000 0.05300000 0.00000000
v -0.02900000 0.05100000 0.00850000
v -0.02900000 0.05300000 0.00850000
v -0.02900000 0.05500000 0.00000000
v -0.02900000 0.05500000 0.00850000
v -0.02900000 0.05700000 0.00200000
v -0.02900000 0.05700000 0.00000000
v -0.02900000 0.05700000 0.00400000
v -0.02900000 0.05700000 0.00600000
v -0.02900000 0.05700000 0.00850000
v -0.02700000 -0.05700000 0.00200000
v -0.02700000 -0.05700000 0.00000000
v -0.02700000 -0.05500000 0.00000000
v -0.02700000 -0.05700000 0.00400000
v -0.02700000 -0.05700000 0.00600000
v -0.02700000 -0.05700000 0.00850000
v -0.02700000 -0.05500000 0.00850000
v -0.02700000 -0.05300000 0.00000000
v -0.02700000 -0.05300000 0.00850000
v -0.02700000 -0.05100000 0.00000000
v -0.02700000 -0.05100000 0.00850000
v -0.02700000 -0.05100000 0.00600000
v -0.02700000 -0.04900000 0.00000000
v -0.02700000 -0.04900000 0.00600000
v -0.02700000 -0.04700000 0.00000000
v -0.02700000 -0.04700000 0.00600000
v -0.02700000 -0.04500000 0.00000000
v -0.02700000 -0.04500000 0.00600000
v -0.02700000 -0.04300000 0.00000000
v -0.02700000 -0.04300000 0.00600000
v -0.02700000 -0.04100000 0.00000000
v -0.02700000 -0.04100000 0.00600000
v -0.02700000 -0.03900000 0.00000000
v -0.02700000 -0.03900000 0.00600000
v -0.02700000 -0.03700000 0.00000000
v -0.02700000 -0.03700000 0.00600000
v -0.02700000 -0.03500000 0.00000000
v -0.02700000 -0.03500000 0.00600000
v -0.02700000 -0.03300000 0.00000000
v -0.02700000 -0.03300000 0.00600000
v -0.02700000 -0.03100000 0.00000000
v -0.02700000 -0.03100000 0.00600000
v -0.02700000 -0.02900000 0.00000000
v -0.02700000 -0.02900000 0.00600000
v -0.02700000 -0.02700000 0.00000000
v -0.02700000 -0.02700000 0.00600000
v -0.02700000 -0.02500000 0.00000000
v -0.02700000 -0.02500000 0.00600000
v -0.02700000 -0.02300000 0.00000000
v -0.02700000 -0.02300000 0.00600000
v -0.02700000 -0.02100000 0.00000000
v -0.02700000 -0.02100000 0.00600000
v -0.02700000 -0.01900000 0.00000000
v -0.02700000 -0.01900000 0.00600000
v -0.02700000 -0.01700000 0.00000000
v -0.02700000 -0.01700000 0.00600000
v -0.02700000 -0.01500000 0.00000000
v -0.02700000 -0.01500000 0.00600000
v -0.02700000 -0.01300000 0.00000000
v -0.02700000 -0.01300000 0.00600000
v -0.02700000 -0.01100000 0.00000000
v -0.02700000 -0.01100000 0.00600000
v -0.02700000 -0.00900000 0.00000000
v -0.02700000 -0.00900000 0.00600000
v -0.02700000 -0.00700000 0.00000000
v -0.02700000 -0.00700000 0.00600000
v -0.02700000 -0.00500000 0.00000000
v -0.02700000 -0.00500000 0.00600000
v -0.02700000 -0.00300000 0.00000000
v -0.02700000 -0.00300000 0.00600000
v -0.02700000 -0.00100000 0.00000000
v -0.02700000 -0.00100000 0.00600000
v -0.02700000 0.00100000 0.00000000
v -0.02700000 0.00100000 0.00600000
v -0.02700000 0.00300000 0.00000000
v -0.02700000 0.00300000 0.00600000
v -0.02700000 0.00500000 0.00000000
v -0.02700000 0.00500000 0.00600000
v -0.02700000 0.00700000 0.00000000
v -0.02700000 0.00700000 0.00600000
v -0.02700000 0.00900000 0.00000000
v -0.02700000 0.00900000 0.00600000
v -0.02700000 0.01100000 0.00000000
v -0.02700000 0.01100000 0.00600000
v -0.02700000 0.01300000 0.00000000
v -0.02700000 0.01300000 0.00600000
v -0.02700000 0.01500000 0.00000000
v -0.02700000 0.01500000 0.00600000
v -0.02700000 0.01700000 0.00000000
v -0.02700000 0.01700000 0.00600000
v -0.02700000 0.01900000 0.00000000
v -0.02700000 0.01900000 0.00600000
v -0.02700000 0.02100000 0.00000000
v -0.02700000 0.02100000 0.00600000
v -0.02700000 0.02300000 0.00000000
v -0.02700000 0.02300000 0.00600000
v -0.02700000 0.02500000 0.00000000
v -0.02700000 0.02500000 0.00600000
v -0.02700000 0.02700000 0.00000000
v -0.02700000 0.02700000 0.00600000
v -0.02700000 0.02900000 0.00000000
v -0.02700000 0.02900000 0.00600000
v -0.02700000 0.03100000 0.00000000
v -0.02700000 0.03100000 0.00600000
v -0.02700000 0.03300000 0.00000000
v -0.02700000 0.03300000 0.00600000
v -0.02700000 0.03500000 0.00000000
v -0.02700000 0.03500000 0.00600000
v -0.02700000 0.03700000 0.00000000
v -0.02700000 0.03700000 0.00600000
v -0.02700000 0.03900000 0.00000000
v -0.02700000 0.03900000 0.00600000
v -0.02700000 0.04100000 0.00000000
v -0.02700000 0.04100000 0.00600000
v -0.02700000 0.04300000 0.00000000
v -0.02700000 0.04300000 0.00600000
v -0.02700000 0.04500000 0.00000000
v -0.02700000 0.04500000 0.00600000
v -0.02700000 0.04700000 0.00000000
v -0.02700000 0.04700000 0.00600000
v -0.02700000 0.04900000 0.00000000
v -0.02700000 0.04900000 0.00600000
v -0.02700000 0.05100000 0.00000000
v -0.02700000 0.05100000 0.00600000
v -0.02700000 0.05300000 0.00000000
v -0.02700000 0.05100000 0.00850000
v -0.02700000 0.05300000 0.00850000
v -0.02700000 0.05500000 0.00000000
v -0.02700000 0.05500000 0.00850000
v -0.02700000 0.05700000 0.00200000
v -0.02700000 0.05700000 0.00000000
v -0.02700000 0.05700000 0.00400000
v -0.02700000 0.05700000 0.00600000
v -0.02700000 0.05700000 0.00850000
v -0.02500000 -0.05700000 0.00200000
v -0.02500000 -0.05700000 0.00000000
v -0.02500000 -0.05500000 0.00000000
v -0.02500000 -0.05700000 0.00400000
v -0.02500000 -0.05700000 0.00600000
v -0.02500000 -0.05700000 0.00850000
v -0.02500000 -0.05500000 0.00850000
v -0.02500000 -0.05300000 0.00000000
v -0.02500000 -0.05300000 0.00850000
v -0.02500000 -0.05100000 0.00000000
v -0.02500000 -0.05100000 0.00850000
v -0.02500000 -0.05100000 0.00600000
v -0.02500000 -0.04900000 0.00000000
v -0.02500000 -0.04900000 0.00600000
v -0.02500000 -0.04700000 0.00000000
v -0.02500000 -0.04700000 0.00600000
v -0.02500000 -0.04500000 0.00000000
v -0.02500000 -0.04500000 0.00600000
v -0.02500000 -0.04300000 0.00000000
v -0.02500000 -0.04300000 0.00600000
v -0.02500000 -0.04100000 0.00000000
v -0.02500000 -0.04100000 0.00600000
v -0.02500000 -0.03900000 0.00000000
v -0.02500000 -0.03900000 0.00600000
v -0.02500000 -0.03700000 0.00000000
v -0.02500000 -0.03700000 0.00600000
v -0.02500000 -0.03500000 0.00000000
v -0.02500000 -0.03500000 0.00600000
v -0.02500000 -0.03300000 0.00000000
v -0.02500000 -0.03300000 0.00600000
v -0.02500000 -0.03100000 0.00000000
v -0.02500000 -0.03100000 0.00600000
v -0.02500000 -0.02900000 0.00000000
v -0.02500000 -0.02900000 0.00600000
v -0.02500000 -0.02700000 0.00000000
v -0.02500000 -0.02700000 0.00600000
v -0.02500000 -0.02500000 0.00000000
v -0.02500000 -0.02500000 0.00600000
v -0.02500000 -0.02300000 0.00000000
v -0.02500000 -0.02300000 0.00600000
v -0.02500000 -0.02100000 0.00000000
v -0.02500000 -0.02100000 0.00600000
v -0.02500000 -0.01900000 0.00000000
v -0.02500000 -0.01900000 0.00600000
v -0.02500000 -0.01700000 0.00000000
v -0.02500000 -0.01700000 0.00600000
v -0.02500000 -0.01500000 0.00000000
v -0.02500000 -0.01500000 0.00600000
v -0.02500000 -0.01300000 0.00000000
v -0.02500000 -0.01300000 0.00600000
v -0.02500000 -0.01100000 0.00000000
v -0.02500000 -0.01100000 0.00600000
v -0.02500000 -0.00900000 0.00000000
v -0.02500000 -0.00900000 0.00600000
v -0.02500000 -0.00700000 0.00000000
v -0.02500000 -0.00700000 0.00600000
v -0.02500000 -0.00500000 0.00000000
v -0.02500000 -0.00500000 0.00600000
v -0.02500000 -0.00300000 0.00000000
v -0.02500000 -0.00300000 0.00600000
v -0.02500000 -0.00100000 0.00000000
v -0.02500000 -0.00100000 0.00600000
v -0.02500000 0.00100000 0.00000000
v -0.02500000 0.00100000 0.00600000
v -0.02500000 0.00300000 0.00000000
v -0.02500000 0.00300000 0.00600000
v -0.02500000 0.00500000 0.00000000
v -0.02500000 0.00500000 0.00600000
v -0.02500000 0.00700000 0.00000000
v -0.02500000 0.00700000 0.00600000
v -0.02500000 0.00900000 0.00000000
v -0.02500000 0.00900000 0.00600000
v -0.02500000 0.01100000 0.00000000
v -0.02500000 0.01100000 0.00600000
v -0.02500000 0.01300000 0.00000000
v -0.02500000 0.01300000 0.00600000
v -0.02500000 0.01500000 0.00000000
v -0.02500000 0.01500000 0.00600000
v -0.02500000 0.01700000 0.00000000
v -0.02500000 0.01700000 0.00600000
v -0.02500000 0.01900000 0.00000000
v -0.02500000 0.01900000 0.00600000
v -0.02500000 0.02100000 0.00000000
v -0.02500000 0.02100000 0.00600000
v -0.02500000 0.02300000 0.00000000
v -0.02500000 0.02300000 0.00600000
v -0.02500000 0.02500000 0.00000000
v -0.02500000 0.02500000 0.00600000
v -0.02500000 0.02700000 0.00000000
v -0.02500000 0.02700000 0.00600000
v -0.02500000 0.02900000 0.00000000
v -0.02500000 0.02900000 0.00600000
v -0.02500000 0.03100000 0.00000000
v -0.02500000 0.03100000 0.00600000
v -0.02500000 0.03300000 0.00000000
v -0.02500000 0.03300000 0.00600000
v -0.02500000 0.03500000 0.00000000
v -0.02500000 0.03500000 0.00600000
v -0.02500000 0.03700000 0.00000000
v -0.02500000 0.03700000 0.00600000
v -0.02500000 0.03900000 0.00000000
v -0.02500000 0.03900000 0.00600000
v -0.02500000 0.04100000 0.00000000
v -0.02500000 0.04100000 0.00600000
v -0.02500000 0.04300000 0.00000000
v -0.02500000 0.04300000 0.00600000
v -0.02500000 0.04500000 0.00000000
v -0.02500000 0.04500000 0.00600000
v -0.02500000 0.04700000 0.00000000
v -0.02500000 0.04700000 0.00600000
v -0.02500000 0.04900000 0.00000000
v -0.02500000 0.04900000 0.00600000
v -0.02500000 0.05100000 0.00000000
v -0.02500000 0.05100000 0.00600000
v -0.02500000 0.05300000 0.00000000
v -0.02500000 0.05100000 0.00850000
v -0.02500000 0.05300000 0.00850000
v -0.02500000 0.05500000 0.00000000
v -0.02500000 0.05500000 0.00850000
v -0.02500000 0.05700000 0.00200000
v -0.02500000 0.05700000 0.00000000
v -0.02500000 0.05700000 0.00400000
v -0.02500000 0.05700000 0.00600000
v -0.02500000 0.05700000 0.00850000
v -0.02300000 -0.05700000 0.00200000
v -0.02300000 -0.05700000 0.00000000
v -0.02300000 -0.05500000 0.00000000
v -0.02300000 -0.05700000 0.00400000
v -0.02300000 -0.05700000 0.00600000
v -0.02300000 -0.05700000 0.00850000
v -0.02300000 -0.05500000 0.00850000
v -0.02300000 -0.05300000 0.00000000
v -0.02300000 -0.05300000 0.00850000
v -0.02300000 -0.05100000 0.00000000
v -0.02300000 -0.05100000 0.00850000
v -0.02300000 -0.05100000 0.00600000
v -0.02300000 -0.04900000 0.00000000
v -0.02300000 -0.04900000 0.00600000
v -0.02300000 -0.04700000 0.00000000
v -0.02300000 -0.04700000 0.00600000
v -0.02300000 -0.04500000 0.00000000
v -0.02300000 -0.04500000 0.00600000
v -0.02300000 -0.04300000 0.00000000
v -0.02300000 -0.04300000 0.00600000
v -0.02300000 -0.04100000 0.00000000
v -0.02300000 -0.04100000 0.00600000
v -0.02300000 -0.03900000 0.00000000
v -0.02300000 -0.03900000 0.00600000
v -0.02300000 -0.03700000 0.00000000
v -0.02300000 -0.03700000 0.00600000
v -0.02300000 -0.03500000 0.00000000
v -0.02300000 -0.03500000 0.00600000
v -0.02300000 -0.03300000 0.00000000
v -0.02300000 -0.03300000 0.00600000
v -0.02300000 -0.03100000 0.00000000
v -0.02300000 -0.03100000 0.00600000
v -0.02300000 -0.02900000 0.00000000
v -0.02300000 -0.02900000 0.00600000
v -0.02300000 -0.02700000 0.00000000
v -0.02300000 -0.02700000 0.00600000
v -0.02300000 -0.02500000 0.00000000
v -0.02300000 -0.02500000 0.00600000
v -0.02300000 -0.02300000 0.00000000
v -0.02300000 -0.02300000 0.00600000
v -0.02300000 -0.02100000 0.00000000
v -0.02300000 -0.02100000 0.00600000
v -0.02300000 -0.01900000 0.00000000
v -0.02300000 -0.01900000 0.00600000
v -0.02300000 -0.01700000 0.00000000
v -0.02300000 -0.01700000 0.00600000
v -0.02300000 -0.01500000 0.00000000
v -0.02300000 -0.01500000 0.00600000
v -0.02300000 -0.01300000 0.00000000
v -0.02300000 -0.01300000 0.00600000
v -0.02300000 -0.01100000 0.00000000
v -0.02300000 -0.01100000 0.00600000
v -0.02300000 -0.00900000 0.00000000
v -0.02300000 -0.00900000 0.00600000
v -0.02300000 -0.00700000 0.00000000
v -0.02300000 -0.00700000 0.00600000
v -0.02300000 -0.00500000 0.00000000
v -0.02300000 -0.00500000 0.00600000
v -0.02300000 -0.00300000 0.00000000
v -0.02300000 -0.00300000 0.00600000
v -0.02300000 -0.00100000 0.00000000
v -0.02300000 -0.00100000 0.00600000
v -0.02300000 0.00100000 0.00000000
v -0.02300000 0.00100000 0.00600000
v -0.02300000 0.00300000 0.00000000
v -0.02300000 0.00300000 0.00600000
v -0.02300000 0.00500000 0.00000000
v -0.02300000 0.00500000 0.00600000
v -0.02300000 0.00700000 0.00000000
v -0.02300000 0.00700000 0.00600000
v -0.02300000 0.00900000 0.00000000
v -0.02300000 0.00900000 0.00600000
v -0.02300000 0.01100000 0.00000000
v -0.02300000 0.01100000 0.00600000
v -0.02300000 0.01300000 0.00000000
v -0.02300000 0.01300000 0.00600000
v -0.02300000 0.01500000 0.00000000
v -0.02300000 0.01500000 0.00600000
v -0.02300000 0.01700000 0.00000000
v -0.02300000 0.01700000 0.00600000
v -0.02300000 0.01900000 0.00000000
v -0.02300000 0.01900000 0.00600000
v -0.02300000 0.02100000 0.00000000
v -0.02300000 0.02100000 0.00600000
v -0.02300000 0.02300000 0.00000000
v -0.02300000 0.02300000 0.00600000
v -0.02300000 0.02500000 0.00000000
v -0.02300000 0.02500000 0.00600000
v -0.02300000 0.02700000 0.00000000
v -0.02300000 0.02700000 0.00600000
v -0.02300000 0.02900000 0.00000000
v -0.02300000 0.02900000 0.00600000
v -0.02300000 0.03100000 0.00000000
v -0.02300000 0.03100000 0.00600000
v -0.02300000 0.03300000 0.00000000
v -0.02300000 0.03300000 0.00600000
v -0.02300000 0.03500000 0.00000000
v -0.02300000 0.03500000 0.00600000
v -0.02300000 0.03700000 0.00000000
v -0.02300000 0.03700000 0.00600000
v -0.02300000 0.03900000 0.00000000
v -0.02300000 0.03900000 0.00600000
v -0.02300000 0.04100000 0.00000000
v -0.02300000 0.04100000 0.00600000
v -0.02300000 0.04300000 0.00000000
v -0.02300000 0.04300000 0.00600000
v -0.02300000 0.04500000 0.00000000
v -0.02300000 0.04500000 0.00600000
v -0.02300000 0.04700000 0.00000000
v -0.02300000 0.04700000 0.00600000
v -0.02300000 0.04900000 0.00000000
v -0.02300000 0.04900000 0.00600000
v -0.02300000 0.05100000 0.00000000
v -0.02300000 0.05100000 0.00600000
v -0.02300000 0.05300000 0.00000000
v -0.02300000 0.05100000 0.00850000
v -0.02300000 0.05300000 0.00850000
v -0.02300000 0.05500000 0.00000000
v -0.02300000 0.05500000 0.00850000
v -0.02300000 0.05700000 0.00200000
v -0.02300000 0.05700000 0.00000000
v -0.02300000 0.05700000 0.00400000
v -0.02300000 0.05700000 0.00600000
v -0.02300000 0.05700000 0.00850000
v -0.02100000 -0.05700000 0.00200000
v -0.02100000 -0.05700000 0.00000000
v -0.02100000 -0.05500000 0.00000000
v -0.02100000 -0.05700000 0.00400000
v -0.02100000 -0.05700000 0.00600000
v -0.02100000 -0.05700000 0.00850000
v -0.02100000 -0.05500000 0.00850000
v -0.02100000 -0.05300000 0.00000000
v -0.02100000 -0.05300000 0.00850000
v -0.02100000 -0.05100000 0.00000000
v -0.02100000 -0.05100000 0.00850000
v -0.02100000 -0.05100000 0.00600000
v -0.02100000 -0.04900000 0.00000000
v -0.02100000 -0.04900000 0.00600000
v -0.02100000 -0.04700000 0.00000000
v -0.02100000 -0.04700000 0.00600000
v -0.02100000 -0.04500000 0.00000000
v -0.02100000 -0.04500000 0.00600000
v -0.02100000 -0.04300000 0.00000000
v -0.02100000 -0.04300000 0.00600000
v -0.02100000 -0.04100000 0.00000000
v -0.02100000 -0.04100000 0.00600000
v -0.02100000 -0.03900000 0.00000000
v -0.02100000 -0.03900000 0.00600000
v -0.02100000 -0.03700000 0.00000000
v -0.02100000 -0.03700000 0.00600000
v -0.02100000 -0.03500000 0.00000000
v -0.02100000 -0.03500000 0.00600000
v -0.02100000 -0.03300000 0.00000000
v -0.02100000 -0.03300000 0.00600000
v -0.02100000 -0.03100000 0.00000000
v -0.02100000 -0.03100000 0.00600000
v -0.02100000 -0.02900000 0.00000000
v -0.02100000 -0.02900000 0.00600000
v -0.02100000 -0.02700000 0.00000000
v -0.02100000 -0.02700000 0.00600000
v -0.02100000 -0.02500000 0.00000000
v -0.02100000 -0.02500000 0.00600000
v -0.02100000 -0.02300000 0.00000000
v -0.02100000 -0.02300000 0.00600000
v -0.02100000 -0.02100000 0.00000000
v -0.02100000 -0.02100000 0.00600000
v -0.02100000 -0.01900000 0.00000000
v -0.02100000 -0.01900000 0.00600000
v -0.02100000 -0.01700000 0.00000000
v -0.02100000 -0.01700000 0.00600000
v -0.02100000 -0.01500000 0.00000000
v -0.02100000 -0.01500000 0.00600000
v -0.02100000 -0.01300000 0.00000000
v -0.02100000 -0.01300000 0.00600000
v -0.02100000 -0.01100000 0.00000000
v -0.02100000 -0.01100000 0.00600000
v -0.02100000 -0.00900000 0.00000000
v -0.02100000 -0.00900000 0.00600000
v -0.02100000 -0.00700000 0.00000000
v -0.02100000 -0.00700000 0.00600000
v -0.02100000 -0.00500000 0.00000000
v -0.02100000 -0.00500000 0.00600000
v -0.02100000 -0.00300000 0.00000000
v -0.02100000 -0.00300000 0.00600000
v -0.02100000 -0.00100000 0.00000000
v -0.02100000 -0.00100000 0.00600000
v -0.02100000 0.00100000 0.00000000
v -0.02100000 0.00100000 0.00600000
v -0.02100000 0.00300000 0.00000000
v -0.02100000 0.00300000 0.00600000
v -0.02100000 0.00500000 0.00000000
v -0.02100000 0.00500000 0.00600000
v -0.02100000 0.00700000 0.00000000
v -0.02100000 0.00700000 0.00600000
v -0.02100000 0.00900000 0.00000000
v -0.02100000 0.00900000 0.00600000
v -0.02100000 0.01100000 0.00000000
v -0.02100000 0.01100000 0.00600000
v -0.02100000 0.01300000 0.00000000
v -0.02100000 0.01300000 0.00600000
v -0.02100000 0.01500000 0.00000000
v -0.02100000 0.01500000 0.00600000
v -0.02100000 0.01700000 0.00000000
v -0.02100000 0.01700000 0.00600000
v -0.02100000 0.01900000 0.00000000
v -0.02100000 0.01900000 0.00600000
v -0.02100000 0.02100000 0.00000000
v -0.02100000 0.02100000 0.00600000
v -0.02100000 0.02300000 0.00000000
v -0.02100000 0.02300000 0.00600000
v -0.02100000 0.02500000 0.00000000
v -0.02100000 0.02500000 0.00600000
v -0.02100000 0.02700000 0.00000000
v -0.02100000 0.02700000 0.00600000
v -0.02100000 0.02900000 0.00000000
v -0.02100000 0.02900000 0.00600000
v -0.02100000 0.03100000 0.00000000
v -0.02100000 0.03100000 0.00600000
v -0.02100000 0.03300000 0.00000000
v -0.02100000 0.03300000 0.00600000
v -0.02100000 0.03500000 0.00000000
v -0.02100000 0.03500000 0.00600000
v -0.02100000 0.03700000 0.00000000
v -0.02100000 0.03700000 0.00600000
v -0.02100000 0.03900000 0.00000000
v -0.02100000 0.03900000 0.00600000
v -0.02100000 0.04100000 0.00000000
v -0.02100000 0.04100000 0.00600000
v -0.02100000 0.04300000 0.00000000
v -0.02100000 0.04300000 0.00600000
v -0.02100000 0.04500000 0.00000000
v -0.02100000 0.04500000 0.00600000
v -0.02100000 0.04700000 0.00000000
v -0.02100000 0.04700000 0.00600000
v -0.02100000 0.04900000 0.00000000
v -0.02100000 0.04900000 0.00600000
v -0.02100000 0.05100000 0.00000000
v -0.02100000 0.05100000 0.00600000
v -0.02100000 0.05300000 0.00000000
v -0.02100000 0.05100000 0.00850000
v -0.02100000 0.05300000 0.00850000
v -0.02100000 0.05500000 0.00000000
v -0.02100000 0.05500000 0.00850000
v -0.02100000 0.05700000 0.00200000
v -0.02100000 0.05700000 0.00000000
v -0.02100000 0.05700000 0.00400000
v -0.02100000 0.05700000 0.00600000
v -0.02100000 0.05700000 0.00850000
v -0.01900000 -0.05700000 0.00200000
v -0.01900000 -0.05700000 0.00000000
v -0.01900000 -0.05500000 0.00000000
v -0.01900000 -0.05700000 0.00400000
v -0.01900000 -0.05700000 0.00600000
v -0.01900000 -0.05700000 0.00850000
v -0.01900000 -0.05500000 0.00850000
v -0.01900000 -0.05300000 0.00000000
v -0.01900000 -0.05300000 0.00850000
v -0.01900000 -0.05100000 0.00000000
v -0.01900000 -0.05100000 0.00850000
v -0.01900000 -0.05100000 0.00600000
v -0.01900000 -0.04900000 0.00000000
v -0.01900000 -0.04900000 0.00600000
v -0.01900000 -0.04700000 0.00000000
v -0.01900000 -0.04700000 0.00600000
v -0.01900000 -0.04500000 0.00000000
v -0.01900000 -0.04500000 0.00600000
v -0.01900000 -0.04300000 0.00000000
v -0.01900000 -0.04300000 0.00600000
v -0.01900000 -0.04100000 0.00000000
v -0.01900000 -0.04100000 0.00600000
v -0.01900000 -0.03900000 0.00000000
v -0.01900000 -0.03900000 0.00600000
v -0.01900000 -0.03700000 0.00000000
v -0.01900000 -0.03700000 0.00600000
v -0.01900000 -0.03500000 0.00000000
v -0.01900000 -0.03500000 0.00600000
v -0.01900000 -0.03300000 0.00000000
v -0.01900000 -0.03300000 0.00600000
v -0.01900000 -0.03100000 0.00000000
v -0.01900000 -0.03100000 0.00600000
v -0.01900000 -0.02900000 0.00000000
v -0.01900000 -0.02900000 0.00600000
v -0.01900000 -0.02700000 0.00000000
v -0.01900000 -0.02700000 0.00600000
v -0.01900000 -0.02500000 0.00000000
v -0.01900000 -0.02500000 0.00600000
v -0.01900000 -0.02300000 0.00000000
v -0.01900000 -0.02300000 0.00600000
v -0.01900000 -0.02100000 0.00000000
v -0.01900000 -0.02100000 0.00600000
v -0.01900000 -0.01900000 0.00000000
v -0.01900000 -0.01900000 0.00600000
v -0.01900000 -0.01700000 0.00000000
v -0.01900000 -0.01700000 0.00600000
v -0.01900000 -0.01500000 0.00000000
v -0.01900000 -0.01500000 0.00600000
v -0.01900000 -0.01300000 0.00000000
v -0.01900000 -0.01300000 0.00600000
v -0.01900000 -0.01100000 0.00000000
v -0.01900000 -0.01100000 0.00600000
v -0.01900000 -0.00900000 0.00000000
v -0.01900000 -0.00900000 0.00600000
v -0.01900000 -0.00700000 0.00000000
v -0.01900000 -0.00700000 0.00600000
v -0.01900000 -0.00500000 0.00000000
v -0.01900000 -0.00500000 0.00600000
v -0.01900000 -0.00300000 0.00000000
v -0.01900000 -0.00300000 0.00600000
v -0.01900000 -0.00100000 0.00000000
v -0.01900000 -0.00100000 0.00600000
v -0.01900000 0.00100000 0.00000000
v -0.01900000 0.00100000 0.00600000
v -0.01900000 0.00300000 0.00000000
v -0.01900000 0.00300000 0.00600000
v -0.01900000 0.00500000 0.00000000
v -0.01900000 0.00500000 0.00600000
v -0.01900000 0.00700000 0.00000000
v -0.01900000 0.00700000 0.00600000
v -0.01900000 0.00900000 0.00000000
v -0.01900000 0.00900000 0.00600000
v -0.01900000 0.01100000 0.00000000
v -0.01900000 0.01100000 0.00600000
v -0.01900000 0.01300000 0.00000000
v -0.01900000 0.01300000 0.00600000
v -0.01900000 0.01500000 0.00000000
v -0.01900000 0.01500000 0.00600000
v -0.01900000 0.01700000 0.00000000
v -0.01900000 0.01700000 0.00600000
v -0.01900000 0.01900000 0.00000000
v -0.01900000 0.01900000 0.00600000
v -0.01900000 0.02100000 0.00000000
v -0.01900000 0.02100000 0.00600000
v -0.01900000 0.02300000 0.00000000
v -0.01900000 0.02300000 0.00600000
v -0.01900000 0.02500000 0.00000000
v -0.01900000 0.02500000 0.00600000
v -0.01900000 0.02700000 0.00000000
v -0.01900000 0.02700000 0.00600000
v -0.01900000 0.02900000 0.00000000
v -0.01900000 0.02900000 0.00600000
v -0.01900000 0.03100000 0.00000000
v -0.01900000 0.03100000 0.00600000
v -0.01900000 0.03300000 0.00000000
v -0.01900000 0.03300000 0.00600000
v -0.01900000 0.03500000 0.00000000
v -0.01900000 0.03500000 0.00600000
v -0.01900000 0.03700000 0.00000000
v -0.01900000 0.03700000 0.00600000
v -0.01900000 0.03900000 0.00000000
v -0.01900000 0.03900000 0.00600000
v -0.01900000 0.04100000 0.00000000
v -0.01900000 0.04100000 0.00600000
v -0.01900000 0.04300000 0.00000000
v -0.01900000 0.04300000 0.00600000
v -0.01900000 0.04500000 0.00000000
v -0.01900000 0.04500000 0.00600000
v -0.01900000 0.04700000 0.00000000
v -0.01900000 0.04700000 0.00600000
v -0.01900000 0.04900000 0.00000000
v -0.01900000 0.04900000 0.00600000
v -0.01900000 0.05100000 0.00000000
v -0.01900000 0.05100000 0.00600000
v -0.01900000 0.05300000 0.00000000
v -0.01900000 0.05100000 0.00850000
v -0.01900000 0.05300000 0.00850000
v -0.01900000 0.05500000 0.00000000
v -0.01900000 0.05500000 0.00850000
v -0.01900000 0.05700000 0.00200000
v -0.01900000 0.05700000 0.00000000
v -0.01900000 0.05700000 0.00400000
v -0.01900000 0.05700000 0.00600000
v -0.01900000 0.05700000 0.00850000
v -0.01700000 -0.05700000 0.00200000
v -0.01700000 -0.05700000 0.00000000
v -0.01700000 -0.05500000 0.00000000
v -0.01700000 -0.05700000 0.00400000
v -0.01700000 -0.05700000 0.00600000
v -0.01700000 -0.05700000 0.00850000
v -0.01700000 -0.05500000 0.00850000
v -0.01700000 -0.05300000 0.00000000
v -0.01700000 -0.05300000 0.00850000
v -0.01700000 -0.05100000 0.00000000
v -0.01700000 -0.05100000 0.00850000
v -0.01700000 -0.05100000 0.00600000
v -0.01700000 -0.04900000 0.00000000
v -0.01700000 -0.04900000 0.00600000
v -0.01700000 -0.04700000 0.00000000
v -0.01700000 -0.04700000 0.00600000
v -0.01700000 -0.04500000 0.00000000
v -0.01700000 -0.04500000 0.00600000
v -0.01700000 -0.04300000 0.00000000
v -0.01700000 -0.04300000 0.00600000
v -0.01700000 -0.04100000 0.00000000
v -0.01700000 -0.04100000 0.00600000
v -0.01700000 -0.03900000 0.00000000
v -0.01700000 -0.03900000 0.00600000
v -0.01700000 -0.03700000 0.00000000
v -0.01700000 -0.03700000 0.00600000
v -0.01700000 -0.03500000 0.00000000
v -0.01700000 -0.03500000 0.00600000
v -0.01700000 -0.03300000 0.00000000
v -0.01700000 -0.03300000 0.00600000
v -0.01700000 -0.03100000 0.00000000
v -0.01700000 -0.03100000 0.00600000
v -0.01700000 -0.02900000 0.00000000
v -0.01700000 -0.02900000 0.00600000
v -0.01700000 -0.02700000 0.00000000
v -0.01700000 -0.02700000 0.00600000
v -0.01700000 -0.02500000 0.00000000
v -0.01700000 -0.02500000 0.00600000
v -0.01700000 -0.02300000 0.00000000
v -0.01700000 -0.02300000 0.00600000
v -0.01700000 -0.02100000 0.00000000
v -0.01700000 -0.02100000 0.00600000
v -0.01700000 -0.01900000 0.00000000
v -0.01700000 -0.01900000 0.00600000
v -0.01700000 -0.01700000 0.00000000
v -0.01700000 -0.01700000 0.00600000
v -0.01700000 -0.01500000 0.00000000
v -0.01700000 -0.01500000 0.00600000
v -0.01700000 -0.01300000 0.00000000
v -0.01700000 -0.01300000 0.00600000
v -0.01700000 -0.01100000 0.00000000
v -0.01700000 -0.01100000 0.00600000
v -0.01700000 -0.00900000 0.00000000
v -0.01700000 -0.00900000 0.00600000
v -0.01700000 -0.00700000 0.00000000
v -0.01700000 -0.00700000 0.00600000
v -0.01700000 -0.00500000 0.00000000
v -0.01700000 -0.00500000 0.00600000
v -0.01700000 -0.00300000 0.00000000
v -0.01700000 -0.00300000 0.00600000
v -0.01700000 -0.00100000 0.00000000
v -0.01700000 -0.00100000 0.00600000
v -0.01700000 0.00100000 0.00000000
v -0.01700000 0.00100000 0.00600000
v -0.01700000 0.00300000 0.00000000
v -0.01700000 0.00300000 0.00600000
v -0.01700000 0.00500000 0.00000000
v -0.01700000 0.00500000 0.00600000
v -0.01700000 0.00700000 0.00000000
v -0.01700000 0.00700000 0.00600000
v -0.01700000 0.00900000 0.00000000
v -0.01700000 0.00900000 0.00600000
v -0.01700000 0.01100000 0.00000000
v -0.01700000 0.01100000 0.00600000
v -0.01700000 0.01300000 0.00000000
v -0.01700000 0.01300000 0.00600000
v -0.01700000 0.01500000 0.00000000
v -0.01700000 0.01500000 0.00600000
v -0.01700000 0.01700000 0.00000000
v -0.01700000 0.01700000 0.00600000
v -0.01700000 0.01900000 0.00000000
v -0.01700000 0.01900000 0.00600000
v -0.01700000 0.02100000 0.00000000
v -0.01700000 0.02100000 0.00600000
v -0.01700000 0.02300000 0.00000000
v -0.01700000 0.02300000 0.00600000
v -0.01700000 0.02500000 0.00000000
v -0.01700000 0.02500000 0.00600000
v -0.01700000 0.02700000 0.00000000
v -0.01700000 0.02700000 0.00600000
v -0.01700000 0.02900000 0.00000000
v -0.01700000 0.02900000 0.00600000
v -0.01700000 0.03100000 0.00000000
v -0.01700000 0.03100000 0.00600000
v -0.01700000 0.03300000 0.00000000
v -0.01700000 0.03300000 0.00600000
v -0.01700000 0.03500000 0.00000000
v -0.01700000 0.03500000 0.00600000
v -0.01700000 0.03700000 0.00000000
v -0.01700000 0.03700000 0.00600000
v -0.01700000 0.03900000 0.00000000
v -0.01700000 0.03900000 0.00600000
v -0.01700000 0.04100000 0.00000000
v -0.01700000 0.04100000 0.00600000
v -0.01700000 0.04300000 0.00000000
v -0.01700000 0.04300000 0.00600000
v -0.01700000 0.04500000 0.00000000
v -0.01700000 0.04500000 0.00600000
v -0.01700000 0.04700000 0.00000000
v -0.01700000 0.04700000 0.00600000
v -0.01700000 0.04900000 0.00000000
v -0.01700000 0.04900000 0.00600000
v -0.01700000 0.05100000 0.00000000
v -0.01700000 0.05100000 0.00600000
v -0.01700000 0.05300000 0.00000000
v -0.01700000 0.05100000 0.00850000
v -0.01700000 0.05300000 0.00850000
v -0.01700000 0.05500000 0.00000000
v -0.01700000 0.05500000 0.00850000
v -0.01700000 0.05700000 0.00200000
v -0.01700000 0.05700000 0.00000000
v -0.01700000 0.05700000 0.00400000
v -0.01700000 0.05700000 0.00600000
v -0.01700000 0.05700000 0.00850000
v -0.01500000 -0.05700000 0.00200000
v -0.01500000 -0.05700000 0.00000000
v -0.01500000 -0.05500000 0.00000000
v -0.01500000 -0.05700000 0.00400000
v -0.01500000 -0.05700000 0.00600000
v -0.01500000 -0.05700000 0.00850000
v -0.01500000 -0.05500000 0.00850000
v -0.01500000 -0.05300000 0.00000000
v -0.01500000 -0.05300000 0.00850000
v -0.01500000 -0.05100000 0.00000000
v -0.01500000 -0.05100000 0.00850000
v -0.01500000 -0.05100000 0.00600000
v -0.01500000 -0.04900000 0.00000000
v -0.01500000 -0.04900000 0.00600000
v -0.01500000 -0.04700000 0.00000000
v -0.01500000 -0.04700000 0.00600000
v -0.01500000 -0.04500000 0.00000000
v -0.01500000 -0.04500000 0.00600000
v -0.01500000 -0.04300000 0.00000000
v -0.01500000 -0.04300000 0.00600000
v -0.01500000 -0.04100000 0.00000000
v -0.01500000 -0.04100000 0.00600000
v -0.01500000 -0.03900000 0.00000000
v -0.01500000 -0.03900000 0.00600000
v -0.01500000 -0.03700000 0.00000000
v -0.01500000 -0.03700000 0.00600000
v -0.01500000 -0.03500000 0.00000000
v -0.01500000 -0.03500000 0.00600000
v -0.01500000 -0.03300000 0.00000000
v -0.01500000 -0.03300000 0.00600000
v -0.01500000 -0.03100000 0.00000000
v -0.01500000 -0.03100000 0.00600000
v -0.01500000 -0.02900000 0.00000000
v -0.01500000 -0.02900000 0.00600000
v -0.01500000 -0.02700000 0.00000000
v -0.01500000 -0.02700000 0.00600000
v -0.01500000 -0.02500000 0.00000000
v -0.01500000 -0.02500000 0.00600000
v -0.01500000 -0.02300000 0.00000000
v -0.01500000 -0.02300000 0.00600000
v -0.01500000 -0.02100000 0.00000000
v -0.01500000 -0.02100000 0.00600000
v -0.01500000 -0.01900000 0.00000000
v -0.01500000 -0.01900000 0.00600000
v -0.01500000 -0.01700000 0.00000000
v -0.01500000 -0.01700000 0.00600000
v -0.01500000 -0.01500000 0.00000000
v -0.01500000 -0.01500000 0.00600000
v -0.01500000 -0.01300000 0.00000000
v -0.01500000 -0.01300000 0.00600000
v -0.01500000 -0.01100000 0.00000000
v -0.01500000 -0.01100000 0.00600000
v -0.01500000 -0.00900000 0.00000000
v -0.01500000 -0.00900000 0.00600000
v -0.01500000 -0.00700000 0.00000000
v -0.01500000 -0.00700000 0.00600000
v -0.01500000 -0.00500000 0.00000000
v -0.01500000 -0.00500000 0.00600000
v -0.01500000 -0.00300000 0.00000000
v -0.01500000 -0.00300000 0.00600000
v -0.01500000 -0.00100000 0.00000000
v -0.01500000 -0.00100000 0.00600000
v -0.01500000 0.00100000 0.00000000
v -0.01500000 0.00100000 0.00600000
v -0.01500000 0.00300000 0.00000000
v -0.01500000 0.00300000 0.00600000
v -0.01500000 0.00500000 0.00000000
v -0.01500000 0.00500000 0.00600000
v -0.01500000 0.00700000 0.00000000
v -0.01500000 0.00700000 0.00600000
v -0.01500000 0.00900000 0.00000000
v -0.01500000 0.00900000 0.00600000
v -0.01500000 0.01100000 0.00000000
v -0.01500000 0.01100000 0.00600000
v -0.01500000 0.01300000 0.00000000
v -0.01500000 0.01300000 0.00600000
v -0.01500000 0.01500000 0.00000000
v -0.01500000 0.01500000 0.00600000
v -0.01500000 0.01700000 0.00000000
v -0.01500000 0.01700000 0.00600000
v -0.01500000 0.01900000 0.00000000
v -0.01500000 0.01900000 0.00600000
v -0.01500000 0.02100000 0.00000000
v -0.01500000 0.02100000 0.00600000
v -0.01500000 0.02300000 0.00000000
v -0.01500000 0.02300000 0.00600000
v -0.01500000 0.02500000 0.00000000
v -0.01500000 0.02500000 0.00600000
v -0.01500000 0.02700000 0.00000000
v -0.01500000 0.02700000 0.00600000
v -0.01500000 0.02900000 0.00000000
v -0.01500000 0.02900000 0.00600000
v -0.01500000 0.03100000 0.00000000
v -0.01500000 0.03100000 0.00600000
v -0.01500000 0.03300000 0.00000000
v -0.01500000 0.03300000 0.00600000
v -0.01500000 0.03500000 0.00000000
v -0.01500000 0.03500000 0.00600000
v -0.01500000 0.03700000 0.00000000
v -0.01500000 0.03700000 0.00600000
v -0.01500000 0.03900000 0.00000000
v -0.01500000 0.03900000 0.00600000
v -0.01500000 0.04100000 0.00000000
v -0.01500000 0.04100000 0.00600000
v -0.01500000 0.04300000 0.00000000
v -0.01500000 0.04300000 0.00600000
v -0.01500000 0.04500000 0.00000000
v -0.01500000 0.04500000 0.00600000
v -0.01500000 0.04700000 0.00000000
v -0.01500000 0.04700000 0.00600000
v -0.01500000 0.04900000 0.00000000
v -0.01500000 0.04900000 0.00600000
v -0.01500000 0.05100000 0.00000000
v -0.01500000 0.05100000 0.00600000
v -0.01500000 0.05300000 0.00000000
v -0.01500000 0.05100000 0.00850000
v -0.01500000 0.05300000 0.00850000
v -0.01500000 0.05500000 0.00000000
v -0.01500000 0.05500000 0.00850000
v -0.01500000 0.05700000 0.00200000
v -0.01500000 0.05700000 0.00000000
v -0.01500000 0.05700000 0.00400000
v -0.01500000 0.05700000 0.00600000
v -0.01500000 0.05700000 0.00850000
v -0.01300000 -0.05700000 0.00200000
v -0.01300000 -0.05700000 0.00000000
v -0.01300000 -0.05500000 0.00000000
v -0.01300000 -0.05700000 0.00400000
v -0.01300000 -0.05700000 0.00600000
v -0.01300000 -0.05700000 0.00850000
v -0.01300000 -0.05500000 0.00850000
v -0.01300000 -0.05300000 0.00000000
v -0.01300000 -0.05300000 0.00850000
v -0.01300000 -0.05100000 0.00000000
v -0.01300000 -0.05100000 0.00850000
v -0.01300000 -0.05100000 0.00600000
v -0.01300000 -0.04900000 0.00000000
v -0.01300000 -0.04900000 0.00600000
v -0.01300000 -0.04700000 0.00000000
v -0.01300000 -0.04700000 0.00600000
v -0.01300000 -0.04500000 0.00000000
v -0.01300000 -0.04500000 0.00600000
v -0.01300000 -0.04300000 0.00000000
v -0.01300000 -0.04300000 0.00600000
v -0.01300000 -0.04100000 0.00000000
v -0.01300000 -0.04100000 0.00600000
v -0.01300000 -0.03900000 0.00000000
v -0.01300000 -0.03900000 0.00600000
v -0.01300000 -0.03700000 0.00000000
v -0.01300000 -0.03700000 0.00600000
v -0.01300000 -0.03500000 0.00000000
v -0.01300000 -0.03500000 0.00600000
v -0.01300000 -0.03300000 0.00000000
v -0.01300000 -0.03300000 0.00600000
v -0.01300000 -0.03100000 0.00000000
v -0.01300000 -0.03100000 0.00600000
v -0.01300000 -0.02900000 0.00000000
v -0.01300000 -0.02900000 0.00600000
v -0.01300000 -0.02700000 0.00000000
v -0.01300000 -0.02700000 0.00600000
v -0.01300000 -0.02500000 0.00000000
v -0.01300000 -0.02500000 0.00600000
v -0.01300000 -0.02300000 0.00000000
v -0.01300000 -0.02300000 0.00600000
v -0.01300000 -0.02100000 0.00000000
v -0.01300000 -0.02100000 0.00600000
v -0.01300000 -0.01900000 0.00000000
v -0.01300000 -0.01900000 0.00600000
v -0.01300000 -0.01700000 0.00000000
v -0.01300000 -0.01700000 0.00600000
v -0.01300000 -0.01500000 0.00000000
v -0.01300000 -0.01500000 0.00600000
v -0.01300000 -0.01300000 0.00000000
v -0.01300000 -0.01300000 0.00600000
v -0.01300000 -0.01100000 0.00000000
v -0.01300000 -0.01100000 0.00600000
v -0.01300000 -0.00900000 0.00000000
v -0.01300000 -0.00900000 0.00600000
v -0.01300000 -0.00700000 0.00000000
v -0.01300000 -0.00700000 0.00600000
v -0.01300000 -0.00500000 0.00000000
v -0.01300000 -0.00500000 0.00600000
v -0.01300000 -0.00300000 0.00000000
v -0.01300000 -0.00300000 0.00600000
v -0.01300000 -0.00100000 0.00000000
v -0.01300000 -0.00100000 0.00600000
v -0.01300000 0.00100000 0.00000000
v -0.01300000 0.00100000 0.00600000
v -0.01300000 0.00300000 0.00000000
v -0.01300000 0.00300000 0.00600000
v -0.01300000 0.00500000 0.00000000
v -0.01300000 0.00500000 0.00600000
v -0.01300000 0.00700000 0.00000000
v -0.01300000 0.00700000 0.00600000
v -0.01300000 0.00900000 0.00000000
v -0.01300000 0.00900000 0.00600000
v -0.01300000 0.01100000 0.00000000
v -0.01300000 0.01100000 0.00600000
v -0.01300000 0.01300000 0.00000000
v -0.01300000 0.01300000 0.00600000
v -0.01300000 0.01500000 0.00000000
v -0.01300000 0.01500000 0.00600000
v -0.01300000 0.01700000 0.00000000
v -0.01300000 0.01700000 0.00600000
v -0.01300000 0.01900000 0.00000000
v -0.01300000 0.01900000 0.00600000
v -0.01300000 0.02100000 0.00000000
v -0.01300000 0.02100000 0.00600000
v -0.01300000 0.02300000 0.00000000
v -0.01300000 0.02300000 0.00600000
v -0.01300000 0.02500000 0.00000000
v -0.01300000 0.02500000 0.00600000
v -0.01300000 0.02700000 0.00000000
v -0.01300000 0.02700000 0.00600000
v -0.01300000 0.02900000 0.00000000
v -0.01300000 0.02900000 0.00600000
v -0.01300000 0.03100000 0.00000000
v -0.01300000 0.03100000 0.00600000
v -0.01300000 0.03300000 0.00000000
v -0.01300000 0.03300000 0.00600000
v -0.01300000 0.03500000 0.00000000
v -0.01300000 0.03500000 0.00600000
v -0.01300000 0.03700000 0.00000000
v -0.01300000 0.03700000 0.00600000
v -0.01300000 0.03900000 0.00000000
v -0.01300000 0.03900000 0.00600000
v -0.01300000 0.04100000 0.00000000
v -0.01300000 0.04100000 0.00600000
v -0.01300000 0.04300000 0.00000000
v -0.01300000 0.04300000 0.00600000
v -0.01300000 0.04500000 0.00000000
v -0.01300000 0.04500000 0.00600000
v -0.01300000 0.04700000 0.00000000
v -0.01300000 0.04700000 0.00600000
v -0.01300000 0.04900000 0.00000000
v -0.01300000 0.04900000 0.00600000
v -0.01300000 0.05100000 0.00000000
v -0.01300000 0.05100000 0.00600000
v -0.01300000 0.05300000 0.00000000
v -0.01300000 0.05100000 0.00850000
v -0.01300000 0.05300000 0.00850000
v -0.01300000 0.05500000 0.00000000
v -0.01300000 0.05500000 0.00850000
v -0.01300000 0.05700000 0.00200000
v -0.01300000 0.05700000 0.00000000
v -0.01300000 0.05700000 0.00400000
v -0.01300000 0.05700000 0.00600000
v -0.01300000 0.05700000 0.00850000
v -0.01100000 -0.05700000 0.00200000
v -0.01100000 -0.05700000 0.00000000
v -0.01100000 -0.05500000 0.00000000
v -0.01100000 -0.05700000 0.00400000
v -0.01100000 -0.05700000 0.00600000
v -0.01100000 -0.05700000 0.00850000
v -0.01100000 -0.05500000 0.00850000
v -0.01100000 -0.05300000 0.00000000
v -0.01100000 -0.05300000 0.00850000
v -0.01100000 -0.05100000 0.00000000
v -0.01100000 -0.05100000 0.00850000
v -0.01100000 -0.05100000 0.00600000
v -0.01100000 -0.04900000 0.00000000
v -0.01100000 -0.04900000 0.00600000
v -0.01100000 -0.04700000 0.00000000
v -0.01100000 -0.04700000 0.00600000
v -0.01100000 -0.04500000 0.00000000
v -0.01100000 -0.04500000 0.00600000
v -0.01100000 -0.04300000 0.00000000
v -0.01100000 -0.04300000 0.00600000
v -0.01100000 -0.04100000 0.00000000
v -0.01100000 -0.04100000 0.00600000
v -0.01100000 -0.03900000 0.00000000
v -0.01100000 -0.03900000 0.00600000
v -0.01100000 -0.03700000 0.00000000
v -0.01100000 -0.03700000 0.00600000
v -0.01100000 -0.03500000 0.00000000
v -0.01100000 -0.03500000 0.00600000
v -0.01100000 -0.03300000 0.00000000
v -0.01100000 -0.03300000 0.00600000
v -0.01100000 -0.03100000 0.00000000
v -0.01100000 -0.03100000 0.00600000
v -0.01100000 -0.02900000 0.00000000
v -0.01100000 -0.02900000 0.00600000
v -0.01100000 -0.02700000 0.00000000
v -0.01100000 -0.02700000 0.00600000
v -0.01100000 -0.02500000 0.00000000
v -0.01100000 -0.02500000 0.00600000
v -0.01100000 -0.02300000 0.00000000
v -0.01100000 -0.02300000 0.00600000
v -0.01100000 -0.02100000 0.00000000
v -0.01100000 -0.02100000 0.00600000
v -0.01100000 -0.01900000 0.00000000
v -0.01100000 -0.01900000 0.00600000
v -0.01100000 -0.01700000 0.00000000
v -0.01100000 -0.01700000 0.00600000
v -0.01100000 -0.01500000 0.00000000
v -0.01100000 -0.01500000 0.00600000
v -0.01100000 -0.01300000 0.00000000
v -0.01100000 -0.01300000 0.00600000
v -0.01100000 -0.01100000 0.00000000
v -0.01100000 -0.01100000 0.00600000
v -0.01100000 -0.00900000 0.00000000
v -0.01100000 -0.00900000 0.00600000
v -0.01100000 -0.00700000 0.00000000
v -0.01100000 -0.00700000 0.00600000
v -0.01100000 -0.00500000 0.00000000
v -0.01100000 -0.00500000 0.00600000
v -0.01100000 -0.00300000 0.00000000
v -0.01100000 -0.00300000 0.00600000
v -0.01100000 -0.00100000 0.00000000
v -0.01100000 -0.00100000 0.00600000
v -0.01100000 0.00100000 0.00000000
v -0.01100000 0.00100000 0.00600000
v -0.01100000 0.00300000 0.00000000
v -0.01100000 0.00300000 0.00600000
v -0.01100000 0.00500000 0.00000000
v -0.01100000 0.00500000 0.00600000
v -0.01100000 0.00700000 0.00000000
v -0.01100000 0.00700000 0.00600000
v -0.01100000 0.00900000 0.00000000
v -0.01100000 0.00900000 0.00600000
v -0.01100000 0.01100000 0.00000000
v -0.01100000 0.01100000 0.00600000
v -0.01100000 0.01300000 0.00000000
v -0.01100000 0.01300000 0.00600000
v -0.01100000 0.01500000 0.00000000
v -0.01100000 0.01500000 0.00600000
v -0.01100000 0.01700000 0.00000000
v -0.01100000 0.01700000 0.00600000
v -0.01100000 0.01900000 0.00000000
v -0.01100000 0.01900000 0.00600000
v -0.01100000 0.02100000 0.00000000
v -0.01100000 0.02100000 0.00600000
v -0.01100000 0.02300000 0.00000000
v -0.01100000 0.02300000 0.00600000
v -0.01100000 0.02500000 0.00000000
v -0.01100000 0.02500000 0.00600000
v -0.01100000 0.02700000 0.00000000
v -0.01100000 0.02700000 0.00600000
v -0.01100000 0.02900000 0.00000000
v -0.01100000 0.02900000 0.00600000
v -0.01100000 0.03100000 0.00000000
v -0.01100000 0.03100000 0.00600000
v -0.01100000 0.03300000 0.00000000
v -0.01100000 0.03300000 0.00600000
v -0.01100000 0.03500000 0.00000000
v -0.01100000 0.03500000 0.00600000
v -0.01100000 0.03700000 0.00000000
v -0.01100000 0.03700000 0.00600000
v -0.01100000 0.03900000 0.00000000
v -0.01100000 0.03900000 0.00600000
v -0.01100000 0.04100000 0.00000000
v -0.01100000 0.04100000 0.00600000
v -0.01100000 0.04300000 0.00000000
v -0.01100000 0.04300000 0.00600000
v -0.01100000 0.04500000 0.00000000
v -0.01100000 0.04500000 0.00600000
v -0.01100000 0.04700000 0.00000000
v -0.01100000 0.04700000 0.00600000
v -0.01100000 0.04900000 0.00000000
v -0.01100000 0.04900000 0.00600000
v -0.01100000 0.05100000 0.00000000
v -0.01100000 0.05100000 0.00600000
v -0.01100000 0.05300000 0.00000000
v -0.01100000 0.05100000 0.00850000
v -0.01100000 0.05300000 0.00850000
v -0.01100000 0.05500000 0.00000000
v -0.01100000 0.05500000 0.00850000
v -0.01100000 0.05700000 0.00200000
v -0.01100000 0.05700000 0.00000000
v -0.01100000 0.05700000 0.00400000
v -0.01100000 0.05700000 0.00600000
v -0.01100000 0.05700000 0.00850000
v -0.00900000 -0.05700000 0.00200000
v -0.00900000 -0.05700000 0.00000000
v -0.00900000 -0.05500000 0.00000000
v -0.00900000 -0.05700000 0.00400000
v -0.00900000 -0.05700000 0.00600000
v -0.00900000 -0.05700000 0.00850000
v -0.00900000 -0.05500000 0.00850000
v -0.00900000 -0.05300000 0.00000000
v -0.00900000 -0.05300000 0.00850000
v -0.00900000 -0.05100000 0.00000000
v -0.00900000 -0.05100000 0.00850000
v -0.00900000 -0.05100000 0.00600000
v -0.00900000 -0.04900000 0.00000000
v -0.00900000 -0.04900000 0.00600000
v -0.00900000 -0.04700000 0.00000000
v -0.00900000 -0.04700000 0.00600000
v -0.00900000 -0.04500000 0.00000000
v -0.00900000 -0.04500000 0.00600000
v -0.00900000 -0.04300000 0.00000000
v -0.00900000 -0.04300000 0.00600000
v -0.00900000 -0.04100000 0.00000000
v -0.00900000 -0.04100000 0.00600000
v -0.00900000 -0.03900000 0.00000000
v -0.00900000 -0.03900000 0.00600000
v -0.00900000 -0.03700000 0.00000000
v -0.00900000 -0.03700000 0.00600000
v -0.00900000 -0.03500000 0.00000000
v -0.00900000 -0.03500000 0.00600000
v -0.00900000 -0.03300000 0.00000000
v -0.00900000 -0.03300000 0.00600000
v -0.00900000 -0.03100000 0.00000000
v -0.00900000 -0.03100000 0.00600000
v -0.00900000 -0.02900000 0.00000000
v -0.00900000 -0.02900000 0.00600000
v -0.00900000 -0.02700000 0.00000000
v -0.00900000 -0.02700000 0.00600000
v -0.00900000 -0.02500000 0.00000000
v -0.00900000 -0.02500000 0.00600000
v -0.00900000 -0.02300000 0.00000000
v -0.00900000 -0.02300000 0.00600000
v -0.00900000 -0.02100000 0.00000000
v -0.00900000 -0.02100000 0.00600000
v -0.00900000 -0.01900000 0.00000000
v -0.00900000 -0.01900000 0.00600000
v -0.00900000 -0.01700000 0.00000000
v -0.00900000 -0.01700000 0.00600000
v -0.00900000 -0.01500000 0.00000000
v -0.00900000 -0.01500000 0.00600000
v -0.00900000 -0.01300000 0.00000000
v -0.00900000 -0.01300000 0.00600000
v -0.00900000 -0.01100000 0.00000000
v -0.00900000 -0.01100000 0.00600000
v -0.00900000 -0.00900000 0.00000000
v -0.00900000 -0.00900000 0.00600000
v -0.00900000 -0.00700000 0.00000000
v -0.00900000 -0.00700000 0.00600000
v -0.00900000 -0.00500000 0.00000000
v -0.00900000 -0.00500000 0.00600000
v -0.00900000 -0.00300000 0.00000000
v -0.00900000 -0.00300000 0.00600000
v -0.00900000 -0.00100000 0.00000000
v -0.00900000 -0.00100000 0.00600000
v -0.00900000 0.00100000 0.00000000
v -0.00900000 0.00100000 0.00600000
v -0.00900000 0.00300000 0.00000000
v -0.00900000 0.00300000 0.00600000
v -0.00900000 0.00500000 0.00000000
v -0.00900000 0.00500000 0.00600000
v -0.00900000 0.00700000 0.00000000
v -0.00900000 0.00700000 0.00600000
v -0.00900000 0.00900000 0.00000000
v -0.00900000 0.00900000 0.00600000
v -0.00900000 0.01100000 0.00000000
v -0.00900000 0.01100000 0.00600000
v -0.00900000 0.01300000 0.00000000
v -0.00900000 0.01300000 0.00600000
v -0.00900000 0.01500000 0.00000000
v -0.00900000 0.01500000 0.00600000
v -0.00900000 0.01700000 0.00000000
v -0.00900000 0.01700000 0.00600000
v -0.00900000 0.01900000 0.00000000
v -0.00900000 0.01900000 0.00600000
v -0.00900000 0.02100000 0.00000000
v -0.00900000 0.02100000 0.00600000
v -0.00900000 0.02300000 0.00000000
v -0.00900000 0.02300000 0.00600000
v -0.00900000 0.02500000 0.00000000
v -0.00900000 0.02500000 0.00600000
v -0.00900000 0.02700000 0.00000000
v -0.00900000 0.02700000 0.00600000
v -0.00900000 0.02900000 0.00000000
v -0.00900000 0.02900000 0.00600000
v -0.00900000 0.03100000 0.00000000
v -0.00900000 0.03100000 0.00600000
v -0.00900000 0.03300000 0.00000000
v -0.00900000 0.03300000 0.00600000
v -0.00900000 0.03500000 0.00000000
v -0.00900000 0.03500000 0.00600000
v -0.00900000 0.03700000 0.00000000
v -0.00900000 0.03700000 0.00600000
v -0.00900000 0.03900000 0.00000000
v -0.00900000 0.03900000 0.00600000
v -0.00900000 0.04100000 0.00000000
v -0.00900000 0.04100000 0.00600000
v -0.00900000 0.04300000 0.00000000
v -0.00900000 0.04300000 0.00600000
v -0.00900000 0.04500000 0.00000000
v -0.00900000 0.04500000 0.00600000
v -0.00900000 0.04700000 0.00000000
v -0.00900000 0.04700000 0.00600000
v -0.00900000 0.04900000 0.00000000
v -0.00900000 0.04900000 0.00600000
v -0.00900000 0.05100000 0.00000000
v -0.00900000 0.05100000 0.00600000
v -0.00900000 0.05300000 0.00000000
v -0.00900000 0.05100000 0.00850000
v -0.00900000 0.05300000 0.00850000
v -0.00900000 0.05500000 0.00000000
v -0.00900000 0.05500000 0.00850000
v -0.00900000 0.05700000 0.00200000
v -0.00900000 0.05700000 0.00000000
v -0.00900000 0.05700000 0.00400000
v -0.00900000 0.05700000 0.00600000
v -0.00900000 0.05700000 0.00850000
v -0.00700000 -0.05700000 0.00200000
v -0.00700000 -0.05700000 0.00000000
v -0.00700000 -0.05500000 0.00000000
v -0.00700000 -0.05700000 0.00400000
v -0.00700000 -0.05700000 0.00600000
v -0.00700000 -0.05700000 0.00850000
v -0.00700000 -0.05500000 0.00850000
v -0.00700000 -0.05300000 0.00000000
v -0.00700000 -0.05300000 0.00850000
v -0.00700000 -0.05100000 0.00000000
v -0.00700000 -0.05100000 0.00850000
v -0.00700000 -0.05100000 0.00600000
v -0.00700000 -0.04900000 0.00000000
v -0.00700000 -0.04900000 0.00600000
v -0.00700000 -0.04700000 0.00000000
v -0.00700000 -0.04700000 0.00600000
v -0.00700000 -0.04500000 0.00000000
v -0.00700000 -0.04500000 0.00600000
v -0.00700000 -0.04300000 0.00000000
v -0.00700000 -0.04300000 0.00600000
v -0.00700000 -0.04100000 0.00000000
v -0.00700000 -0.04100000 0.00600000
v -0.00700000 -0.03900000 0.00000000
v -0.00700000 -0.03900000 0.00600000
v -0.00700000 -0.03700000 0.00000000
v -0.00700000 -0.03700000 0.00600000
v -0.00700000 -0.03500000 0.00000000
v -0.00700000 -0.03500000 0.00600000
v -0.00700000 -0.03300000 0.00000000
v -0.00700000 -0.03300000 0.00600000
v -0.00700000 -0.03100000 0.00000000
v -0.00700000 -0.03100000 0.00600000
v -0.00700000 -0.02900000 0.00000000
v -0.00700000 -0.02900000 0.00600000
v -0.00700000 -0.02700000 0.00000000
v -0.00700000 -0.02700000 0.00600000
v -0.00700000 -0.02500000 0.00000000
v -0.00700000 -0.02500000 0.00600000
v -0.00700000 -0.02300000 0.00000000
v -0.00700000 -0.02300000 0.00600000
v -0.00700000 -0.02100000 0.00000000
v -0.00700000 -0.02100000 0.00600000
v -0.00700000 -0.01900000 0.00000000
v -0.00700000 -0.01900000 0.00600000
v -0.00700000 -0.01700000 0.00000000
v -0.00700000 -0.01700000 0.00600000
v -0.00700000 -0.01500000 0.00000000
v -0.00700000 -0.01500000 0.00600000
v -0.00700000 -0.01300000 0.00000000
v -0.00700000 -0.01300000 0.00600000
v -0.00700000 -0.01100000 0.00000000
v -0.00700000 -0.01100000 0.00600000
v -0.00700000 -0.00900000 0.00000000
v -0.00700000 -0.00900000 0.00600000
v -0.00700000 -0.00700000 0.00000000
v -0.00700000 -0.00700000 0.00600000
v -0.00700000 -0.00500000 0.00000000
v -0.00700000 -0.00500000 0.00600000
v -0.00700000 -0.00300000 0.00000000
v -0.00700000 -0.00300000 0.00600000
v -0.00700000 -0.00100000 0.00000000
v -0.00700000 -0.00100000 0.00600000
v -0.00700000 0.00100000 0.00000000
v -0.00700000 0.00100000 0.00600000
v -0.00700000 0.00300000 0.00000000
v -0.00700000 0.00300000 0.00600000
v -0.00700000 0.00500000 0.00000000
v -0.00700000 0.00500000 0.00600000
v -0.00700000 0.00700000 0.00000000
v -0.00700000 0.00700000 0.00600000
v -0.00700000 0.00900000 0.00000000
v -0.00700000 0.00900000 0.00600000
v -0.00700000 0.01100000 0.00000000
v -0.00700000 0.01100000 0.00600000
v -0.00700000 0.01300000 0.00000000
v -0.00700000 0.01300000 0.00600000
v -0.00700000 0.01500000 0.00000000
v -0.00700000 0.01500000 0.00600000
v -0.00700000 0.01700000 0.00000000
v -0.00700000 0.01700000 0.00600000
v -0.00700000 0.01900000 0.00000000
v -0.00700000 0.01900000 0.00600000
v -0.00700000 0.02100000 0.00000000
v -0.00700000 0.02100000 0.00600000
v -0.00700000 0.02300000 0.00000000
v -0.00700000 0.02300000 0.00600000
v -0.00700000 0.02500000 0.00000000
v -0.00700000 0.02500000 0.00600000
v -0.00700000 0.02700000 0.00000000
v -0.00700000 0.02700000 0.00600000
v -0.00700000 0.02900000 0.00000000
v -0.00700000 0.02900000 0.00600000
v -0.00700000 0.03100000 0.00000000
v -0.00700000 0.03100000 0.00600000
v -0.00700000 0.03300000 0.00000000
v -0.00700000 0.03300000 0.00600000
v -0.00700000 0.03500000 0.00000000
v -0.00700000 0.03500000 0.00600000
v -0.00700000 0.03700000 0.00000000
v -0.00700000 0.03700000 0.00600000
v -0.00700000 0.03900000 0.00000000
v -0.00700000 0.03900000 0.00600000
v -0.00700000 0.04100000 0.00000000
v -0.00700000 0.04100000 0.00600000
v -0.00700000 0.04300000 0.00000000
v -0.00700000 0.04300000 0.00600000
v -0.00700000 0.04500000 0.00000000
v -0.00700000 0.04500000 0.00600000
v -0.00700000 0.04700000 0.00000000
v -0.00700000 0.04700000 0.00600000
v -0.00700000 0.04900000 0.00000000
v -0.00700000 0.04900000 0.00600000
v -0.00700000 0.05100000 0.00000000
v -0.00700000 0.05100000 0.00600000
v -0.00700000 0.05300000 0.00000000
v -0.00700000 0.05100000 0.00850000
v -0.00700000 0.05300000 0.00850000
v -0.00700000 0.05500000 0.00000000
v -0.00700000 0.05500000 0.00850000
v -0.00700000 0.05700000 0.00200000
v -0.00700000 0.05700000 0.00000000
v -0.00700000 0.05700000 0.00400000
v -0.00700000 0.05700000 0.00600000
v -0.00700000 0.05700000 0.00850000
v -0.00500000 -0.05700000 0.00200000
v -0.00500000 -0.05700000 0.00000000
v -0.00500000 -0.05500000 0.00000000
v -0.00500000 -0.05700000 0.00400000
v -0.00500000 -0.05700000 0.00600000
v -0.00500000 -0.05700000 0.00850000
v -0.00500000 -0.05500000 0.00850000
v -0.00500000 -0.05300000 0.00000000
v -0.00500000 -0.05300000 0.00850000
v -0.00500000 -0.05100000 0.00000000
v -0.00500000 -0.05100000 0.00850000
v -0.00500000 -0.05100000 0.00600000
v -0.00500000 -0.04900000 0.00000000
v -0.00500000 -0.04900000 0.00600000
v -0.00500000 -0.04700000 0.00000000
v -0.00500000 -0.04700000 0.00600000
v -0.00500000 -0.04500000 0.00000000
v -0.00500000 -0.04500000 0.00600000
v -0.00500000 -0.04300000 0.00000000
v -0.00500000 -0.04300000 0.00600000
v -0.00500000 -0.04100000 0.00000000
v -0.00500000 -0.04100000 0.00600000
v -0.00500000 -0.03900000 0.00000000
v -0.00500000 -0.03900000 0.00600000
v -0.00500000 -0.03700000 0.00000000
v -0.00500000 -0.03700000 0.00600000
v -0.00500000 -0.03500000 0.00000000
v -0.00500000 -0.03500000 0.00600000
v -0.00500000 -0.03300000 0.00000000
v -0.00500000 -0.03300000 0.00600000
v -0.00500000 -0.03100000 0.00000000
v -0.00500000 -0.03100000 0.00600000
v -0.00500000 -0.02900000 0.00000000
v -0.00500000 -0.02900000 0.00600000
v -0.00500000 -0.02700000 0.00000000
v -0.00500000 -0.02700000 0.00600000
v -0.00500000 -0.02500000 0.00000000
v -0.00500000 -0.02500000 0.00600000
v -0.00500000 -0.02300000 0.00000000
v -0.00500000 -0.02300000 0.00600000
v -0.00500000 -0.02100000 0.00000000
v -0.00500000 -0.02100000 0.00600000
v -0.00500000 -0.01900000 0.00000000
v -0.00500000 -0.01900000 0.00600000
v -0.00500000 -0.01700000 0.00000000
v -0.00500000 -0.01700000 0.00600000
v -0.00500000 -0.01500000 0.00000000
v -0.00500000 -0.01500000 0.00600000
v -0.00500000 -0.01300000 0.00000000
v -0.00500000 -0.01300000 0.00600000
v -0.00500000 -0.01100000 0.00000000
v -0.00500000 -0.01100000 0.00600000
v -0.00500000 -0.00900000 0.00000000
v -0.00500000 -0.00900000 0.00600000
v -0.00500000 -0.00700000 0.00000000
v -0.00500000 -0.00700000 0.00600000
v -0.00500000 -0.00500000 0.00000000
v -0.00500000 -0.00500000 0.00600000
v -0.00500000 -0.00300000 0.00000000
v -0.00500000 -0.00300000 0.00600000
v -0.00500000 -0.00100000 0.00000000
v -0.00500000 -0.00100000 0.00600000
v -0.00500000 0.00100000 0.00000000
v -0.00500000 0.00100000 0.00600000
v -0.00500000 0.00300000 0.00000000
v -0.00500000 0.00300000 0.00600000
v -0.00500000 0.00500000 0.00000000
v -0.00500000 0.00500000 0.00600000
v -0.00500000 0.00700000 0.00000000
v -0.00500000 0.00700000 0.00600000
v -0.00500000 0.00900000 0.00000000
v -0.00500000 0.00900000 0.00600000
v -0.00500000 0.01100000 0.00000000
v -0.00500000 0.01100000 0.00600000
v -0.00500000 0.01300000 0.00000000
v -0.00500000 0.01300000 0.00600000
v -0.00500000 0.01500000 0.00000000
v -0.00500000 0.01500000 0.00600000
v -0.00500000 0.01700000 0.00000000
v -0.00500000 0.01700000 0.00600000
v -0.00500000 0.01900000 0.00000000
v -0.00500000 0.01900000 0.00600000
v -0.00500000 0.02100000 0.00000000
v -0.00500000 0.02100000 0.00600000
v -0.00500000 0.02300000 0.00000000
v -0.00500000 0.02300000 0.00600000
v -0.00500000 0.02500000 0.00000000
v -0.00500000 0.02500000 0.00600000
v -0.00500000 0.02700000 0.00000000
v -0.00500000 0.02700000 0.00600000
v -0.00500000 0.02900000 0.00000000
v -0.00500000 0.02900000 0.00600000
v -0.00500000 0.03100000 0.00000000
v -0.00500000 0.03100000 0.00600000
v -0.00500000 0.03300000 0.00000000
v -0.00500000 0.03300000 0.00600000
v -0.00500000 0.03500000 0.00000000
v -0.00500000 0.03500000 0.00600000
v -0.00500000 0.03700000 0.00000000
v -0.00500000 0.03700000 0.00600000
v -0.00500000 0.03900000 0.00000000
v -0.00500000 0.03900000 0.00600000
v -0.00500000 0.04100000 0.00000000
v -0.00500000 0.04100000 0.00600000
v -0.00500000 0.04300000 0.00000000
v -0.00500000 0.04300000 0.00600000
v -0.00500000 0.04500000 0.00000000
v -0.00500000 0.04500000 0.00600000
v -0.00500000 0.04700000 0.00000000
v -0.00500000 0.04700000 0.00600000
v -0.00500000 0.04900000 0.00000000
v -0.00500000 0.04900000 0.00600000
v -0.00500000 0.05100000 0.00000000
v -0.00500000 0.05100000 0.00600000
v -0.00500000 0.05300000 0.00000000
v -0.00500000 0.05100000 0.00850000
v -0.00500000 0.05300000 0.00850000
v -0.00500000 0.05500000 0.00000000
v -0.00500000 0.05500000 0.00850000
v -0.00500000 0.05700000 0.00200000
v -0.00500000 0.05700000 0.00000000
v -0.00500000 0.05700000 0.00400000
v -0.00500000 0.05700000 0.00600000
v -0.00500000 0.05700000 0.00850000
v -0.00300000 -0.05700000 0.00200000
v -0.00300000 -0.05700000 0.00000000
v -0.00300000 -0.05500000 0.00000000
v -0.00300000 -0.05700000 0.00400000
v -0.00300000 -0.05700000 0.00600000
v -0.00300000 -0.05700000 0.00850000
v -0.00300000 -0.05500000 0.00850000
v -0.00300000 -0.05300000 0.00000000
v -0.00300000 -0.05300000 0.00850000
v -0.00300000 -0.05100000 0.00000000
v -0.00300000 -0.05100000 0.00850000
v -0.00300000 -0.05100000 0.00600000
v -0.00300000 -0.04900000 0.00000000
v -0.00300000 -0.04900000 0.00600000
v -0.00300000 -0.04700000 0.00000000
v -0.00300000 -0.04700000 0.00600000
v -0.00300000 -0.04500000 0.00000000
v -0.00300000 -0.04500000 0.00600000
v -0.00300000 -0.04300000 0.00000000
v -0.00300000 -0.04300000 0.00600000
v -0.00300000 -0.04100000 0.00000000
v -0.00300000 -0.04100000 0.00600000
v -0.00300000 -0.03900000 0.00000000
v -0.00300000 -0.03900000 0.00600000
v -0.00300000 -0.03700000 0.00000000
v -0.00300000 -0.03700000 0.00600000
v -0.00300000 -0.03500000 0.00000000
v -0.00300000 -0.03500000 0.00600000
v -0.00300000 -0.03300000 0.00000000
v -0.00300000 -0.03300000 0.00600000
v -0.00300000 -0.03100000 0.00000000
v -0.00300000 -0.03100000 0.00600000
v -0.00300000 -0.02900000 0.00000000
v -0.00300000 -0.02900000 0.00600000
v -0.00300000 -0.02700000 0.00000000
v -0.00300000 -0.02700000 0.00600000
v -0.00300000 -0.02500000 0.00000000
v -0.00300000 -0.02500000 0.00600000
v -0.00300000 -0.02300000 0.00000000
v -0.00300000 -0.02300000 0.00600000
v -0.00300000 -0.02100000 0.00000000
v -0.00300000 -0.02100000 0.00600000
v -0.00300000 -0.01900000 0.00000000
v -0.00300000 -0.01900000 0.00600000
v -0.00300000 -0.01700000 0.00000000
v -0.00300000 -0.01700000 0.00600000
v -0.00300000 -0.01500000 0.00000000
v -0.00300000 -0.01500000 0.00600000
v -0.00300000 -0.01300000 0.00000000
v -0.00300000 -0.01300000 0.00600000
v -0.00300000 -0.01100000 0.00000000
v -0.00300000 -0.01100000 0.00600000
v -0.00300000 -0.00900000 0.00000000
v -0.00300000 -0.00900000 0.00600000
v -0.00300000 -0.00700000 0.00000000
v -0.00300000 -0.00700000 0.00600000
v -0.00300000 -0.00500000 0.00000000
v -0.00300000 -0.00500000 0.00600000
v -0.00300000 -0.00300000 0.00000000
v -0.00300000 -0.00300000 0.00600000
v -0.00300000 -0.00100000 0.00000000
v -0.00300000 -0.00100000 0.00600000
v -0.00300000 0.00100000 0.00000000
v -0.00300000 0.00100000 0.00600000
v -0.00300000 0.00300000 0.00000000
v -0.00300000 0.00300000 0.00600000
v -0.00300000 0.00500000 0.00000000
v -0.00300000 0.00500000 0.00600000
v -0.00300000 0.00700000 0.00000000
v -0.00300000 0.00700000 0.00600000
v -0.00300000 0.00900000 0.00000000
v -0.00300000 0.00900000 0.00600000
v -0.00300000 0.01100000 0.00000000
v -0.00300000 0.01100000 0.00600000
v -0.00300000 0.01300000 0.00000000
v -0.00300000 0.01300000 0.00600000
v -0.00300000 0.01500000 0.00000000
v -0.00300000 0.01500000 0.00600000
v -0.00300000 0.01700000 0.00000000
v -0.00300000 0.01700000 0.00600000
v -0.00300000 0.01900000 0.00000000
v -0.00300000 0.01900000 0.00600000
v -0.00300000 0.02100000 0.00000000
v -0.00300000 0.02100000 0.00600000
v -0.00300000 0.02300000 0.00000000
v -0.00300000 0.02300000 0.00600000
v -0.00300000 0.02500000 0.00000000
v -0.00300000 0.02500000 0.00600000
v -0.00300000 0.02700000 0.00000000
v -0.00300000 0.02700000 0.00600000
v -0.00300000 0.02900000 0.00000000
v -0.00300000 0.02900000 0.00600000
v -0.00300000 0.03100000 0.00000000
v -0.00300000 0.03100000 0.00600000
v -0.00300000 0.03300000 0.00000000
v -0.00300000 0.03300000 0.00600000
v -0.00300000 0.03500000 0.00000000
v -0.00300000 0.03500000 0.00600000
v -0.00300000 0.03700000 0.00000000
v -0.00300000 0.03700000 0.00600000
v -0.00300000 0.03900000 0.00000000
v -0.00300000 0.03900000 0.00600000
v -0.00300000 0.04100000 0.00000000
v -0.00300000 0.04100000 0.00600000
v -0.00300000 0.04300000 0.00000000
v -0.00300000 0.04300000 0.00600000
v -0.00300000 0.04500000 0.00000000
v -0.00300000 0.04500000 0.00600000
v -0.00300000 0.04700000 0.00000000
v -0.00300000 0.04700000 0.00600000
v -0.00300000 0.04900000 0.00000000
v -0.00300000 0.04900000 0.00600000
v -0.00300000 0.05100000 0.00000000
v -0.00300000 0.05100000 0.00600000
v -0.00300000 0.05300000 0.00000000
v -0.00300000 0.05100000 0.00850000
v -0.00300000 0.05300000 0.00850000
v -0.00300000 0.05500000 0.00000000
v -0.00300000 0.05500000 0.00850000
v -0.00300000 0.05700000 0.00200000
v -0.00300000 0.05700000 0.00000000
v -0.00300000 0.05700000 0.00400000
v -0.00300000 0.05700000 0.00600000
v -0.00300000 0.05700000 0.00850000
v -0.00100000 -0.05700000 0.00200000
v -0.00100000 -0.05700000 0.00000000
v -0.00100000 -0.05500000 0.00000000
v -0.00100000 -0.05700000 0.00400000
v -0.00100000 -0.05700000 0.00600000
v -0.00100000 -0.05700000 0.00850000
v -0.00100000 -0.05500000 0.00850000
v -0.00100000 -0.05300000 0.00000000
v -0.00100000 -0.05300000 0.00850000
v -0.00100000 -0.05100000 0.00000000
v -0.00100000 -0.05100000 0.00850000
v -0.00100000 -0.05100000 0.00600000
v -0.00100000 -0.04900000 0.00000000
v -0.00100000 -0.04900000 0.00600000
v -0.00100000 -0.04700000 0.00000000
v -0.00100000 -0.04700000 0.00600000
v -0.00100000 -0.04500000 0.00000000
v -0.00100000 -0.04500000 0.00600000
v -0.00100000 -0.04300000 0.00000000
v -0.00100000 -0.04300000 0.00600000
v -0.00100000 -0.04100000 0.00000000
v -0.00100000 -0.04100000 0.00600000
v -0.00100000 -0.03900000 0.00000000
v -0.00100000 -0.03900000 0.00600000
v -0.00100000 -0.03700000 0.00000000
v -0.00100000 -0.03700000 0.00600000
v -0.00100000 -0.03500000 0.00000000
v -0.00100000 -0.03500000 0.00600000
v -0.00100000 -0.03300000 0.00000000
v -0.00100000 -0.03300000 0.00600000
v -0.00100000 -0.03100000 0.00000000
v -0.00100000 -0.03100000 0.00600000
v -0.00100000 -0.02900000 0.00000000
v -0.00100000 -0.02900000 0.00600000
v -0.00100000 -0.02700000 0.00000000
v -0.00100000 -0.02700000 0.00600000
v -0.00100000 -0.02500000 0.00000000
v -0.00100000 -0.02500000 0.00600000
v -0.00100000 -0.02300000 0.00000000
v -0.00100000 -0.02300000 0.00600000
v -0.00100000 -0.02100000 0.00000000
v -0.00100000 -0.02100000 0.00600000
v -0.00100000 -0.01900000 0.00000000
v -0.00100000 -0.01900000 0.00600000
v -0.00100000 -0.01700000 0.00000000
v -0.00100000 -0.01700000 0.00600000
v -0.00100000 -0.01500000 0.00000000
v -0.00100000 -0.01500000 0.00600000
v -0.00100000 -0.01300000 0.00000000
v -0.00100000 -0.01300000 0.00600000
v -0.00100000 -0.01100000 0.00000000
v -0.00100000 -0.01100000 0.00600000
v -0.00100000 -0.00900000 0.00000000
v -0.00100000 -0.00900000 0.00600000
v -0.00100000 -0.00700000 0.00000000
v -0.00100000 -0.00700000 0.00600000
v -0.00100000 -0.00500000 0.00000000
v -0.00100000 -0.00500000 0.00600000
v -0.00100000 -0.00300000 0.00000000
v -0.00100000 -0.00300000 0.00600000
v -0.00100000 -0.00100000 0.00000000
v -0.00100000 -0.00100000 0.00600000
v -0.00100000 0.00100000 0.00000000
v -0.00100000 0.00100000 0.00600000
v -0.00100000 0.00300000 0.00000000
v -0.00100000 0.00300000 0.00600000
v -0.00100000 0.00500000 0.00000000
v -0.00100000 0.00500000 0.00600000
v -0.00100000 0.00700000 0.00000000
v -0.00100000 0.00700000 0.00600000
v -0.00100000 0.00900000 0.00000000
v -0.00100000 0.00900000 0.00600000
v -0.00100000 0.01100000 0.00000000
v -0.00100000 0.01100000 0.00600000
v -0.00100000 0.01300000 0.00000000
v -0.00100000 0.01300000 0.00600000
v -0.00100000 0.01500000 0.00000000
v -0.00100000 0.01500000 0.00600000
v -0.00100000 0.01700000 0.00000000
v -0.00100000 0.01700000 0.00600000
v -0.00100000 0.01900000 0.00000000
v -0.00100000 0.01900000 0.00600000
v -0.00100000 0.02100000 0.00000000
v -0.00100000 0.02100000 0.00600000
v -0.00100000 0.02300000 0.00000000
v -0.00100000 0.02300000 0.00600000
v -0.00100000 0.02500000 0.00000000
v -0.00100000 0.02500000 0.00600000
v -0.00100000 0.02700000 0.00000000
v -0.00100000 0.02700000 0.00600000
v -0.00100000 0.02900000 0.00000000
v -0.00100000 0.02900000 0.00600000
v -0.00100000 0.03100000 0.00000000
v -0.00100000 0.03100000 0.00600000
v -0.00100000 0.03300000 0.00000000
v -0.00100000 0.03300000 0.00600000
v -0.00100000 0.03500000 0.00000000
v -0.00100000 0.03500000 0.00600000
v -0.00100000 0.03700000 0.00000000
v -0.00100000 0.03700000 0.00600000
v -0.00100000 0.03900000 0.00000000
v -0.00100000 0.03900000 0.00600000
v -0.00100000 0.04100000 0.00000000
v -0.00100000 0.04100000 0.00600000
v -0.00100000 0.04300000 0.00000000
v -0.00100000 0.04300000 0.00600000
v -0.00100000 0.04500000 0.00000000
v -0.00100000 0.04500000 0.00600000
v -0.00100000 0.04700000 0.00000000
v -0.00100000 0.04700000 0.00600000
v -0.00100000 0.04900000 0.00000000
v -0.00100000 0.04900000 0.00600000
v -0.00100000 0.05100000 0.00000000
v -0.00100000 0.05100000 0.00600000
v -0.00100000 0.05300000 0.00000000
v -0.00100000 0.05100000 0.00850000
v -0.00100000 0.05300000 0.00850000
v -0.00100000 0.05500000 0.00000000
v -0.00100000 0.05500000 0.00850000
v -0.00100000 0.05700000 0.00200000
v -0.00100000 0.05700000 0.00000000
v -0.00100000 0.05700000 0.00400000
v -0.00100000 0.05700000 0.00600000
v -0.00100000 0.05700000 0.00850000
v 0.00100000 -0.05700000 0.00200000
v 0.00100000 -0.05700000 0.00000000
v 0.00100000 -0.05500000 0.00000000
v 0.00100000 -0.05700000 0.00400000
v 0.00100000 -0.05700000 0.00600000
v 0.00100000 -0.05700000 0.00850000
v 0.00100000 -0.05500000 0.00850000
v 0.00100000 -0.05300000 0.00000000
v 0.00100000 -0.05300000 0.00850000
v 0.00100000 -0.05100000 0.00000000
v 0.00100000 -0.05100000 0.00850000
v 0.00100000 -0.05100000 0.00600000
v 0.00100000 -0.04900000 0.00000000
v 0.00100000 -0.04900000 0.00600000
v 0.00100000 -0.04700000 0.00000000
v 0.00100000 -0.04700000 0.00600000
v 0.00100000 -0.04500000 0.00000000
v 0.00100000 -0.04500000 0.00600000
v 0.00100000 -0.04300000 0.00000000
v 0.00100000 -0.04300000 0.00600000
v 0.00100000 -0.04100000 0.00000000
v 0.00100000 -0.04100000 0.00600000
v 0.00100000 -0.03900000 0.00000000
v 0.00100000 -0.03900000 0.00600000
v 0.00100000 -0.03700000 0.00000000
v 0.00100000 -0.03700000 0.00600000
v 0.00100000 -0.03500000 0.00000000
v 0.00100000 -0.03500000 0.00600000
v 0.00100000 -0.03300000 0.00000000
v 0.00100000 -0.03300000 0.00600000
v 0.00100000 -0.03100000 0.00000000
v 0.00100000 -0.03100000 0.00600000
v 0.00100000 -0.02900000 0.00000000
v 0.00100000 -0.02900000 0.00600000
v 0.00100000 -0.02700000 0.00000000
v 0.00100000 -0.02700000 0.00600000
v 0.00100000 -0.02500000 0.00000000
v 0.00100000 -0.02500000 0.00600000
v 0.00100000 -0.02300000 0.00000000
v 0.00100000 -0.02300000 0.00600000
v 0.00100000 -0.02100000 0.00000000
v 0.00100000 -0.02100000 0.00600000
v 0.00100000 -0.01900000 0.00000000
v 0.00100000 -0.01900000 0.00600000
v 0.00100000 -0.01700000 0.00000000
v 0.00100000 -0.01700000 0.00600000
v 0.00100000 -0.01500000 0.00000000
v 0.00100000 -0.01500000 0.00600000
v 0.00100000 -0.01300000 0.00000000
v 0.00100000 -0.01300000 0.00600000
v 0.00100000 -0.01100000 0.00000000
v 0.00100000 -0.01100000 0.00600000
v 0.00100000 -0.00900000 0.00000000
v 0.00100000 -0.00900000 0.00600000
v 0.00100000 -0.00700000 0.00000000
v 0.00100000 -0.00700000 0.00600000
v 0.00100000 -0.00500000 0.00000000
v 0.00100000 -0.00500000 0.00600000
v 0.00100000 -0.00300000 0.00000000
v 0.00100000 -0.00300000 0.00600000
v 0.00100000 -0.00100000 0.00000000
v 0.00100000 -0.00100000 0.00600000
v 0.00100000 0.00100000 0.00000000
v 0.00100000 0.00100000 0.00600000
v 0.00100000 0.00300000 0.00000000
v 0.00100000 0.00300000 0.00600000
v 0.00100000 0.00500000 0.00000000
v 0.00100000 0.00500000 0.00600000
v 0.00100000 0.00700000 0.00000000
v 0.00100000 0.00700000 0.00600000
v 0.00100000 0.00900000 0.00000000
v 0.00100000 0.00900000 0.00600000
v 0.00100000 0.01100000 0.00000000
v 0.00100000 0.01100000 0.00600000
v 0.00100000 0.01300000 0.00000000
v 0.00100000 0.01300000 0.00600000
v 0.00100000 0.01500000 0.00000000
v 0.00100000 0.01500000 0.00600000
v 0.00100000 0.01700000 0.00000000
v 0.00100000 0.01700000 0.00600000
v 0.00100000 0.01900000 0.00000000
v 0.00100000 0.01900000 0.00600000
v 0.00100000 0.02100000 0.00000000
v 0.00100000 0.02100000 0.00600000
v 0.00100000 0.02300000 0.00000000
v 0.00100000 0.02300000 0.00600000
v 0.00100000 0.02500000 0.00000000
v 0.00100000 0.02500000 0.00600000
v 0.00100000 0.02700000 0.00000000
v 0.00100000 0.02700000 0.00600000
v 0.00100000 0.02900000 0.00000000
v 0.00100000 0.02900000 0.00600000
v 0.00100000 0.03100000 0.00000000
v 0.00100000 0.03100000 0.00600000
v 0.00100000 0.03300000 0.00000000
v 0.00100000 0.03300000 0.00600000
v 0.00100000 0.03500000 0.00000000
v 0.00100000 0.03500000 0.00600000
v 0.00100000 0.03700000 0.00000000
v 0.00100000 0.03700000 0.00600000
v 0.00100000 0.03900000 0.00000000
v 0.00100000 0.03900000 0.00600000
v 0.00100000 0.04100000 0.00000000
v 0.00100000 0.04100000 0.00600000
v 0.00100000 0.04300000 0.00000000
v 0.00100000 0.04300000 0.00600000
v 0.00100000 0.04500000 0.00000000
v 0.00100000 0.04500000 0.00600000
v 0.00100000 0.04700000 0.00000000
v 0.00100000 0.04700000 0.00600000
v 0.00100000 0.04900000 0.00000000
v 0.00100000 0.04900000 0.00600000
v 0.00100000 0.05100000 0.00000000
v 0.00100000 0.05100000 0.00600000
v 0.00100000 0.05300000 0.00000000
v 0.00100000 0.05100000 0.00850000
v 0.00100000 0.05300000 0.00850000
v 0.00100000 0.05500000 0.00000000
v 0.00100000 0.05500000 0.00850000
v 0.00100000 0.05700000 0.00200000
v 0.00100000 0.05700000 0.00000000
v 0.00100000 0.05700000 0.00400000
v 0.00100000 0.05700000 0.00600000
v 0.00100000 0.05700000 0.00850000
v 0.00300000 -0.05700000 0.00200000
v 0.00300000 -0.05700000 0.00000000
v 0.00300000 -0.05500000 0.00000000
v 0.00300000 -0.05700000 0.00400000
v 0.00300000 -0.05700000 0.00600000
v 0.00300000 -0.05700000 0.00850000
v 0.00300000 -0.05500000 0.00850000
v 0.00300000 -0.05300000 0.00000000
v 0.00300000 -0.05300000 0.00850000
v 0.00300000 -0.05100000 0.00000000
v 0.00300000 -0.05100000 0.00850000
v 0.00300000 -0.05100000 0.00600000
v 0.00300000 -0.04900000 0.00000000
v 0.00300000 -0.04900000 0.00600000
v 0.00300000 -0.04700000 0.00000000
v 0.00300000 -0.04700000 0.00600000
v 0.00300000 -0.04500000 0.00000000
v 0.00300000 -0.04500000 0.00600000
v 0.00300000 -0.04300000 0.00000000
v 0.00300000 -0.04300000 0.00600000
v 0.00300000 -0.04100000 0.00000000
v 0.00300000 -0.04100000 0.00600000
v 0.00300000 -0.03900000 0.00000000
v 0.00300000 -0.03900000 0.00600000
v 0.00300000 -0.03700000 0.00000000
v 0.00300000 -0.03700000 0.00600000
v 0.00300000 -0.03500000 0.00000000
v 0.00300000 -0.03500000 0.00600000
v 0.00300000 -0.03300000 0.00000000
v 0.00300000 -0.03300000 0.00600000
v 0.00300000 -0.03100000 0.00000000
v 0.00300000 -0.03100000 0.00600000
v 0.00300000 -0.02900000 0.00000000
v 0.00300000 -0.02900000 0.00600000
v 0.00300000 -0.02700000 0.00000000
v 0.00300000 -0.02700000 0.00600000
v 0.00300000 -0.02500000 0.00000000
v 0.00300000 -0.02500000 0.00600000
v 0.00300000 -0.02300000 0.00000000
v 0.00300000 -0.02300000 0.00600000
v 0.00300000 -0.02100000 0.00000000
v 0.00300000 -0.02100000 0.00600000
v 0.00300000 -0.01900000 0.00000000
v 0.00300000 -0.01900000 0.00600000
v 0.00300000 -0.01700000 0.00000000
v 0.00300000 -0.01700000 0.00600000
v 0.00300000 -0.01500000 0.00000000
v 0.00300000 -0.01500000 0.00600000
v 0.00300000 -0.01300000 0.00000000
v 0.00300000 -0.01300000 0.00600000
v 0.00300000 -0.01100000 0.00000000
v 0.00300000 -0.01100000 0.00600000
v 0.00300000 -0.00900000 0.00000000
v 0.00300000 -0.00900000 0.00600000
v 0.00300000 -0.00700000 0.00000000
v 0.00300000 -0.00700000 0.00600000
v 0.00300000 -0.00500000 0.00000000
v 0.00300000 -0.00500000 0.00600000
v 0.00300000 -0.00300000 0.00000000
v 0.00300000 -0.00300000 0.00600000
v 0.00300000 -0.00100000 0.00000000
v 0.00300000 -0.00100000 0.00600000
v 0.00300000 0.00100000 0.00000000
v 0.00300000 0.00100000 0.00600000
v 0.00300000 0.00300000 0.00000000
v 0.00300000 0.00300000 0.00600000
v 0.00300000 0.00500000 0.00000000
v 0.00300000 0.00500000 0.00600000
v 0.00300000 0.00700000 0.00000000
v 0.00300000 0.00700000 0.00600000
v 0.00300000 0.00900000 0.00000000
v 0.00300000 0.00900000 0.00600000
v 0.00300000 0.01100000 0.00000000
v 0.00300000 0.01100000 0.00600000
v 0.00300000 0.01300000 0.00000000
v 0.00300000 0.01300000 0.00600000
v 0.00300000 0.01500000 0.00000000
v 0.00300000 0.01500000 0.00600000
v 0.00300000 0.01700000 0.00000000
v 0.00300000 0.01700000 0.00600000
v 0.00300000 0.01900000 0.00000000
v 0.00300000 0.01900000 0.00600000
v 0.00300000 0.02100000 0.00000000
v 0.00300000 0.02100000 0.00600000
v 0.00300000 0.02300000 0.00000000
v 0.00300000 0.02300000 0.00600000
v 0.00300000 0.02500000 0.00000000
v 0.00300000 0.02500000 0.00600000
v 0.00300000 0.02700000 0.00000000
v 0.00300000 0.02700000 0.00600000
v 0.00300000 0.02900000 0.00000000
v 0.00300000 0.02900000 0.00600000
v 0.00300000 0.03100000 0.00000000
v 0.00300000 0.03100000 0.00600000
v 0.00300000 0.03300000 0.00000000
v 0.00300000 0.03300000 0.00600000
v 0.00300000 0.03500000 0.00000000
v 0.00300000 0.03500000 0.00600000
v 0.00300000 0.03700000 0.00000000
v 0.00300000 0.03700000 0.00600000
v 0.00300000 0.03900000 0.00000000
v 0.00300000 0.03900000 0.00600000
v 0.00300000 0.04100000 0.00000000
v 0.00300000 0.04100000 0.00600000
v 0.00300000 0.04300000 0.00000000
v 0.00300000 0.04300000 0.00600000
v 0.00300000 0.04500000 0.00000000
v 0.00300000 0.04500000 0.00600000
v 0.00300000 0.04700000 0.00000000
v 0.00300000 0.04700000 0.00600000
v 0.00300000 0.04900000 0.00000000
v 0.00300000 0.04900000 0.00600000
v 0.00300000 0.05100000 0.00000000
v 0.00300000 0.05100000 0.00600000
v 0.00300000 0.05300000 0.00000000
v 0.00300000 0.05100000 0.00850000
v 0.00300000 0.05300000 0.00850000
v 0.00300000 0.05500000 0.00000000
v 0.00300000 0.05500000 0.00850000
v 0.00300000 0.05700000 0.00200000
v 0.00300000 0.05700000 0.00000000
v 0.00300000 0.05700000 0.00400000
v 0.00300000 0.05700000 0.00600000
v 0.00300000 0.05700000 0.00850000
v 0.00500000 -0.05700000 0.00200000
v 0.00500000 -0.05700000 0.00000000
v 0.00500000 -0.05500000 0.00000000
v 0.00500000 -0.05700000 0.00400000
v 0.00500000 -0.05700000 0.00600000
v 0.00500000 -0.05700000 0.00850000
v 0.00500000 -0.05500000 0.00850000
v 0.00500000 -0.05300000 0.00000000
v 0.00500000 -0.05300000 0.00850000
v 0.00500000 -0.05100000 0.00000000
v 0.00500000 -0.05100000 0.00850000
v 0.00500000 -0.05100000 0.00600000
v 0.00500000 -0.04900000 0.00000000
v 0.00500000 -0.04900000 0.00600000
v 0.00500000 -0.04700000 0.00000000
v 0.00500000 -0.04700000 0.00600000
v 0.00500000 -0.04500000 0.00000000
v 0.00500000 -0.04500000 0.00600000
v 0.00500000 -0.04300000 0.00000000
v 0.00500000 -0.04300000 0.00600000
v 0.00500000 -0.04100000 0.00000000
v 0.00500000 -0.04100000 0.00600000
v 0.00500000 -0.03900000 0.00000000
v 0.00500000 -0.03900000 0.00600000
v 0.00500000 -0.03700000 0.00000000
v 0.00500000 -0.03700000 0.00600000
v 0.00500000 -0.03500000 0.00000000
v 0.00500000 -0.03500000 0.00600000
v 0.00500000 -0.03300000 0.00000000
v 0.00500000 -0.03300000 0.00600000
v 0.00500000 -0.03100000 0.00000000
v 0.00500000 -0.03100000 0.00600000
v 0.00500000 -0.02900000 0.00000000
v 0.00500000 -0.02900000 0.00600000
v 0.00500000 -0.02700000 0.00000000
v 0.00500000 -0.02700000 0.00600000
v 0.00500000 -0.02500000 0.00000000
v 0.00500000 -0.02500000 0.00600000
v 0.00500000 -0.02300000 0.00000000
v 0.00500000 -0.02300000 0.00600000
v 0.00500000 -0.02100000 0.00000000
v 0.00500000 -0.02100000 0.00600000
v 0.00500000 -0.01900000 0.00000000
v 0.00500000 -0.01900000 0.00600000
v 0.00500000 -0.01700000 0.00000000
v 0.00500000 -0.01700000 0.00600000
v 0.00500000 -0.01500000 0.00000000
v 0.00500000 -0.01500000 0.00600000
v 0.00500000 -0.01300000 0.00000000
v 0.00500000 -0.01300000 0.00600000
v 0.00500000 -0.01100000 0.00000000
v 0.00500000 -0.01100000 0.00600000
v 0.00500000 -0.00900000 0.00000000
v 0.00500000 -0.00900000 0.00600000
v 0.00500000 -0.00700000 0.00000000
v 0.00500000 -0.00700000 0.00600000
v 0.00500000 -0.00500000 0.00000000
v 0.00500000 -0.00500000 0.00600000
v 0.00500000 -0.00300000 0.00000000
v 0.00500000 -0.00300000 0.00600000
v 0.00500000 -0.00100000 0.00000000
v 0.00500000 -0.00100000 0.00600000
v 0.00500000 0.00100000 0.00000000
v 0.00500000 0.00100000 0.00600000
v 0.00500000 0.00300000 0.00000000
v 0.00500000 0.00300000 0.00600000
v 0.00500000 0.00500000 0.00000000
v 0.00500000 0.00500000 0.00600000
v 0.00500000 0.00700000 0.00000000
v 0.00500000 0.00700000 0.00600000
v 0.00500000 0.00900000 0.00000000
v 0.00500000 0.00900000 0.00600000
v 0.00500000 0.01100000 0.00000000
v 0.00500000 0.01100000 0.00600000
v 0.00500000 0.01300000 0.00000000
v 0.00500000 0.01300000 0.00600000
v 0.00500000 0.01500000 0.00000000
v 0.00500000 0.01500000 0.00600000
v 0.00500000 0.01700000 0.00000000
v 0.00500000 0.01700000 0.00600000
v 0.00500000 0.01900000 0.00000000
v 0.00500000 0.01900000 0.00600000
v 0.00500000 0.02100000 0.00000000
v 0.00500000 0.02100000 0.00600000
v 0.00500000 0.02300000 0.00000000
v 0.00500000 0.02300000 0.00600000
v 0.00500000 0.02500000 0.00000000
v 0.00500000 0.02500000 0.00600000
v 0.00500000 0.02700000 0.00000000
v 0.00500000 0.02700000 0.00600000
v 0.00500000 0.02900000 0.00000000
v 0.00500000 0.02900000 0.00600000
v 0.00500000 0.03100000 0.00000000
v 0.00500000 0.03100000 0.00600000
v 0.00500000 0.03300000 0.00000000
v 0.00500000 0.03300000 0.00600000
v 0.00500000 0.03500000 0.00000000
v 0.00500000 0.03500000 0.00600000
v 0.00500000 0.03700000 0.00000000
v 0.00500000 0.03700000 0.00600000
v 0.00500000 0.03900000 0.00000000
v 0.00500000 0.03900000 0.00600000
v 0.00500000 0.04100000 0.00000000
v 0.00500000 0.04100000 0.00600000
v 0.00500000 0.04300000 0.00000000
v 0.00500000 0.04300000 0.00600000
v 0.00500000 0.04500000 0.00000000
v 0.00500000 0.04500000 0.00600000
v 0.00500000 0.04700000 0.00000000
v 0.00500000 0.04700000 0.00600000
v 0.00500000 0.04900000 0.00000000
v 0.00500000 0.04900000 0.00600000
v 0.00500000 0.05100000 0.00000000
v 0.00500000 0.05100000 0.00600000
v 0.00500000 0.05300000 0.00000000
v 0.00500000 0.05100000 0.00850000
v 0.00500000 0.05300000 0.00850000
v 0.00500000 0.05500000 0.00000000
v 0.00500000 0.05500000 0.00850000
v 0.00500000 0.05700000 0.00200000
v 0.00500000 0.05700000 0.00000000
v 0.00500000 0.05700000 0.00400000
v 0.00500000 0.05700000 0.00600000
v 0.00500000 0.05700000 0.00850000
v 0.00700000 -0.05700000 0.00200000
v 0.00700000 -0.05700000 0.00000000
v 0.00700000 -0.05500000 0.00000000
v 0.00700000 -0.05700000 0.00400000
v 0.00700000 -0.05700000 0.00600000
v 0.00700000 -0.05700000 0.00850000
v 0.00700000 -0.05500000 0.00850000
v 0.00700000 -0.05300000 0.00000000
v 0.00700000 -0.05300000 0.00850000
v 0.00700000 -0.05100000 0.00000000
v 0.00700000 -0.05100000 0.00850000
v 0.00700000 -0.05100000 0.00600000
v 0.00700000 -0.04900000 0.00000000
v 0.00700000 -0.04900000 0.00600000
v 0.00700000 -0.04700000 0.00000000
v 0.00700000 -0.04700000 0.00600000
v 0.00700000 -0.04500000 0.00000000
v 0.00700000 -0.04500000 0.00600000
v 0.00700000 -0.04300000 0.00000000
v 0.00700000 -0.04300000 0.00600000
v 0.00700000 -0.04100000 0.00000000
v 0.00700000 -0.04100000 0.00600000
v 0.00700000 -0.03900000 0.00000000
v 0.00700000 -0.03900000 0.00600000
v 0.00700000 -0.03700000 0.00000000
v 0.00700000 -0.03700000 0.00600000
v 0.00700000 -0.03500000 0.00000000
v 0.00700000 -0.03500000 0.00600000
v 0.00700000 -0.03300000 0.00000000
v 0.00700000 -0.03300000 0.00600000
v 0.00700000 -0.03100000 0.00000000
v 0.00700000 -0.03100000 0.00600000
v 0.00700000 -0.02900000 0.00000000
v 0.00700000 -0.02900000 0.00600000
v 0.00700000 -0.02700000 0.00000000
v 0.00700000 -0.02700000 0.00600000
v 0.00700000 -0.02500000 0.00000000
v 0.00700000 -0.02500000 0.00600000
v 0.00700000 -0.02300000 0.00000000
v 0.00700000 -0.02300000 0.00600000
v 0.00700000 -0.02100000 0.00000000
v 0.00700000 -0.02100000 0.00600000
v 0.00700000 -0.01900000 0.00000000
v 0.00700000 -0.01900000 0.00600000
v 0.00700000 -0.01700000 0.00000000
v 0.00700000 -0.01700000 0.00600000
v 0.00700000 -0.01500000 0.00000000
v 0.00700000 -0.01500000 0.00600000
v 0.00700000 -0.01300000 0.00000000
v 0.00700000 -0.01300000 0.00600000
v 0.00700000 -0.01100000 0.00000000
v 0.00700000 -0.01100000 0.00600000
v 0.00700000 -0.00900000 0.00000000
v 0.00700000 -0.00900000 0.00600000
v 0.00700000 -0.00700000 0.00000000
v 0.00700000 -0.00700000 0.00600000
v 0.00700000 -0.00500000 0.00000000
v 0.00700000 -0.00500000 0.00600000
v 0.00700000 -0.00300000 0.00000000
v 0.00700000 -0.00300000 0.00600000
v 0.00700000 -0.00100000 0.00000000
v 0.00700000 -0.00100000 0.00600000
v 0.00700000 0.00100000 0.00000000
v 0.00700000 0.00100000 0.00600000
v 0.00700000 0.00300000 0.00000000
v 0.00700000 0.00300000 0.00600000
v 0.00700000 0.00500000 0.00000000
v 0.00700000 0.00500000 0.00600000
v 0.00700000 0.00700000 0.00000000
v 0.00700000 0.00700000 0.00600000
v 0.00700000 0.00900000 0.00000000
v 0.00700000 0.00900000 0.00600000
v 0.00700000 0.01100000 0.00000000
v 0.00700000 0.01100000 0.00600000
v 0.00700000 0.01300000 0.00000000
v 0.00700000 0.01300000 0.00600000
v 0.00700000 0.01500000 0.00000000
v 0.00700000 0.01500000 0.00600000
v 0.00700000 0.01700000 0.00000000
v 0.00700000 0.01700000 0.00600000
v 0.00700000 0.01900000 0.00000000
v 0.00700000 0.01900000 0.00600000
v 0.00700000 0.02100000 0.00000000
v 0.00700000 0.02100000 0.00600000
v 0.00700000 0.02300000 0.00000000
v 0.00700000 0.02300000 0.00600000
v 0.00700000 0.02500000 0.00000000
v 0.00700000 0.02500000 0.00600000
v 0.00700000 0.02700000 0.00000000
v 0.00700000 0.02700000 0.00600000
v 0.00700000 0.02900000 0.00000000
v 0.00700000 0.02900000 0.00600000
v 0.00700000 0.03100000 0.00000000
v 0.00700000 0.03100000 0.00600000
v 0.00700000 0.03300000 0.00000000
v 0.00700000 0.03300000 0.00600000
v 0.00700000 0.03500000 0.00000000
v 0.00700000 0.03500000 0.00600000
v 0.00700000 0.03700000 0.00000000
v 0.00700000 0.03700000 0.00600000
v 0.00700000 0.03900000 0.00000000
v 0.00700000 0.03900000 0.00600000
v 0.00700000 0.04100000 0.00000000
v 0.00700000 0.04100000 0.00600000
v 0.00700000 0.04300000 0.00000000
v 0.00700000 0.04300000 0.00600000
v 0.00700000 0.04500000 0.00000000
v 0.00700000 0.04500000 0.00600000
v 0.00700000 0.04700000 0.00000000
v 0.00700000 0.04700000 0.00600000
v 0.00700000 0.04900000 0.00000000
v 0.00700000 0.04900000 0.00600000
v 0.00700000 0.05100000 0.00000000
v 0.00700000 0.05100000 0.00600000
v 0.00700000 0.05300000 0.00000000
v 0.00700000 0.05100000 0.00850000
v 0.00700000 0.05300000 0.00850000
v 0.00700000 0.05500000 0.00000000
v 0.00700000 0.05500000 0.00850000
v 0.00700000 0.05700000 0.00200000
v 0.00700000 0.05700000 0.00000000
v 0.00700000 0.05700000 0.00400000
v 0.00700000 0.05700000 0.00600000
v 0.00700000 0.05700000 0.00850000
v 0.00900000 -0.05700000 0.00200000
v 0.00900000 -0.05700000 0.00000000
v 0.00900000 -0.05500000 0.00000000
v 0.00900000 -0.05700000 0.00400000
v 0.00900000 -0.05700000 0.00600000
v 0.00900000 -0.05700000 0.00850000
v 0.00900000 -0.05500000 0.00850000
v 0.00900000 -0.05300000 0.00000000
v 0.00900000 -0.05300000 0.00850000
v 0.00900000 -0.05100000 0.00000000
v 0.00900000 -0.05100000 0.00850000
v 0.00900000 -0.05100000 0.00600000
v 0.00900000 -0.04900000 0.00000000
v 0.00900000 -0.04900000 0.00600000
v 0.00900000 -0.04700000 0.00000000
v 0.00900000 -0.04700000 0.00600000
v 0.00900000 -0.04500000 0.00000000
v 0.00900000 -0.04500000 0.00600000
v 0.00900000 -0.04300000 0.00000000
v 0.00900000 -0.04300000 0.00600000
v 0.00900000 -0.04100000 0.00000000
v 0.00900000 -0.04100000 0.00600000
v 0.00900000 -0.03900000 0.00000000
v 0.00900000 -0.03900000 0.00600000
v 0.00900000 -0.03700000 0.00000000
v 0.00900000 -0.03700000 0.00600000
v 0.00900000 -0.03500000 0.00000000
v 0.00900000 -0.03500000 0.00600000
v 0.00900000 -0.03300000 0.00000000
v 0.00900000 -0.03300000 0.00600000
v 0.00900000 -0.03100000 0.00000000
v 0.00900000 -0.03100000 0.00600000
v 0.00900000 -0.02900000 0.00000000
v 0.00900000 -0.02900000 0.00600000
v 0.00900000 -0.02700000 0.00000000
v 0.00900000 -0.02700000 0.00600000
v 0.00900000 -0.02500000 0.00000000
v 0.00900000 -0.02500000 0.00600000
v 0.00900000 -0.02300000 0.00000000
v 0.00900000 -0.02300000 0.00600000
v 0.00900000 -0.02100000 0.00000000
v 0.00900000 -0.02100000 0.00600000
v 0.00900000 -0.01900000 0.00000000
v 0.00900000 -0.01900000 0.00600000
v 0.00900000 -0.01700000 0.00000000
v 0.00900000 -0.01700000 0.00600000
v 0.00900000 -0.01500000 0.00000000
v 0.00900000 -0.01500000 0.00600000
v 0.00900000 -0.01300000 0.00000000
v 0.00900000 -0.01300000 0.00600000
v 0.00900000 -0.01100000 0.00000000
v 0.00900000 -0.01100000 0.00600000
v 0.00900000 -0.00900000 0.00000000
v 0.00900000 -0.00900000 0.00600000
v 0.00900000 -0.00700000 0.00000000
v 0.00900000 -0.00700000 0.00600000
v 0.00900000 -0.00500000 0.00000000
v 0.00900000 -0.00500000 0.00600000
v 0.00900000 -0.00300000 0.00000000
v 0.00900000 -0.00300000 0.00600000
v 0.00900000 -0.00100000 0.00000000
v 0.00900000 -0.00100000 0.00600000
v 0.00900000 0.00100000 0.00000000
v 0.00900000 0.00100000 0.00600000
v 0.00900000 0.00300000 0.00000000
v 0.00900000 0.00300000 0.00600000
v 0.00900000 0.00500000 0.00000000
v 0.00900000 0.00500000 0.00600000
v 0.00900000 0.00700000 0.00000000
v 0.00900000 0.00700000 0.00600000
v 0.00900000 0.00900000 0.00000000
v 0.00900000 0.00900000 0.00600000
v 0.00900000 0.01100000 0.00000000
v 0.00900000 0.01100000 0.00600000
v 0.00900000 0.01300000 0.00000000
v 0.00900000 0.01300000 0.00600000
v 0.00900000 0.01500000 0.00000000
v 0.00900000 0.01500000 0.00600000
v 0.00900000 0.01700000 0.00000000
v 0.00900000 0.01700000 0.00600000
v 0.00900000 0.01900000 0.00000000
v 0.00900000 0.01900000 0.00600000
v 0.00900000 0.02100000 0.00000000
v 0.00900000 0.02100000 0.00600000
v 0.00900000 0.02300000 0.00000000
v 0.00900000 0.02300000 0.00600000
v 0.00900000 0.02500000 0.00000000
v 0.00900000 0.02500000 0.00600000
v 0.00900000 0.02700000 0.00000000
v 0.00900000 0.02700000 0.00600000
v 0.00900000 0.02900000 0.00000000
v 0.00900000 0.02900000 0.00600000
v 0.00900000 0.03100000 0.00000000
v 0.00900000 0.03100000 0.00600000
v 0.00900000 0.03300000 0.00000000
v 0.00900000 0.03300000 0.00600000
v 0.00900000 0.03500000 0.00000000
v 0.00900000 0.03500000 0.00600000
v 0.00900000 0.03700000 0.00000000
v 0.00900000 0.03700000 0.00600000
v 0.00900000 0.03900000 0.00000000
v 0.00900000 0.03900000 0.00600000
v 0.00900000 0.04100000 0.00000000
v 0.00900000 0.04100000 0.00600000
v 0.00900000 0.04300000 0.00000000
v 0.00900000 0.04300000 0.00600000
v 0.00900000 0.04500000 0.00000000
v 0.00900000 0.04500000 0.00600000
v 0.00900000 0.04700000 0.00000000
v 0.00900000 0.04700000 0.00600000
v 0.00900000 0.04900000 0.00000000
v 0.00900000 0.04900000 0.00600000
v 0.00900000 0.05100000 0.00000000
v 0.00900000 0.05100000 0.00600000
v 0.00900000 0.05300000 0.00000000
v 0.00900000 0.05100000 0.00850000
v 0.00900000 0.05300000 0.00850000
v 0.00900000 0.05500000 0.00000000
v 0.00900000 0.05500000 0.00850000
v 0.00900000 0.05700000 0.00200000
v 0.00900000 0.05700000 0.00000000
v 0.00900000 0.05700000 0.00400000
v 0.00900000 0.05700000 0.00600000
v 0.00900000 0.05700000 0.00850000
v 0.01100000 -0.05700000 0.00200000
v 0.01100000 -0.05700000 0.00000000
v 0.01100000 -0.05500000 0.00000000
v 0.01100000 -0.05700000 0.00400000
v 0.01100000 -0.05700000 0.00600000
v 0.01100000 -0.05700000 0.00850000
v 0.01100000 -0.05500000 0.00850000
v 0.01100000 -0.05300000 0.00000000
v 0.01100000 -0.05300000 0.00850000
v 0.01100000 -0.05100000 0.00000000
v 0.01100000 -0.05100000 0.00850000
v 0.01100000 -0.05100000 0.00600000
v 0.01100000 -0.04900000 0.00000000
v 0.01100000 -0.04900000 0.00600000
v 0.01100000 -0.04700000 0.00000000
v 0.01100000 -0.04700000 0.00600000
v 0.01100000 -0.04500000 0.00000000
v 0.01100000 -0.04500000 0.00600000
v 0.01100000 -0.04300000 0.00000000
v 0.01100000 -0.04300000 0.00600000
v 0.01100000 -0.04100000 0.00000000
v 0.01100000 -0.04100000 0.00600000
v 0.01100000 -0.03900000 0.00000000
v 0.01100000 -0.03900000 0.00600000
v 0.01100000 -0.03700000 0.00000000
v 0.01100000 -0.03700000 0.00600000
v 0.01100000 -0.03500000 0.00000000
v 0.01100000 -0.03500000 0.00600000
v 0.01100000 -0.03300000 0.00000000
v 0.01100000 -0.03300000 0.00600000
v 0.01100000 -0.03100000 0.00000000
v 0.01100000 -0.03100000 0.00600000
v 0.01100000 -0.02900000 0.00000000
v 0.01100000 -0.02900000 0.00600000
v 0.01100000 -0.02700000 0.00000000
v 0.01100000 -0.02700000 0.00600000
v 0.01100000 -0.02500000 0.00000000
v 0.01100000 -0.02500000 0.00600000
v 0.01100000 -0.02300000 0.00000000
v 0.01100000 -0.02300000 0.00600000
v 0.01100000 -0.02100000 0.00000000
v 0.01100000 -0.02100000 0.00600000
v 0.01100000 -0.01900000 0.00000000
v 0.01100000 -0.01900000 0.00600000
v 0.01100000 -0.01700000 0.00000000
v 0.01100000 -0.01700000 0.00600000
v 0.01100000 -0.01500000 0.00000000
v 0.01100000 -0.01500000 0.00600000
v 0.01100000 -0.01300000 0.00000000
v 0.01100000 -0.01300000 0.00600000
v 0.01100000 -0.01100000 0.00000000
v 0.01100000 -0.01100000 0.00600000
v 0.01100000 -0.00900000 0.00000000
v 0.01100000 -0.00900000 0.00600000
v 0.01100000 -0.00700000 0.00000000
v 0.01100000 -0.00700000 0.00600000
v 0.01100000 -0.00500000 0.00000000
v 0.01100000 -0.00500000 0.00600000
v 0.01100000 -0.00300000 0.00000000
v 0.01100000 -0.00300000 0.00600000
v 0.01100000 -0.00100000 0.00000000
v 0.01100000 -0.00100000 0.00600000
v 0.01100000 0.00100000 0.00000000
v 0.01100000 0.00100000 0.00600000
v 0.01100000 0.00300000 0.00000000
v 0.01100000 0.00300000 0.00600000
v 0.01100000 0.00500000 0.00000000
v 0.01100000 0.00500000 0.00600000
v 0.01100000 0.00700000 0.00000000
v 0.01100000 0.00700000 0.00600000
v 0.01100000 0.00900000 0.00000000
v 0.01100000 0.00900000 0.00600000
v 0.01100000 0.01100000 0.00000000
v 0.01100000 0.01100000 0.00600000
v 0.01100000 0.01300000 0.00000000
v 0.01100000 0.01300000 0.00600000
v 0.01100000 0.01500000 0.00000000
v 0.01100000 0.01500000 0.00600000
v 0.01100000 0.01700000 0.00000000
v 0.01100000 0.01700000 0.00600000
v 0.01100000 0.01900000 0.00000000
v 0.01100000 0.01900000 0.00600000
v 0.01100000 0.02100000 0.00000000
v 0.01100000 0.02100000 0.00600000
v 0.01100000 0.02300000 0.00000000
v 0.01100000 0.02300000 0.00600000
v 0.01100000 0.02500000 0.00000000
v 0.01100000 0.02500000 0.00600000
v 0.01100000 0.02700000 0.00000000
v 0.01100000 0.02700000 0.00600000
v 0.01100000 0.02900000 0.00000000
v 0.01100000 0.02900000 0.00600000
v 0.01100000 0.03100000 0.00000000
v 0.01100000 0.03100000 0.00600000
v 0.01100000 0.03300000 0.00000000
v 0.01100000 0.03300000 0.00600000
v 0.01100000 0.03500000 0.00000000
v 0.01100000 0.03500000 0.00600000
v 0.01100000 0.03700000 0.00000000
v 0.01100000 0.03700000 0.00600000
v 0.01100000 0.03900000 0.00000000
v 0.01100000 0.03900000 0.00600000
v 0.01100000 0.04100000 0.00000000
v 0.01100000 0.04100000 0.00600000
v 0.01100000 0.04300000 0.00000000
v 0.01100000 0.04300000 0.00600000
v 0.01100000 0.04500000 0.00000000
v 0.01100000 0.04500000 0.00600000
v 0.01100000 0.04700000 0.00000000
v 0.01100000 0.04700000 0.00600000
v 0.01100000 0.04900000 0.00000000
v 0.01100000 0.04900000 0.00600000
v 0.01100000 0.05100000 0.00000000
v 0.01100000 0.05100000 0.00600000
v 0.01100000 0.05300000 0.00000000
v 0.01100000 0.05100000 0.00850000
v 0.01100000 0.05300000 0.00850000
v 0.01100000 0.05500000 0.00000000
v 0.01100000 0.05500000 0.00850000
v 0.01100000 0.05700000 0.00200000
v 0.01100000 0.05700000 0.00000000
v 0.01100000 0.05700000 0.00400000
v 0.01100000 0.05700000 0.00600000
v 0.01100000 0.05700000 0.00850000
v 0.01300000 -0.05700000 0.00200000
v 0.01300000 -0.05700000 0.00000000
v 0.01300000 -0.05500000 0.00000000
v 0.01300000 -0.05700000 0.00400000
v 0.01300000 -0.05700000 0.00600000
v 0.01300000 -0.05700000 0.00850000
v 0.01300000 -0.05500000 0.00850000
v 0.01300000 -0.05300000 0.00000000
v 0.01300000 -0.05300000 0.00850000
v 0.01300000 -0.05100000 0.00000000
v 0.01300000 -0.05100000 0.00850000
v 0.01300000 -0.05100000 0.00600000
v 0.01300000 -0.04900000 0.00000000
v 0.01300000 -0.04900000 0.00600000
v 0.01300000 -0.04700000 0.00000000
v 0.01300000 -0.04700000 0.00600000
v 0.01300000 -0.04500000 0.00000000
v 0.01300000 -0.04500000 0.00600000
v 0.01300000 -0.04300000 0.00000000
v 0.01300000 -0.04300000 0.00600000
v 0.01300000 -0.04100000 0.00000000
v 0.01300000 -0.04100000 0.00600000
v 0.01300000 -0.03900000 0.00000000
v 0.01300000 -0.03900000 0.00600000
v 0.01300000 -0.03700000 0.00000000
v 0.01300000 -0.03700000 0.00600000
v 0.01300000 -0.03500000 0.00000000
v 0.01300000 -0.03500000 0.00600000
v 0.01300000 -0.03300000 0.00000000
v 0.01300000 -0.03300000 0.00600000
v 0.01300000 -0.03100000 0.00000000
v 0.01300000 -0.03100000 0.00600000
v 0.01300000 -0.02900000 0.00000000
v 0.01300000 -0.02900000 0.00600000
v 0.01300000 -0.02700000 0.00000000
v 0.01300000 -0.02700000 0.00600000
v 0.01300000 -0.02500000 0.00000000
v 0.01300000 -0.02500000 0.00600000
v 0.01300000 -0.02300000 0.00000000
v 0.01300000 -0.02300000 0.00600000
v 0.01300000 -0.02100000 0.00000000
v 0.01300000 -0.02100000 0.00600000
v 0.01300000 -0.01900000 0.00000000
v 0.01300000 -0.01900000 0.00600000
v 0.01300000 -0.01700000 0.00000000
v 0.01300000 -0.01700000 0.00600000
v 0.01300000 -0.01500000 0.00000000
v 0.01300000 -0.01500000 0.00600000
v 0.01300000 -0.01300000 0.00000000
v 0.01300000 -0.01300000 0.00600000
v 0.01300000 -0.01100000 0.00000000
v 0.01300000 -0.01100000 0.00600000
v 0.01300000 -0.00900000 0.00000000
v 0.01300000 -0.00900000 0.00600000
v 0.01300000 -0.00700000 0.00000000
v 0.01300000 -0.00700000 0.00600000
v 0.01300000 -0.00500000 0.00000000
v 0.01300000 -0.00500000 0.00600000
v 0.01300000 -0.00300000 0.00000000
v 0.01300000 -0.00300000 0.00600000
v 0.01300000 -0.00100000 0.00000000
v 0.01300000 -0.00100000 0.00600000
v 0.01300000 0.00100000 0.00000000
v 0.01300000 0.00100000 0.00600000
v 0.01300000 0.00300000 0.00000000
v 0.01300000 0.00300000 0.00600000
v 0.01300000 0.00500000 0.00000000
v 0.01300000 0.00500000 0.00600000
v 0.01300000 0.00700000 0.00000000
v 0.01300000 0.00700000 0.00600000
v 0.01300000 0.00900000 0.00000000
v 0.01300000 0.00900000 0.00600000
v 0.01300000 0.01100000 0.00000000
v 0.01300000 0.01100000 0.00600000
v 0.01300000 0.01300000 0.00000000
v 0.01300000 0.01300000 0.00600000
v 0.01300000 0.01500000 0.00000000
v 0.01300000 0.01500000 0.00600000
v 0.01300000 0.01700000 0.00000000
v 0.01300000 0.01700000 0.00600000
v 0.01300000 0.01900000 0.00000000
v 0.01300000 0.01900000 0.00600000
v 0.01300000 0.02100000 0.00000000
v 0.01300000 0.02100000 0.00600000
v 0.01300000 0.02300000 0.00000000
v 0.01300000 0.02300000 0.00600000
v 0.01300000 0.02500000 0.00000000
v 0.01300000 0.02500000 0.00600000
v 0.01300000 0.02700000 0.00000000
v 0.01300000 0.02700000 0.00600000
v 0.01300000 0.02900000 0.00000000
v 0.01300000 0.02900000 0.00600000
v 0.01300000 0.03100000 0.00000000
v 0.01300000 0.03100000 0.00600000
v 0.01300000 0.03300000 0.00000000
v 0.01300000 0.03300000 0.00600000
v 0.01300000 0.03500000 0.00000000
v 0.01300000 0.03500000 0.00600000
v 0.01300000 0.03700000 0.00000000
v 0.01300000 0.03700000 0.00600000
v 0.01300000 0.03900000 0.00000000
v 0.01300000 0.03900000 0.00600000
v 0.01300000 0.04100000 0.00000000
v 0.01300000 0.04100000 0.00600000
v 0.01300000 0.04300000 0.00000000
v 0.01300000 0.04300000 0.00600000
v 0.01300000 0.04500000 0.00000000
v 0.01300000 0.04500000 0.00600000
v 0.01300000 0.04700000 0.00000000
v 0.01300000 0.04700000 0.00600000
v 0.01300000 0.04900000 0.00000000
v 0.01300000 0.04900000 0.00600000
v 0.01300000 0.05100000 0.00000000
v 0.01300000 0.05100000 0.00600000
v 0.01300000 0.05300000 0.00000000
v 0.01300000 0.05100000 0.00850000
v 0.01300000 0.05300000 0.00850000
v 0.01300000 0.05500000 0.00000000
v 0.01300000 0.05500000 0.00850000
v 0.01300000 0.05700000 0.00200000
v 0.01300000 0.05700000 0.00000000
v 0.01300000 0.05700000 0.00400000
v 0.01300000 0.05700000 0.00600000
v 0.01300000 0.05700000 0.00850000
v 0.01500000 -0.05700000 0.00200000
v 0.01500000 -0.05700000 0.00000000
v 0.01500000 -0.05500000 0.00000000
v 0.01500000 -0.05700000 0.00400000
v 0.01500000 -0.05700000 0.00600000
v 0.01500000 -0.05700000 0.00850000
v 0.01500000 -0.05500000 0.00850000
v 0.01500000 -0.05300000 0.00000000
v 0.01500000 -0.05300000 0.00850000
v 0.01500000 -0.05100000 0.00000000
v 0.01500000 -0.05100000 0.00850000
v 0.01500000 -0.05100000 0.00600000
v 0.01500000 -0.04900000 0.00000000
v 0.01500000 -0.04900000 0.00600000
v 0.01500000 -0.04700000 0.00000000
v 0.01500000 -0.04700000 0.00600000
v 0.01500000 -0.04500000 0.00000000
v 0.01500000 -0.04500000 0.00600000
v 0.01500000 -0.04300000 0.00000000
v 0.01500000 -0.04300000 0.00600000
v 0.01500000 -0.04100000 0.00000000
v 0.01500000 -0.04100000 0.00600000
v 0.01500000 -0.03900000 0.00000000
v 0.01500000 -0.03900000 0.00600000
v 0.01500000 -0.03700000 0.00000000
v 0.01500000 -0.03700000 0.00600000
v 0.01500000 -0.03500000 0.00000000
v 0.01500000 -0.03500000 0.00600000
v 0.01500000 -0.03300000 0.00000000
v 0.01500000 -0.03300000 0.00600000
v 0.01500000 -0.03100000 0.00000000
v 0.01500000 -0.03100000 0.00600000
v 0.01500000 -0.02900000 0.00000000
v 0.01500000 -0.02900000 0.00600000
v 0.01500000 -0.02700000 0.00000000
v 0.01500000 -0.02700000 0.00600000
v 0.01500000 -0.02500000 0.00000000
v 0.01500000 -0.02500000 0.00600000
v 0.01500000 -0.02300000 0.00000000
v 0.01500000 -0.02300000 0.00600000
v 0.01500000 -0.02100000 0.00000000
v 0.01500000 -0.02100000 0.00600000
v 0.01500000 -0.01900000 0.00000000
v 0.01500000 -0.01900000 0.00600000
v 0.01500000 -0.01700000 0.00000000
v 0.01500000 -0.01700000 0.00600000
v 0.01500000 -0.01500000 0.00000000
v 0.01500000 -0.01500000 0.00600000
v 0.01500000 -0.01300000 0.00000000
v 0.01500000 -0.01300000 0.00600000
v 0.01500000 -0.01100000 0.00000000
v 0.01500000 -0.01100000 0.00600000
v 0.01500000 -0.00900000 0.00000000
v 0.01500000 -0.00900000 0.00600000
v 0.01500000 -0.00700000 0.00000000
v 0.01500000 -0.00700000 0.00600000
v 0.01500000 -0.00500000 0.00000000
v 0.01500000 -0.00500000 0.00600000
v 0.01500000 -0.00300000 0.00000000
v 0.01500000 -0.00300000 0.00600000
v 0.01500000 -0.00100000 0.00000000
v 0.01500000 -0.00100000 0.00600000
v 0.01500000 0.00100000 0.00000000
v 0.01500000 0.00100000 0.00600000
v 0.01500000 0.00300000 0.00000000
v 0.01500000 0.00300000 0.00600000
v 0.01500000 0.00500000 0.00000000
v 0.01500000 0.00500000 0.00600000
v 0.01500000 0.00700000 0.00000000
v 0.01500000 0.00700000 0.00600000
v 0.01500000 0.00900000 0.00000000
v 0.01500000 0.00900000 0.00600000
v 0.01500000 0.01100000 0.00000000
v 0.01500000 0.01100000 0.00600000
v 0.01500000 0.01300000 0.00000000
v 0.01500000 0.01300000 0.00600000
v 0.01500000 0.01500000 0.00000000
v 0.01500000 0.01500000 0.00600000
v 0.01500000 0.01700000 0.00000000
v 0.01500000 0.01700000 0.00600000
v 0.01500000 0.01900000 0.00000000
v 0.01500000 0.01900000 0.00600000
v 0.01500000 0.02100000 0.00000000
v 0.01500000 0.02100000 0.00600000
v 0.01500000 0.02300000 0.00000000
v 0.01500000 0.02300000 0.00600000
v 0.01500000 0.02500000 0.00000000
v 0.01500000 0.02500000 0.00600000
v 0.01500000 0.02700000 0.00000000
v 0.01500000 0.02700000 0.00600000
v 0.01500000 0.02900000 0.00000000
v 0.01500000 0.02900000 0.00600000
v 0.01500000 0.03100000 0.00000000
v 0.01500000 0.03100000 0.00600000
v 0.01500000 0.03300000 0.00000000
v 0.01500000 0.03300000 0.00600000
v 0.01500000 0.03500000 0.00000000
v 0.01500000 0.03500000 0.00600000
v 0.01500000 0.03700000 0.00000000
v 0.01500000 0.03700000 0.00600000
v 0.01500000 0.03900000 0.00000000
v 0.01500000 0.03900000 0.00600000
v 0.01500000 0.04100000 0.00000000
v 0.01500000 0.04100000 0.00600000
v 0.01500000 0.04300000 0.00000000
v 0.01500000 0.04300000 0.00600000
v 0.01500000 0.04500000 0.00000000
v 0.01500000 0.04500000 0.00600000
v 0.01500000 0.04700000 0.00000000
v 0.01500000 0.04700000 0.00600000
v 0.01500000 0.04900000 0.00000000
v 0.01500000 0.04900000 0.00600000
v 0.01500000 0.05100000 0.00000000
v 0.01500000 0.05100000 0.00600000
v 0.01500000 0.05300000 0.00000000
v 0.01500000 0.05100000 0.00850000
v 0.01500000 0.05300000 0.00850000
v 0.01500000 0.05500000 0.00000000
v 0.01500000 0.05500000 0.00850000
v 0.01500000 0.05700000 0.00200000
v 0.01500000 0.05700000 0.00000000
v 0.01500000 0.05700000 0.00400000
v 0.01500000 0.05700000 0.00600000
v 0.01500000 0.05700000 0.00850000
v 0.01700000 -0.05700000 0.00200000
v 0.01700000 -0.05700000 0.00000000
v 0.01700000 -0.05500000 0.00000000
v 0.01700000 -0.05700000 0.00400000
v 0.01700000 -0.05700000 0.00600000
v 0.01700000 -0.05700000 0.00850000
v 0.01700000 -0.05500000 0.00850000
v 0.01700000 -0.05300000 0.00000000
v 0.01700000 -0.05300000 0.00850000
v 0.01700000 -0.05100000 0.00000000
v 0.01700000 -0.05100000 0.00850000
v 0.01700000 -0.05100000 0.00600000
v 0.01700000 -0.04900000 0.00000000
v 0.01700000 -0.04900000 0.00600000
v 0.01700000 -0.04700000 0.00000000
v 0.01700000 -0.04700000 0.00600000
v 0.01700000 -0.04500000 0.00000000
v 0.01700000 -0.04500000 0.00600000
v 0.01700000 -0.04300000 0.00000000
v 0.01700000 -0.04300000 0.00600000
v 0.01700000 -0.04100000 0.00000000
v 0.01700000 -0.04100000 0.00600000
v 0.01700000 -0.03900000 0.00000000
v 0.01700000 -0.03900000 0.00600000
v 0.01700000 -0.03700000 0.00000000
v 0.01700000 -0.03700000 0.00600000
v 0.01700000 -0.03500000 0.00000000
v 0.01700000 -0.03500000 0.00600000
v 0.01700000 -0.03300000 0.00000000
v 0.01700000 -0.03300000 0.00600000
v 0.01700000 -0.03100000 0.00000000
v 0.01700000 -0.03100000 0.00600000
v 0.01700000 -0.02900000 0.00000000
v 0.01700000 -0.02900000 0.00600000
v 0.01700000 -0.02700000 0.00000000
v 0.01700000 -0.02700000 0.00600000
v 0.01700000 -0.02500000 0.00000000
v 0.01700000 -0.02500000 0.00600000
v 0.01700000 -0.02300000 0.00000000
v 0.01700000 -0.02300000 0.00600000
v 0.01700000 -0.02100000 0.00000000
v 0.01700000 -0.02100000 0.00600000
v 0.01700000 -0.01900000 0.00000000
v 0.01700000 -0.01900000 0.00600000
v 0.01700000 -0.01700000 0.00000000
v 0.01700000 -0.01700000 0.00600000
v 0.01700000 -0.01500000 0.00000000
v 0.01700000 -0.01500000 0.00600000
v 0.01700000 -0.01300000 0.00000000
v 0.01700000 -0.01300000 0.00600000
v 0.01700000 -0.01100000 0.00000000
v 0.01700000 -0.01100000 0.00600000
v 0.01700000 -0.00900000 0.00000000
v 0.01700000 -0.00900000 0.00600000
v 0.01700000 -0.00700000 0.00000000
v 0.01700000 -0.00700000 0.00600000
v 0.01700000 -0.00500000 0.00000000
v 0.01700000 -0.00500000 0.00600000
v 0.01700000 -0.00300000 0.00000000
v 0.01700000 -0.00300000 0.00600000
v 0.01700000 -0.00100000 0.00000000
v 0.01700000 -0.00100000 0.00600000
v 0.01700000 0.00100000 0.00000000
v 0.01700000 0.00100000 0.00600000
v 0.01700000 0.00300000 0.00000000
v 0.01700000 0.00300000 0.00600000
v 0.01700000 0.00500000 0.00000000
v 0.01700000 0.00500000 0.00600000
v 0.01700000 0.00700000 0.00000000
v 0.01700000 0.00700000 0.00600000
v 0.01700000 0.00900000 0.00000000
v 0.01700000 0.00900000 0.00600000
v 0.01700000 0.01100000 0.00000000
v 0.01700000 0.01100000 0.00600000
v 0.01700000 0.01300000 0.00000000
v 0.01700000 0.01300000 0.00600000
v 0.01700000 0.01500000 0.00000000
v 0.01700000 0.01500000 0.00600000
v 0.01700000 0.01700000 0.00000000
v 0.01700000 0.01700000 0.00600000
v 0.01700000 0.01900000 0.00000000
v 0.01700000 0.01900000 0.00600000
v 0.01700000 0.02100000 0.00000000
v 0.01700000 0.02100000 0.00600000
v 0.01700000 0.02300000 0.00000000
v 0.01700000 0.02300000 0.00600000
v 0.01700000 0.02500000 0.00000000
v 0.01700000 0.02500000 0.00600000
v 0.01700000 0.02700000 0.00000000
v 0.01700000 0.02700000 0.00600000
v 0.01700000 0.02900000 0.00000000
v 0.01700000 0.02900000 0.00600000
v 0.01700000 0.03100000 0.00000000
v 0.01700000 0.03100000 0.00600000
v 0.01700000 0.03300000 0.00000000
v 0.01700000 0.03300000 0.00600000
v 0.01700000 0.03500000 0.00000000
v 0.01700000 0.03500000 0.00600000
v 0.01700000 0.03700000 0.00000000
v 0.01700000 0.03700000 0.00600000
v 0.01700000 0.03900000 0.00000000
v 0.01700000 0.03900000 0.00600000
v 0.01700000 0.04100000 0.00000000
v 0.01700000 0.04100000 0.00600000
v 0.01700000 0.04300000 0.00000000
v 0.01700000 0.04300000 0.00600000
v 0.01700000 0.04500000 0.00000000
v 0.01700000 0.04500000 0.00600000
v 0.01700000 0.04700000 0.00000000
v 0.01700000 0.04700000 0.00600000
v 0.01700000 0.04900000 0.00000000
v 0.01700000 0.04900000 0.00600000
v 0.01700000 0.05100000 0.00000000
v 0.01700000 0.05100000 0.00600000
v 0.01700000 0.05300000 0.00000000
v 0.01700000 0.05100000 0.00850000
v 0.01700000 0.05300000 0.00850000
v 0.01700000 0.05500000 0.00000000
v 0.01700000 0.05500000 0.00850000
v 0.01700000 0.05700000 0.00200000
v 0.01700000 0.05700000 0.00000000
v 0.01700000 0.05700000 0.00400000
v 0.01700000 0.05700000 0.00600000
v 0.01700000 0.05700000 0.00850000
v 0.01900000 -0.05700000 0.00200000
v 0.01900000 -0.05700000 0.00000000
v 0.01900000 -0.05500000 0.00000000
v 0.01900000 -0.05700000 0.00400000
v 0.01900000 -0.05700000 0.00600000
v 0.01900000 -0.05700000 0.00850000
v 0.01900000 -0.05500000 0.00850000
v 0.01900000 -0.05300000 0.00000000
v 0.01900000 -0.05300000 0.00850000
v 0.01900000 -0.05100000 0.00000000
v 0.01900000 -0.05100000 0.00850000
v 0.01900000 -0.05100000 0.00600000
v 0.01900000 -0.04900000 0.00000000
v 0.01900000 -0.04900000 0.00600000
v 0.01900000 -0.04700000 0.00000000
v 0.01900000 -0.04700000 0.00600000
v 0.01900000 -0.04500000 0.00000000
v 0.01900000 -0.04500000 0.00600000
v 0.01900000 -0.04300000 0.00000000
v 0.01900000 -0.04300000 0.00600000
v 0.01900000 -0.04100000 0.00000000
v 0.01900000 -0.04100000 0.00600000
v 0.01900000 -0.03900000 0.00000000
v 0.01900000 -0.03900000 0.00600000
v 0.01900000 -0.03700000 0.00000000
v 0.01900000 -0.03700000 0.00600000
v 0.01900000 -0.03500000 0.00000000
v 0.01900000 -0.03500000 0.00600000
v 0.01900000 -0.03300000 0.00000000
v 0.01900000 -0.03300000 0.00600000
v 0.01900000 -0.03100000 0.00000000
v 0.01900000 -0.03100000 0.00600000
v 0.01900000 -0.02900000 0.00000000
v 0.01900000 -0.02900000 0.00600000
v 0.01900000 -0.02700000 0.00000000
v 0.01900000 -0.02700000 0.00600000
v 0.01900000 -0.02500000 0.00000000
v 0.01900000 -0.02500000 0.00600000
v 0.01900000 -0.02300000 0.00000000
v 0.01900000 -0.02300000 0.00600000
v 0.01900000 -0.02100000 0.00000000
v 0.01900000 -0.02100000 0.00600000
v 0.01900000 -0.01900000 0.00000000
v 0.01900000 -0.01900000 0.00600000
v 0.01900000 -0.01700000 0.00000000
v 0.01900000 -0.01700000 0.00600000
v 0.01900000 -0.01500000 0.00000000
v 0.01900000 -0.01500000 0.00600000
v 0.01900000 -0.01300000 0.00000000
v 0.01900000 -0.01300000 0.00600000
v 0.01900000 -0.01100000 0.00000000
v 0.01900000 -0.01100000 0.00600000
v 0.01900000 -0.00900000 0.00000000
v 0.01900000 -0.00900000 0.00600000
v 0.01900000 -0.00700000 0.00000000
v 0.01900000 -0.00700000 0.00600000
v 0.01900000 -0.00500000 0.00000000
v 0.01900000 -0.00500000 0.00600000
v 0.01900000 -0.00300000 0.00000000
v 0.01900000 -0.00300000 0.00600000
v 0.01900000 -0.00100000 0.00000000
v 0.01900000 -0.00100000 0.00600000
v 0.01900000 0.00100000 0.00000000
v 0.01900000 0.00100000 0.00600000
v 0.01900000 0.00300000 0.00000000
v 0.01900000 0.00300000 0.00600000
v 0.01900000 0.00500000 0.00000000
v 0.01900000 0.00500000 0.00600000
v 0.01900000 0.00700000 0.00000000
v 0.01900000 0.00700000 0.00600000
v 0.01900000 0.00900000 0.00000000
v 0.01900000 0.00900000 0.00600000
v 0.01900000 0.01100000 0.00000000
v 0.01900000 0.01100000 0.00600000
v 0.01900000 0.01300000 0.00000000
v 0.01900000 0.01300000 0.00600000
v 0.01900000 0.01500000 0.00000000
v 0.01900000 0.01500000 0.00600000
v 0.01900000 0.01700000 0.00000000
v 0.01900000 0.01700000 0.00600000
v 0.01900000 0.01900000 0.00000000
v 0.01900000 0.01900000 0.00600000
v 0.01900000 0.02100000 0.00000000
v 0.01900000 0.02100000 0.00600000
v 0.01900000 0.02300000 0.00000000
v 0.01900000 0.02300000 0.00600000
v 0.01900000 0.02500000 0.00000000
v 0.01900000 0.02500000 0.00600000
v 0.01900000 0.02700000 0.00000000
v 0.01900000 0.02700000 0.00600000
v 0.01900000 0.02900000 0.00000000
v 0.01900000 0.02900000 0.00600000
v 0.01900000 0.03100000 0.00000000
v 0.01900000 0.03100000 0.00600000
v 0.01900000 0.03300000 0.00000000
v 0.01900000 0.03300000 0.00600000
v 0.01900000 0.03500000 0.00000000
v 0.01900000 0.03500000 0.00600000
v 0.01900000 0.03700000 0.00000000
v 0.01900000 0.03700000 0.00600000
v 0.01900000 0.03900000 0.00000000
v 0.01900000 0.03900000 0.00600000
v 0.01900000 0.04100000 0.00000000
v 0.01900000 0.04100000 0.00600000
v 0.01900000 0.04300000 0.00000000
v 0.01900000 0.04300000 0.00600000
v 0.01900000 0.04500000 0.00000000
v 0.01900000 0.04500000 0.00600000
v 0.01900000 0.04700000 0.00000000
v 0.01900000 0.04700000 0.00600000
v 0.01900000 0.04900000 0.00000000
v 0.01900000 0.04900000 0.00600000
v 0.01900000 0.05100000 0.00000000
v 0.01900000 0.05100000 0.00600000
v 0.01900000 0.05300000 0.00000000
v 0.01900000 0.05100000 0.00850000
v 0.01900000 0.05300000 0.00850000
v 0.01900000 0.05500000 0.00000000
v 0.01900000 0.05500000 0.00850000
v 0.01900000 0.05700000 0.00200000
v 0.01900000 0.05700000 0.00000000
v 0.01900000 0.05700000 0.00400000
v 0.01900000 0.05700000 0.00600000
v 0.01900000 0.05700000 0.00850000
v 0.02100000 -0.05700000 0.00200000
v 0.02100000 -0.05700000 0.00000000
v 0.02100000 -0.05500000 0.00000000
v 0.02100000 -0.05700000 0.00400000
v 0.02100000 -0.05700000 0.00600000
v 0.02100000 -0.05700000 0.00850000
v 0.02100000 -0.05500000 0.00850000
v 0.02100000 -0.05300000 0.00000000
v 0.02100000 -0.05300000 0.00850000
v 0.02100000 -0.05100000 0.00000000
v 0.02100000 -0.05100000 0.00850000
v 0.02100000 -0.05100000 0.00600000
v 0.02100000 -0.04900000 0.00000000
v 0.02100000 -0.04900000 0.00600000
v 0.02100000 -0.04700000 0.00000000
v 0.02100000 -0.04700000 0.00600000
v 0.02100000 -0.04500000 0.00000000
v 0.02100000 -0.04500000 0.00600000
v 0.02100000 -0.04300000 0.00000000
v 0.02100000 -0.04300000 0.00600000
v 0.02100000 -0.04100000 0.00000000
v 0.02100000 -0.04100000 0.00600000
v 0.02100000 -0.03900000 0.00000000
v 0.02100000 -0.03900000 0.00600000
v 0.02100000 -0.03700000 0.00000000
v 0.02100000 -0.03700000 0.00600000
v 0.02100000 -0.03500000 0.00000000
v 0.02100000 -0.03500000 0.00600000
v 0.02100000 -0.03300000 0.00000000
v 0.02100000 -0.03300000 0.00600000
v 0.02100000 -0.03100000 0.00000000
v 0.02100000 -0.03100000 0.00600000
v 0.02100000 -0.02900000 0.00000000
v 0.02100000 -0.02900000 0.00600000
v 0.02100000 -0.02700000 0.00000000
v 0.02100000 -0.02700000 0.00600000
v 0.02100000 -0.02500000 0.00000000
v 0.02100000 -0.02500000 0.00600000
v 0.02100000 -0.02300000 0.00000000
v 0.02100000 -0.02300000 0.00600000
v 0.02100000 -0.02100000 0.00000000
v 0.02100000 -0.02100000 0.00600000
v 0.02100000 -0.01900000 0.00000000
v 0.02100000 -0.01900000 0.00600000
v 0.02100000 -0.01700000 0.00000000
v 0.02100000 -0.01700000 0.00600000
v 0.02100000 -0.01500000 0.00000000
v 0.02100000 -0.01500000 0.00600000
v 0.02100000 -0.01300000 0.00000000
v 0.02100000 -0.01300000 0.00600000
v 0.02100000 -0.01100000 0.00000000
v 0.02100000 -0.01100000 0.00600000
v 0.02100000 -0.00900000 0.00000000
v 0.02100000 -0.00900000 0.00600000
v 0.02100000 -0.00700000 0.00000000
v 0.02100000 -0.00700000 0.00600000
v 0.02100000 -0.00500000 0.00000000
v 0.02100000 -0.00500000 0.00600000
v 0.02100000 -0.00300000 0.00000000
v 0.02100000 -0.00300000 0.00600000
v 0.02100000 -0.00100000 0.00000000
v 0.02100000 -0.00100000 0.00600000
v 0.02100000 0.00100000 0.00000000
v 0.02100000 0.00100000 0.00600000
v 0.02100000 0.00300000 0.00000000
v 0.02100000 0.00300000 0.00600000
v 0.02100000 0.00500000 0.00000000
v 0.02100000 0.00500000 0.00600000
v 0.02100000 0.00700000 0.00000000
v 0.02100000 0.00700000 0.00600000
v 0.02100000 0.00900000 0.00000000
v 0.02100000 0.00900000 0.00600000
v 0.02100000 0.01100000 0.00000000
v 0.02100000 0.01100000 0.00600000
v 0.02100000 0.01300000 0.00000000
v 0.02100000 0.01300000 0.00600000
v 0.02100000 0.01500000 0.00000000
v 0.02100000 0.01500000 0.00600000
v 0.02100000 0.01700000 0.00000000
v 0.02100000 0.01700000 0.00600000
v 0.02100000 0.01900000 0.00000000
v 0.02100000 0.01900000 0.00600000
v 0.02100000 0.02100000 0.00000000
v 0.02100000 0.02100000 0.00600000
v 0.02100000 0.02300000 0.00000000
v 0.02100000 0.02300000 0.00600000
v 0.02100000 0.02500000 0.00000000
v 0.02100000 0.02500000 0.00600000
v 0.02100000 0.02700000 0.00000000
v 0.02100000 0.02700000 0.00600000
v 0.02100000 0.02900000 0.00000000
v 0.02100000 0.02900000 0.00600000
v 0.02100000 0.03100000 0.00000000
v 0.02100000 0.03100000 0.00600000
v 0.02100000 0.03300000 0.00000000
v 0.02100000 0.03300000 0.00600000
v 0.02100000 0.03500000 0.00000000
v 0.02100000 0.03500000 0.00600000
v 0.02100000 0.03700000 0.00000000
v 0.02100000 0.03700000 0.00600000
v 0.02100000 0.03900000 0.00000000
v 0.02100000 0.03900000 0.00600000
v 0.02100000 0.04100000 0.00000000
v 0.02100000 0.04100000 0.00600000
v 0.02100000 0.04300000 0.00000000
v 0.02100000 0.04300000 0.00600000
v 0.02100000 0.04500000 0.00000000
v 0.02100000 0.04500000 0.00600000
v 0.02100000 0.04700000 0.00000000
v 0.02100000 0.04700000 0.00600000
v 0.02100000 0.04900000 0.00000000
v 0.02100000 0.04900000 0.00600000
v 0.02100000 0.05100000 0.00000000
v 0.02100000 0.05100000 0.00600000
v 0.02100000 0.05300000 0.00000000
v 0.02100000 0.05100000 0.00850000
v 0.02100000 0.05300000 0.00850000
v 0.02100000 0.05500000 0.00000000
v 0.02100000 0.05500000 0.00850000
v 0.02100000 0.05700000 0.00200000
v 0.02100000 0.05700000 0.00000000
v 0.02100000 0.05700000 0.00400000
v 0.02100000 0.05700000 0.00600000
v 0.02100000 0.05700000 0.00850000
v 0.02300000 -0.05700000 0.00200000
v 0.02300000 -0.05700000 0.00000000
v 0.02300000 -0.05500000 0.00000000
v 0.02300000 -0.05700000 0.00400000
v 0.02300000 -0.05700000 0.00600000
v 0.02300000 -0.05700000 0.00850000
v 0.02300000 -0.05500000 0.00850000
v 0.02300000 -0.05300000 0.00000000
v 0.02300000 -0.05300000 0.00850000
v 0.02300000 -0.05100000 0.00000000
v 0.02300000 -0.05100000 0.00850000
v 0.02300000 -0.05100000 0.00600000
v 0.02300000 -0.04900000 0.00000000
v 0.02300000 -0.04900000 0.00600000
v 0.02300000 -0.04700000 0.00000000
v 0.02300000 -0.04700000 0.00600000
v 0.02300000 -0.04500000 0.00000000
v 0.02300000 -0.04500000 0.00600000
v 0.02300000 -0.04300000 0.00000000
v 0.02300000 -0.04300000 0.00600000
v 0.02300000 -0.04100000 0.00000000
v 0.02300000 -0.04100000 0.00600000
v 0.02300000 -0.03900000 0.00000000
v 0.02300000 -0.03900000 0.00600000
v 0.02300000 -0.03700000 0.00000000
v 0.02300000 -0.03700000 0.00600000
v 0.02300000 -0.03500000 0.00000000
v 0.02300000 -0.03500000 0.00600000
v 0.02300000 -0.03300000 0.00000000
v 0.02300000 -0.03300000 0.00600000
v 0.02300000 -0.03100000 0.00000000
v 0.02300000 -0.03100000 0.00600000
v 0.02300000 -0.02900000 0.00000000
v 0.02300000 -0.02900000 0.00600000
v 0.02300000 -0.02700000 0.00000000
v 0.02300000 -0.02700000 0.00600000
v 0.02300000 -0.02500000 0.00000000
v 0.02300000 -0.02500000 0.00600000
v 0.02300000 -0.02300000 0.00000000
v 0.02300000 -0.02300000 0.00600000
v 0.02300000 -0.02100000 0.00000000
v 0.02300000 -0.02100000 0.00600000
v 0.02300000 -0.01900000 0.00000000
v 0.02300000 -0.01900000 0.00600000
v 0.02300000 -0.01700000 0.00000000
v 0.02300000 -0.01700000 0.00600000
v 0.02300000 -0.01500000 0.00000000
v 0.02300000 -0.01500000 0.00600000
v 0.02300000 -0.01300000 0.00000000
v 0.02300000 -0.01300000 0.00600000
v 0.02300000 -0.01100000 0.00000000
v 0.02300000 -0.01100000 0.00600000
v 0.02300000 -0.00900000 0.00000000
v 0.02300000 -0.00900000 0.00600000
v 0.02300000 -0.00700000 0.00000000
v 0.02300000 -0.00700000 0.00600000
v 0.02300000 -0.00500000 0.00000000
v 0.02300000 -0.00500000 0.00600000
v 0.02300000 -0.00300000 0.00000000
v 0.02300000 -0.00300000 0.00600000
v 0.02300000 -0.00100000 0.00000000
v 0.02300000 -0.00100000 0.00600000
v 0.02300000 0.00100000 0.00000000
v 0.02300000 0.00100000 0.00600000
v 0.02300000 0.00300000 0.00000000
v 0.02300000 0.00300000 0.00600000
v 0.02300000 0.00500000 0.00000000
v 0.02300000 0.00500000 0.00600000
v 0.02300000 0.00700000 0.00000000
v 0.02300000 0.00700000 0.00600000
v 0.02300000 0.00900000 0.00000000
v 0.02300000 0.00900000 0.00600000
v 0.02300000 0.01100000 0.00000000
v 0.02300000 0.01100000 0.00600000
v 0.02300000 0.01300000 0.00000000
v 0.02300000 0.01300000 0.00600000
v 0.02300000 0.01500000 0.00000000
v 0.02300000 0.01500000 0.00600000
v 0.02300000 0.01700000 0.00000000
v 0.02300000 0.01700000 0.00600000
v 0.02300000 0.01900000 0.00000000
v 0.02300000 0.01900000 0.00600000
v 0.02300000 0.02100000 0.00000000
v 0.02300000 0.02100000 0.00600000
v 0.02300000 0.02300000 0.00000000
v 0.02300000 0.02300000 0.00600000
v 0.02300000 0.02500000 0.00000000
v 0.02300000 0.02500000 0.00600000
v 0.02300000 0.02700000 0.00000000
v 0.02300000 0.02700000 0.00600000
v 0.02300000 0.02900000 0.00000000
v 0.02300000 0.02900000 0.00600000
v 0.02300000 0.03100000 0.00000000
v 0.02300000 0.03100000 0.00600000
v 0.02300000 0.03300000 0.00000000
v 0.02300000 0.03300000 0.00600000
v 0.02300000 0.03500000 0.00000000
v 0.02300000 0.03500000 0.00600000
v 0.02300000 0.03700000 0.00000000
v 0.02300000 0.03700000 0.00600000
v 0.02300000 0.03900000 0.00000000
v 0.02300000 0.03900000 0.00600000
v 0.02300000 0.04100000 0.00000000
v 0.02300000 0.04100000 0.00600000
v 0.02300000 0.04300000 0.00000000
v 0.02300000 0.04300000 0.00600000
v 0.02300000 0.04500000 0.00000000
v 0.02300000 0.04500000 0.00600000
v 0.02300000 0.04700000 0.00000000
v 0.02300000 0.04700000 0.00600000
v 0.02300000 0.04900000 0.00000000
v 0.02300000 0.04900000 0.00600000
v 0.02300000 0.05100000 0.00000000
v 0.02300000 0.05100000 0.00600000
v 0.02300000 0.05300000 0.00000000
v 0.02300000 0.05100000 0.00850000
v 0.02300000 0.05300000 0.00850000
v 0.02300000 0.05500000 0.00000000
v 0.02300000 0.05500000 0.00850000
v 0.02300000 0.05700000 0.00200000
v 0.02300000 0.05700000 0.00000000
v 0.02300000 0.05700000 0.00400000
v 0.02300000 0.05700000 0.00600000
v 0.02300000 0.05700000 0.00850000
v 0.02500000 -0.05700000 0.00200000
v 0.02500000 -0.05700000 0.00000000
v 0.02500000 -0.05500000 0.00000000
v 0.02500000 -0.05700000 0.00400000
v 0.02500000 -0.05700000 0.00600000
v 0.02500000 -0.05700000 0.00850000
v 0.02500000 -0.05500000 0.00850000
v 0.02500000 -0.05300000 0.00000000
v 0.02500000 -0.05300000 0.00850000
v 0.02500000 -0.05100000 0.00000000
v 0.02500000 -0.05100000 0.00850000
v 0.02500000 -0.05100000 0.00600000
v 0.02500000 -0.04900000 0.00000000
v 0.02500000 -0.04900000 0.00600000
v 0.02500000 -0.04700000 0.00000000
v 0.02500000 -0.04700000 0.00600000
v 0.02500000 -0.04500000 0.00000000
v 0.02500000 -0.04500000 0.00600000
v 0.02500000 -0.04300000 0.00000000
v 0.02500000 -0.04300000 0.00600000
v 0.02500000 -0.04100000 0.00000000
v 0.02500000 -0.04100000 0.00600000
v 0.02500000 -0.03900000 0.00000000
v 0.02500000 -0.03900000 0.00600000
v 0.02500000 -0.03700000 0.00000000
v 0.02500000 -0.03700000 0.00600000
v 0.02500000 -0.03500000 0.00000000
v 0.02500000 -0.03500000 0.00600000
v 0.02500000 -0.03300000 0.00000000
v 0.02500000 -0.03300000 0.00600000
v 0.02500000 -0.03100000 0.00000000
v 0.02500000 -0.03100000 0.00600000
v 0.02500000 -0.02900000 0.00000000
v 0.02500000 -0.02900000 0.00600000
v 0.02500000 -0.02700000 0.00000000
v 0.02500000 -0.02700000 0.00600000
v 0.02500000 -0.02500000 0.00000000
v 0.02500000 -0.02500000 0.00600000
v 0.02500000 -0.02300000 0.00000000
v 0.02500000 -0.02300000 0.00600000
v 0.02500000 -0.02100000 0.00000000
v 0.02500000 -0.02100000 0.00600000
v 0.02500000 -0.01900000 0.00000000
v 0.02500000 -0.01900000 0.00600000
v 0.02500000 -0.01700000 0.00000000
v 0.02500000 -0.01700000 0.00600000
v 0.02500000 -0.01500000 0.00000000
v 0.02500000 -0.01500000 0.00600000
v 0.02500000 -0.01300000 0.00000000
v 0.02500000 -0.01300000 0.00600000
v 0.02500000 -0.01100000 0.00000000
v 0.02500000 -0.01100000 0.00600000
v 0.02500000 -0.00900000 0.00000000
v 0.02500000 -0.00900000 0.00600000
v 0.02500000 -0.00700000 0.00000000
v 0.02500000 -0.00700000 0.00600000
v 0.02500000 -0.00500000 0.00000000
v 0.02500000 -0.00500000 0.00600000
v 0.02500000 -0.00300000 0.00000000
v 0.02500000 -0.00300000 0.00600000
v 0.02500000 -0.00100000 0.00000000
v 0.02500000 -0.00100000 0.00600000
v 0.02500000 0.00100000 0.00000000
v 0.02500000 0.00100000 0.00600000
v 0.02500000 0.00300000 0.00000000
v 0.02500000 0.00300000 0.00600000
v 0.02500000 0.00500000 0.00000000
v 0.02500000 0.00500000 0.00600000
v 0.02500000 0.00700000 0.00000000
v 0.02500000 0.00700000 0.00600000
v 0.02500000 0.00900000 0.00000000
v 0.02500000 0.00900000 0.00600000
v 0.02500000 0.01100000 0.00000000
v 0.02500000 0.01100000 0.00600000
v 0.02500000 0.01300000 0.00000000
v 0.02500000 0.01300000 0.00600000
v 0.02500000 0.01500000 0.00000000
v 0.02500000 0.01500000 0.00600000
v 0.02500000 0.01700000 0.00000000
v 0.02500000 0.01700000 0.00600000
v 0.02500000 0.01900000 0.00000000
v 0.02500000 0.01900000 0.00600000
v 0.02500000 0.02100000 0.00000000
v 0.02500000 0.02100000 0.00600000
v 0.02500000 0.02300000 0.00000000
v 0.02500000 0.02300000 0.00600000
v 0.02500000 0.02500000 0.00000000
v 0.02500000 0.02500000 0.00600000
v 0.02500000 0.02700000 0.00000000
v 0.02500000 0.02700000 0.00600000
v 0.02500000 0.02900000 0.00000000
v 0.02500000 0.02900000 0.00600000
v 0.02500000 0.03100000 0.00000000
v 0.02500000 0.03100000 0.00600000
v 0.02500000 0.03300000 0.00000000
v 0.02500000 0.03300000 0.00600000
v 0.02500000 0.03500000 0.00000000
v 0.02500000 0.03500000 0.00600000
v 0.02500000 0.03700000 0.00000000
v 0.02500000 0.03700000 0.00600000
v 0.02500000 0.03900000 0.00000000
v 0.02500000 0.03900000 0.00600000
v 0.02500000 0.04100000 0.00000000
v 0.02500000 0.04100000 0.00600000
v 0.02500000 0.04300000 0.00000000
v 0.02500000 0.04300000 0.00600000
v 0.02500000 0.04500000 0.00000000
v 0.02500000 0.04500000 0.00600000
v 0.02500000 0.04700000 0.00000000
v 0.02500000 0.04700000 0.00600000
v 0.02500000 0.04900000 0.00000000
v 0.02500000 0.04900000 0.00600000
v 0.02500000 0.05100000 0.00000000
v 0.02500000 0.05100000 0.00600000
v 0.02500000 0.05300000 0.00000000
v 0.02500000 0.05100000 0.00850000
v 0.02500000 0.05300000 0.00850000
v 0.02500000 0.05500000 0.00000000
v 0.02500000 0.05500000 0.00850000
v 0.02500000 0.05700000 0.00200000
v 0.02500000 0.05700000 0.00000000
v 0.02500000 0.05700000 0.00400000
v 0.02500000 0.05700000 0.00600000
v 0.02500000 0.05700000 0.00850000
v 0.02700000 -0.05700000 0.00200000
v 0.02700000 -0.05700000 0.00000000
v 0.02700000 -0.05500000 0.00000000
v 0.02700000 -0.05700000 0.00400000
v 0.02700000 -0.05700000 0.00600000
v 0.02700000 -0.05700000 0.00850000
v 0.02700000 -0.05500000 0.00850000
v 0.02700000 -0.05300000 0.00000000
v 0.02700000 -0.05300000 0.00850000
v 0.02700000 -0.05100000 0.00000000
v 0.02700000 -0.05100000 0.00850000
v 0.02700000 -0.05100000 0.00600000
v 0.02700000 -0.04900000 0.00000000
v 0.02700000 -0.04900000 0.00600000
v 0.02700000 -0.04700000 0.00000000
v 0.02700000 -0.04700000 0.00600000
v 0.02700000 -0.04500000 0.00000000
v 0.02700000 -0.04500000 0.00600000
v 0.02700000 -0.04300000 0.00000000
v 0.02700000 -0.04300000 0.00600000
v 0.02700000 -0.04100000 0.00000000
v 0.02700000 -0.04100000 0.00600000
v 0.02700000 -0.03900000 0.00000000
v 0.02700000 -0.03900000 0.00600000
v 0.02700000 -0.03700000 0.00000000
v 0.02700000 -0.03700000 0.00600000
v 0.02700000 -0.03500000 0.00000000
v 0.02700000 -0.03500000 0.00600000
v 0.02700000 -0.03300000 0.00000000
v 0.02700000 -0.03300000 0.00600000
v 0.02700000 -0.03100000 0.00000000
v 0.02700000 -0.03100000 0.00600000
v 0.02700000 -0.02900000 0.00000000
v 0.02700000 -0.02900000 0.00600000
v 0.02700000 -0.02700000 0.00000000
v 0.02700000 -0.02700000 0.00600000
v 0.02700000 -0.02500000 0.00000000
v 0.02700000 -0.02500000 0.00600000
v 0.02700000 -0.02300000 0.00000000
v 0.02700000 -0.02300000 0.00600000
v 0.02700000 -0.02100000 0.00000000
v 0.02700000 -0.02100000 0.00600000
v 0.02700000 -0.01900000 0.00000000
v 0.02700000 -0.01900000 0.00600000
v 0.02700000 -0.01700000 0.00000000
v 0.02700000 -0.01700000 0.00600000
v 0.02700000 -0.01500000 0.00000000
v 0.02700000 -0.01500000 0.00600000
v 0.02700000 -0.01300000 0.00000000
v 0.02700000 -0.01300000 0.00600000
v 0.02700000 -0.01100000 0.00000000
v 0.02700000 -0.01100000 0.00600000
v 0.02700000 -0.00900000 0.00000000
v 0.02700000 -0.00900000 0.00600000
v 0.02700000 -0.00700000 0.00000000
v 0.02700000 -0.00700000 0.00600000
v 0.02700000 -0.00500000 0.00000000
v 0.02700000 -0.00500000 0.00600000
v 0.02700000 -0.00300000 0.00000000
v 0.02700000 -0.00300000 0.00600000
v 0.02700000 -0.00100000 0.00000000
v 0.02700000 -0.00100000 0.00600000
v 0.02700000 0.00100000 0.00000000
v 0.02700000 0.00100000 0.00600000
v 0.02700000 0.00300000 0.00000000
v 0.02700000 0.00300000 0.00600000
v 0.02700000 0.00500000 0.00000000
v 0.02700000 0.00500000 0.00600000
v 0.02700000 0.00700000 0.00000000
v 0.02700000 0.00700000 0.00600000
v 0.02700000 0.00900000 0.00000000
v 0.02700000 0.00900000 0.00600000
v 0.02700000 0.01100000 0.00000000
v 0.02700000 0.01100000 0.00600000
v 0.02700000 0.01300000 0.00000000
v 0.02700000 0.01300000 0.00600000
v 0.02700000 0.01500000 0.00000000
v 0.02700000 0.01500000 0.00600000
v 0.02700000 0.01700000 0.00000000
v 0.02700000 0.01700000 0.00600000
v 0.02700000 0.01900000 0.00000000
v 0.02700000 0.01900000 0.00600000
v 0.02700000 0.02100000 0.00000000
v 0.02700000 0.02100000 0.00600000
v 0.02700000 0.02300000 0.00000000
v 0.02700000 0.02300000 0.00600000
v 0.02700000 0.02500000 0.00000000
v 0.02700000 0.02500000 0.00600000
v 0.02700000 0.02700000 0.00000000
v 0.02700000 0.02700000 0.00600000
v 0.02700000 0.02900000 0.00000000
v 0.02700000 0.02900000 0.00600000
v 0.02700000 0.03100000 0.00000000
v 0.02700000 0.03100000 0.00600000
v 0.02700000 0.03300000 0.00000000
v 0.02700000 0.03300000 0.00600000
v 0.02700000 0.03500000 0.00000000
v 0.02700000 0.03500000 0.00600000
v 0.02700000 0.03700000 0.00000000
v 0.02700000 0.03700000 0.00600000
v 0.02700000 0.03900000 0.00000000
v 0.02700000 0.03900000 0.00600000
v 0.02700000 0.04100000 0.00000000
v 0.02700000 0.04100000 0.00600000
v 0.02700000 0.04300000 0.00000000
v 0.02700000 0.04300000 0.00600000
v 0.02700000 0.04500000 0.00000000
v 0.02700000 0.04500000 0.00600000
v 0.02700000 0.04700000 0.00000000
v 0.02700000 0.04700000 0.00600000
v 0.02700000 0.04900000 0.00000000
v 0.02700000 0.04900000 0.00600000
v 0.02700000 0.05100000 0.00000000
v 0.02700000 0.05100000 0.00600000
v 0.02700000 0.05300000 0.00000000
v 0.02700000 0.05100000 0.00850000
v 0.02700000 0.05300000 0.00850000
v 0.02700000 0.05500000 0.00000000
v 0.02700000 0.05500000 0.00850000
v 0.02700000 0.05700000 0.00200000
v 0.02700000 0.05700000 0.00000000
v 0.02700000 0.05700000 0.00400000
v 0.02700000 0.05700000 0.00600000
v 0.02700000 0.05700000 0.00850000
v 0.02900000 -0.05700000 0.00200000
v 0.02900000 -0.05700000 0.00000000
v 0.02900000 -0.05500000 0.00000000
v 0.02900000 -0.05700000 0.00400000
v 0.02900000 -0.05700000 0.00600000
v 0.02900000 -0.05700000 0.00850000
v 0.02900000 -0.05500000 0.00850000
v 0.02900000 -0.05300000 0.00000000
v 0.02900000 -0.05300000 0.00850000
v 0.02900000 -0.05100000 0.00000000
v 0.02900000 -0.05100000 0.00850000
v 0.02900000 -0.05100000 0.00600000
v 0.02900000 -0.04900000 0.00000000
v 0.02900000 -0.04900000 0.00600000
v 0.02900000 -0.04700000 0.00000000
v 0.02900000 -0.04700000 0.00600000
v 0.02900000 -0.04500000 0.00000000
v 0.02900000 -0.04500000 0.00600000
v 0.02900000 -0.04300000 0.00000000
v 0.02900000 -0.04300000 0.00600000
v 0.02900000 -0.04100000 0.00000000
v 0.02900000 -0.04100000 0.00600000
v 0.02900000 -0.03900000 0.00000000
v 0.02900000 -0.03900000 0.00600000
v 0.02900000 -0.03700000 0.00000000
v 0.02900000 -0.03700000 0.00600000
v 0.02900000 -0.03500000 0.00000000
v 0.02900000 -0.03500000 0.00600000
v 0.02900000 -0.03300000 0.00000000
v 0.02900000 -0.03300000 0.00600000
v 0.02900000 -0.03100000 0.00000000
v 0.02900000 -0.03100000 0.00600000
v 0.02900000 -0.02900000 0.00000000
v 0.02900000 -0.02900000 0.00600000
v 0.02900000 -0.02700000 0.00000000
v 0.02900000 -0.02700000 0.00600000
v 0.02900000 -0.02500000 0.00000000
v 0.02900000 -0.02500000 0.00600000
v 0.02900000 -0.02300000 0.00000000
v 0.02900000 -0.02300000 0.00600000
v 0.02900000 -0.02100000 0.00000000
v 0.02900000 -0.02100000 0.00600000
v 0.02900000 -0.01900000 0.00000000
v 0.02900000 -0.01900000 0.00600000
v 0.02900000 -0.01700000 0.00000000
v 0.02900000 -0.01700000 0.00600000
v 0.02900000 -0.01500000 0.00000000
v 0.02900000 -0.01500000 0.00600000
v 0.02900000 -0.01300000 0.00000000
v 0.02900000 -0.01300000 0.00600000
v 0.02900000 -0.01100000 0.00000000
v 0.02900000 -0.01100000 0.00600000
v 0.02900000 -0.00900000 0.00000000
v 0.02900000 -0.00900000 0.00600000
v 0.02900000 -0.00700000 0.00000000
v 0.02900000 -0.00700000 0.00600000
v 0.02900000 -0.00500000 0.00000000
v 0.02900000 -0.00500000 0.00600000
v 0.02900000 -0.00300000 0.00000000
v 0.02900000 -0.00300000 0.00600000
v 0.02900000 -0.00100000 0.00000000
v 0.02900000 -0.00100000 0.00600000
v 0.02900000 0.00100000 0.00000000
v 0.02900000 0.00100000 0.00600000
v 0.02900000 0.00300000 0.00000000
v 0.02900000 0.00300000 0.00600000
v 0.02900000 0.00500000 0.00000000
v 0.02900000 0.00500000 0.00600000
v 0.02900000 0.00700000 0.00000000
v 0.02900000 0.00700000 0.00600000
v 0.02900000 0.00900000 0.00000000
v 0.02900000 0.00900000 0.00600000
v 0.02900000 0.01100000 0.00000000
v 0.02900000 0.01100000 0.00600000
v 0.02900000 0.01300000 0.00000000
v 0.02900000 0.01300000 0.00600000
v 0.02900000 0.01500000 0.00000000
v 0.02900000 0.01500000 0.00600000
v 0.02900000 0.01700000 0.00000000
v 0.02900000 0.01700000 0.00600000
v 0.02900000 0.01900000 0.00000000
v 0.02900000 0.01900000 0.00600000
v 0.02900000 0.02100000 0.00000000
v 0.02900000 0.02100000 0.00600000
v 0.02900000 0.02300000 0.00000000
v 0.02900000 0.02300000 0.00600000
v 0.02900000 0.02500000 0.00000000
v 0.02900000 0.02500000 0.00600000
v 0.02900000 0.02700000 0.00000000
v 0.02900000 0.02700000 0.00600000
v 0.02900000 0.02900000 0.00000000
v 0.02900000 0.02900000 0.00600000
v 0.02900000 0.03100000 0.00000000
v 0.02900000 0.03100000 0.00600000
v 0.02900000 0.03300000 0.00000000
v 0.02900000 0.03300000 0.00600000
v 0.02900000 0.03500000 0.00000000
v 0.02900000 0.03500000 0.00600000
v 0.02900000 0.03700000 0.00000000
v 0.02900000 0.03700000 0.00600000
v 0.02900000 0.03900000 0.00000000
v 0.02900000 0.03900000 0.00600000
v 0.02900000 0.04100000 0.00000000
v 0.02900000 0.04100000 0.00600000
v 0.02900000 0.04300000 0.00000000
v 0.02900000 0.04300000 0.00600000
v 0.02900000 0.04500000 0.00000000
v 0.02900000 0.04500000 0.00600000
v 0.02900000 0.04700000 0.00000000
v 0.02900000 0.04700000 0.00600000
v 0.02900000 0.04900000 0.00000000
v 0.02900000 0.04900000 0.00600000
v 0.02900000 0.05100000 0.00000000
v 0.02900000 0.05100000 0.00600000
v 0.02900000 0.05300000 0.00000000
v 0.02900000 0.05100000 0.00850000
v 0.02900000 0.05300000 0.00850000
v 0.02900000 0.05500000 0.00000000
v 0.02900000 0.05500000 0.00850000
v 0.02900000 0.05700000 0.00200000
v 0.02900000 0.05700000 0.00000000
v 0.02900000 0.05700000 0.00400000
v 0.02900000 0.05700000 0.00600000
v 0.02900000 0.05700000 0.00850000
v 0.03100000 -0.05700000 0.00200000
v 0.03100000 -0.05700000 0.00000000
v 0.03100000 -0.05500000 0.00000000
v 0.03100000 -0.05700000 0.00400000
v 0.03100000 -0.05700000 0.00600000
v 0.03100000 -0.05700000 0.00850000
v 0.03100000 -0.05500000 0.00850000
v 0.03100000 -0.05300000 0.00000000
v 0.03100000 -0.05300000 0.00850000
v 0.03100000 -0.05100000 0.00000000
v 0.03100000 -0.05100000 0.00850000
v 0.03100000 -0.05100000 0.00600000
v 0.03100000 -0.04900000 0.00000000
v 0.03100000 -0.04900000 0.00600000
v 0.03100000 -0.04700000 0.00000000
v 0.03100000 -0.04700000 0.00600000
v 0.03100000 -0.04500000 0.00000000
v 0.03100000 -0.04500000 0.00600000
v 0.03100000 -0.04300000 0.00000000
v 0.03100000 -0.04300000 0.00600000
v 0.03100000 -0.04100000 0.00000000
v 0.03100000 -0.04100000 0.00600000
v 0.03100000 -0.03900000 0.00000000
v 0.03100000 -0.03900000 0.00600000
v 0.03100000 -0.03700000 0.00000000
v 0.03100000 -0.03700000 0.00600000
v 0.03100000 -0.03500000 0.00000000
v 0.03100000 -0.03500000 0.00600000
v 0.03100000 -0.03300000 0.00000000
v 0.03100000 -0.03300000 0.00600000
v 0.03100000 -0.03100000 0.00000000
v 0.03100000 -0.03100000 0.00600000
v 0.03100000 -0.02900000 0.00000000
v 0.03100000 -0.02900000 0.00600000
v 0.03100000 -0.02700000 0.00000000
v 0.03100000 -0.02700000 0.00600000
v 0.03100000 -0.02500000 0.00000000
v 0.03100000 -0.02500000 0.00600000
v 0.03100000 -0.02300000 0.00000000
v 0.03100000 -0.02300000 0.00600000
v 0.03100000 -0.02100000 0.00000000
v 0.03100000 -0.02100000 0.00600000
v 0.03100000 -0.01900000 0.00000000
v 0.03100000 -0.01900000 0.00600000
v 0.03100000 -0.01700000 0.00000000
v 0.03100000 -0.01700000 0.00600000
v 0.03100000 -0.01500000 0.00000000
v 0.03100000 -0.01500000 0.00600000
v 0.03100000 -0.01300000 0.00000000
v 0.03100000 -0.01300000 0.00600000
v 0.03100000 -0.01100000 0.00000000
v 0.03100000 -0.01100000 0.00600000
v 0.03100000 -0.00900000 0.00000000
v 0.03100000 -0.00900000 0.00600000
v 0.03100000 -0.00700000 0.00000000
v 0.03100000 -0.00700000 0.00600000
v 0.03100000 -0.00500000 0.00000000
v 0.03100000 -0.00500000 0.00600000
v 0.03100000 -0.00300000 0.00000000
v 0.03100000 -0.00300000 0.00600000
v 0.03100000 -0.00100000 0.00000000
v 0.03100000 -0.00100000 0.00600000
v 0.03100000 0.00100000 0.00000000
v 0.03100000 0.00100000 0.00600000
v 0.03100000 0.00300000 0.00000000
v 0.03100000 0.00300000 0.00600000
v 0.03100000 0.00500000 0.00000000
v 0.03100000 0.00500000 0.00600000
v 0.03100000 0.00700000 0.00000000
v 0.03100000 0.00700000 0.00600000
v 0.03100000 0.00900000 0.00000000
v 0.03100000 0.00900000 0.00600000
v 0.03100000 0.01100000 0.00000000
v 0.03100000 0.01100000 0.00600000
v 0.03100000 0.01300000 0.00000000
v 0.03100000 0.01300000 0.00600000
v 0.03100000 0.01500000 0.00000000
v 0.03100000 0.01500000 0.00600000
v 0.03100000 0.01700000 0.00000000
v 0.03100000 0.01700000 0.00600000
v 0.03100000 0.01900000 0.00000000
v 0.03100000 0.01900000 0.00600000
v 0.03100000 0.02100000 0.00000000
v 0.03100000 0.02100000 0.00600000
v 0.03100000 0.02300000 0.00000000
v 0.03100000 0.02300000 0.00600000
v 0.03100000 0.02500000 0.00000000
v 0.03100000 0.02500000 0.00600000
v 0.03100000 0.02700000 0.00000000
v 0.03100000 0.02700000 0.00600000
v 0.03100000 0.02900000 0.00000000
v 0.03100000 0.02900000 0.00600000
v 0.03100000 0.03100000 0.00000000
v 0.03100000 0.03100000 0.00600000
v 0.03100000 0.03300000 0.00000000
v 0.03100000 0.03300000 0.00600000
v 0.03100000 0.03500000 0.00000000
v 0.03100000 0.03500000 0.00600000
v 0.03100000 0.03700000 0.00000000
v 0.03100000 0.03700000 0.00600000
v 0.03100000 0.03900000 0.00000000
v 0.03100000 0.03900000 0.00600000
v 0.03100000 0.04100000 0.00000000
v 0.03100000 0.04100000 0.00600000
v 0.03100000 0.04300000 0.00000000
v 0.03100000 0.04300000 0.00600000
v 0.03100000 0.04500000 0.00000000
v 0.03100000 0.04500000 0.00600000
v 0.03100000 0.04700000 0.00000000
v 0.03100000 0.04700000 0.00600000
v 0.03100000 0.04900000 0.00000000
v 0.03100000 0.04900000 0.00600000
v 0.03100000 0.05100000 0.00000000
v 0.03100000 0.05100000 0.00600000
v 0.03100000 0.05300000 0.00000000
v 0.03100000 0.05100000 0.00850000
v 0.03100000 0.05300000 0.00850000
v 0.03100000 0.05500000 0.00000000
v 0.03100000 0.05500000 0.00850000
v 0.03100000 0.05700000 0.00200000
v 0.03100000 0.05700000 0.00000000
v 0.03100000 0.05700000 0.00400000
v 0.03100000 0.05700000 0.00600000
v 0.03100000 0.05700000 0.00850000
v 0.03300000 -0.05700000 0.00200000
v 0.03300000 -0.05700000 0.00000000
v 0.03300000 -0.05500000 0.00000000
v 0.03300000 -0.05700000 0.00400000
v 0.03300000 -0.05700000 0.00600000
v 0.03300000 -0.05700000 0.00850000
v 0.03300000 -0.05500000 0.00850000
v 0.03300000 -0.05300000 0.00000000
v 0.03300000 -0.05300000 0.00850000
v 0.03300000 -0.05100000 0.00000000
v 0.03300000 -0.05100000 0.00850000
v 0.03300000 -0.05100000 0.00600000
v 0.03300000 -0.04900000 0.00000000
v 0.03300000 -0.04900000 0.00600000
v 0.03300000 -0.04700000 0.00000000
v 0.03300000 -0.04700000 0.00600000
v 0.03300000 -0.04500000 0.00000000
v 0.03300000 -0.04500000 0.00600000
v 0.03300000 -0.04300000 0.00000000
v 0.03300000 -0.04300000 0.00600000
v 0.03300000 -0.04100000 0.00000000
v 0.03300000 -0.04100000 0.00600000
v 0.03300000 -0.03900000 0.00000000
v 0.03300000 -0.03900000 0.00600000
v 0.03300000 -0.03700000 0.00000000
v 0.03300000 -0.03700000 0.00600000
v 0.03300000 -0.03500000 0.00000000
v 0.03300000 -0.03500000 0.00600000
v 0.03300000 -0.03300000 0.00000000
v 0.03300000 -0.03300000 0.00600000
v 0.03300000 -0.03100000 0.00000000
v 0.03300000 -0.03100000 0.00600000
v 0.03300000 -0.02900000 0.00000000
v 0.03300000 -0.02900000 0.00600000
v 0.03300000 -0.02700000 0.00000000
v 0.03300000 -0.02700000 0.00600000
v 0.03300000 -0.02500000 0.00000000
v 0.03300000 -0.02500000 0.00600000
v 0.03300000 -0.02300000 0.00000000
v 0.03300000 -0.02300000 0.00600000
v 0.03300000 -0.02100000 0.00000000
v 0.03300000 -0.02100000 0.00600000
v 0.03300000 -0.01900000 0.00000000
v 0.03300000 -0.01900000 0.00600000
v 0.03300000 -0.01700000 0.00000000
v 0.03300000 -0.01700000 0.00600000
v 0.03300000 -0.01500000 0.00000000
v 0.03300000 -0.01500000 0.00600000
v 0.03300000 -0.01300000 0.00000000
v 0.03300000 -0.01300000 0.00600000
v 0.03300000 -0.01100000 0.00000000
v 0.03300000 -0.01100000 0.00600000
v 0.03300000 -0.00900000 0.00000000
v 0.03300000 -0.00900000 0.00600000
v 0.03300000 -0.00700000 0.00000000
v 0.03300000 -0.00700000 0.00600000
v 0.03300000 -0.00500000 0.00000000
v 0.03300000 -0.00500000 0.00600000
v 0.03300000 -0.00300000 0.00000000
v 0.03300000 -0.00300000 0.00600000
v 0.03300000 -0.00100000 0.00000000
v 0.03300000 -0.00100000 0.00600000
v 0.03300000 0.00100000 0.00000000
v 0.03300000 0.00100000 0.00600000
v 0.03300000 0.00300000 0.00000000
v 0.03300000 0.00300000 0.00600000
v 0.03300000 0.00500000 0.00000000
v 0.03300000 0.00500000 0.00600000
v 0.03300000 0.00700000 0.00000000
v 0.03300000 0.00700000 0.00600000
v 0.03300000 0.00900000 0.00000000
v 0.03300000 0.00900000 0.00600000
v 0.03300000 0.01100000 0.00000000
v 0.03300000 0.01100000 0.00600000
v 0.03300000 0.01300000 0.00000000
v 0.03300000 0.01300000 0.00600000
v 0.03300000 0.01500000 0.00000000
v 0.03300000 0.01500000 0.00600000
v 0.03300000 0.01700000 0.00000000
v 0.03300000 0.01700000 0.00600000
v 0.03300000 0.01900000 0.00000000
v 0.03300000 0.01900000 0.00600000
v 0.03300000 0.02100000 0.00000000
v 0.03300000 0.02100000 0.00600000
v 0.03300000 0.02300000 0.00000000
v 0.03300000 0.02300000 0.00600000
v 0.03300000 0.02500000 0.00000000
v 0.03300000 0.02500000 0.00600000
v 0.03300000 0.02700000 0.00000000
v 0.03300000 0.02700000 0.00600000
v 0.03300000 0.02900000 0.00000000
v 0.03300000 0.02900000 0.00600000
v 0.03300000 0.03100000 0.00000000
v 0.03300000 0.03100000 0.00600000
v 0.03300000 0.03300000 0.00000000
v 0.03300000 0.03300000 0.00600000
v 0.03300000 0.03500000 0.00000000
v 0.03300000 0.03500000 0.00600000
v 0.03300000 0.03700000 0.00000000
v 0.03300000 0.03700000 0.00600000
v 0.03300000 0.03900000 0.00000000
v 0.03300000 0.03900000 0.00600000
v 0.03300000 0.04100000 0.00000000
v 0.03300000 0.04100000 0.00600000
v 0.03300000 0.04300000 0.00000000
v 0.03300000 0.04300000 0.00600000
v 0.03300000 0.04500000 0.00000000
v 0.03300000 0.04500000 0.00600000
v 0.03300000 0.04700000 0.00000000
v 0.03300000 0.04700000 0.00600000
v 0.03300000 0.04900000 0.00000000
v 0.03300000 0.04900000 0.00600000
v 0.03300000 0.05100000 0.00000000
v 0.03300000 0.05100000 0.00600000
v 0.03300000 0.05300000 0.00000000
v 0.03300000 0.05100000 0.00850000
v 0.03300000 0.05300000 0.00850000
v 0.03300000 0.05500000 0.00000000
v 0.03300000 0.05500000 0.00850000
v 0.03300000 0.05700000 0.00200000
v 0.03300000 0.05700000 0.00000000
v 0.03300000 0.05700000 0.00400000
v 0.03300000 0.05700000 0.00600000
v 0.03300000 0.05700000 0.00850000
v 0.03500000 -0.05700000 0.00200000
v 0.03500000 -0.05700000 0.00000000
v 0.03500000 -0.05500000 0.00000000
v 0.03500000 -0.05700000 0.00400000
v 0.03500000 -0.05700000 0.00600000
v 0.03500000 -0.05700000 0.00850000
v 0.03500000 -0.05500000 0.00850000
v 0.03500000 -0.05300000 0.00000000
v 0.03500000 -0.05300000 0.00850000
v 0.03500000 -0.05100000 0.00000000
v 0.03500000 -0.05100000 0.00850000
v 0.03500000 -0.05100000 0.00600000
v 0.03500000 -0.04900000 0.00000000
v 0.03500000 -0.04900000 0.00600000
v 0.03500000 -0.04700000 0.00000000
v 0.03500000 -0.04700000 0.00600000
v 0.03500000 -0.04500000 0.00000000
v 0.03500000 -0.04500000 0.00600000
v 0.03500000 -0.04300000 0.00000000
v 0.03500000 -0.04300000 0.00600000
v 0.03500000 -0.04100000 0.00000000
v 0.03500000 -0.04100000 0.00600000
v 0.03500000 -0.03900000 0.00000000
v 0.03500000 -0.03900000 0.00600000
v 0.03500000 -0.03700000 0.00000000
v 0.03500000 -0.03700000 0.00600000
v 0.03500000 -0.03500000 0.00000000
v 0.03500000 -0.03500000 0.00600000
v 0.03500000 -0.03300000 0.00000000
v 0.03500000 -0.03300000 0.00600000
v 0.03500000 -0.03100000 0.00000000
v 0.03500000 -0.03100000 0.00600000
v 0.03500000 -0.02900000 0.00000000
v 0.03500000 -0.02900000 0.00600000
v 0.03500000 -0.02700000 0.00000000
v 0.03500000 -0.02700000 0.00600000
v 0.03500000 -0.02500000 0.00000000
v 0.03500000 -0.02500000 0.00600000
v 0.03500000 -0.02300000 0.00000000
v 0.03500000 -0.02300000 0.00600000
v 0.03500000 -0.02100000 0.00000000
v 0.03500000 -0.02100000 0.00600000
v 0.03500000 -0.01900000 0.00000000
v 0.03500000 -0.01900000 0.00600000
v 0.03500000 -0.01700000 0.00000000
v 0.03500000 -0.01700000 0.00600000
v 0.03500000 -0.01500000 0.00000000
v 0.03500000 -0.01500000 0.00600000
v 0.03500000 -0.01300000 0.00000000
v 0.03500000 -0.01300000 0.00600000
v 0.03500000 -0.01100000 0.00000000
v 0.03500000 -0.01100000 0.00600000
v 0.03500000 -0.00900000 0.00000000
v 0.03500000 -0.00900000 0.00600000
v 0.03500000 -0.00700000 0.00000000
v 0.03500000 -0.00700000 0.00600000
v 0.03500000 -0.00500000 0.00000000
v 0.03500000 -0.00500000 0.00600000
v 0.03500000 -0.00300000 0.00000000
v 0.03500000 -0.00300000 0.00600000
v 0.03500000 -0.00100000 0.00000000
v 0.03500000 -0.00100000 0.00600000
v 0.03500000 0.00100000 0.00000000
v 0.03500000 0.00100000 0.00600000
v 0.03500000 0.00300000 0.00000000
v 0.03500000 0.00300000 0.00600000
v 0.03500000 0.00500000 0.00000000
v 0.03500000 0.00500000 0.00600000
v 0.03500000 0.00700000 0.00000000
v 0.03500000 0.00700000 0.00600000
v 0.03500000 0.00900000 0.00000000
v 0.03500000 0.00900000 0.00600000
v 0.03500000 0.01100000 0.00000000
v 0.03500000 0.01100000 0.00600000
v 0.03500000 0.01300000 0.00000000
v 0.03500000 0.01300000 0.00600000
v 0.03500000 0.01500000 0.00000000
v 0.03500000 0.01500000 0.00600000
v 0.03500000 0.01700000 0.00000000
v 0.03500000 0.01700000 0.00600000
v 0.03500000 0.01900000 0.00000000
v 0.03500000 0.01900000 0.00600000
v 0.03500000 0.02100000 0.00000000
v 0.03500000 0.02100000 0.00600000
v 0.03500000 0.02300000 0.00000000
v 0.03500000 0.02300000 0.00600000
v 0.03500000 0.02500000 0.00000000
v 0.03500000 0.02500000 0.00600000
v 0.03500000 0.02700000 0.00000000
v 0.03500000 0.02700000 0.00600000
v 0.03500000 0.02900000 0.00000000
v 0.03500000 0.02900000 0.00600000
v 0.03500000 0.03100000 0.00000000
v 0.03500000 0.03100000 0.00600000
v 0.03500000 0.03300000 0.00000000
v 0.03500000 0.03300000 0.00600000
v 0.03500000 0.03500000 0.00000000
v 0.03500000 0.03500000 0.00600000
v 0.03500000 0.03700000 0.00000000
v 0.03500000 0.03700000 0.00600000
v 0.03500000 0.03900000 0.00000000
v 0.03500000 0.03900000 0.00600000
v 0.03500000 0.04100000 0.00000000
v 0.03500000 0.04100000 0.00600000
v 0.03500000 0.04300000 0.00000000
v 0.03500000 0.04300000 0.00600000
v 0.03500000 0.04500000 0.00000000
v 0.03500000 0.04500000 0.00600000
v 0.03500000 0.04700000 0.00000000
v 0.03500000 0.04700000 0.00600000
v 0.03500000 0.04900000 0.00000000
v 0.03500000 0.04900000 0.00600000
v 0.03500000 0.05100000 0.00000000
v 0.03500000 0.05100000 0.00600000
v 0.03500000 0.05300000 0.00000000
v 0.03500000 0.05100000 0.00850000
v 0.03500000 0.05300000 0.00850000
v 0.03500000 0.05500000 0.00000000
v 0.03500000 0.05500000 0.00850000
v 0.03500000 0.05700000 0.00200000
v 0.03500000 0.05700000 0.00000000
v 0.03500000 0.05700000 0.00400000
v 0.03500000 0.05700000 0.00600000
v 0.03500000 0.05700000 0.00850000
v 0.03700000 -0.05700000 0.00200000
v 0.03700000 -0.05700000 0.00000000
v 0.03700000 -0.05500000 0.00000000
v 0.03700000 -0.05700000 0.00400000
v 0.03700000 -0.05700000 0.00600000
v 0.03700000 -0.05700000 0.00850000
v 0.03700000 -0.05500000 0.00850000
v 0.03700000 -0.05300000 0.00000000
v 0.03700000 -0.05300000 0.00850000
v 0.03700000 -0.05100000 0.00000000
v 0.03700000 -0.05100000 0.00850000
v 0.03700000 -0.05100000 0.00600000
v 0.03700000 -0.04900000 0.00000000
v 0.03700000 -0.04900000 0.00600000
v 0.03700000 -0.04700000 0.00000000
v 0.03700000 -0.04700000 0.00600000
v 0.03700000 -0.04500000 0.00000000
v 0.03700000 -0.04500000 0.00600000
v 0.03700000 -0.04300000 0.00000000
v 0.03700000 -0.04300000 0.00600000
v 0.03700000 -0.04100000 0.00000000
v 0.03700000 -0.04100000 0.00600000
v 0.03700000 -0.03900000 0.00000000
v 0.03700000 -0.03900000 0.00600000
v 0.03700000 -0.03700000 0.00000000
v 0.03700000 -0.03700000 0.00600000
v 0.03700000 -0.03500000 0.00000000
v 0.03700000 -0.03500000 0.00600000
v 0.03700000 -0.03300000 0.00000000
v 0.03700000 -0.03300000 0.00600000
v 0.03700000 -0.03100000 0.00000000
v 0.03700000 -0.03100000 0.00600000
v 0.03700000 -0.02900000 0.00000000
v 0.03700000 -0.02900000 0.00600000
v 0.03700000 -0.02700000 0.00000000
v 0.03700000 -0.02700000 0.00600000
v 0.03700000 -0.02500000 0.00000000
v 0.03700000 -0.02500000 0.00600000
v 0.03700000 -0.02300000 0.00000000
v 0.03700000 -0.02300000 0.00600000
v 0.03700000 -0.02100000 0.00000000
v 0.03700000 -0.02100000 0.00600000
v 0.03700000 -0.01900000 0.00000000
v 0.03700000 -0.01900000 0.00600000
v 0.03700000 -0.01700000 0.00000000
v 0.03700000 -0.01700000 0.00600000
v 0.03700000 -0.01500000 0.00000000
v 0.03700000 -0.01500000 0.00600000
v 0.03700000 -0.01300000 0.00000000
v 0.03700000 -0.01300000 0.00600000
v 0.03700000 -0.01100000 0.00000000
v 0.03700000 -0.01100000 0.00600000
v 0.03700000 -0.00900000 0.00000000
v 0.03700000 -0.00900000 0.00600000
v 0.03700000 -0.00700000 0.00000000
v 0.03700000 -0.00700000 0.00600000
v 0.03700000 -0.00500000 0.00000000
v 0.03700000 -0.00500000 0.00600000
v 0.03700000 -0.00300000 0.00000000
v 0.03700000 -0.00300000 0.00600000
v 0.03700000 -0.00100000 0.00000000
v 0.03700000 -0.00100000 0.00600000
v 0.03700000 0.00100000 0.00000000
v 0.03700000 0.00100000 0.00600000
v 0.03700000 0.00300000 0.00000000
v 0.03700000 0.00300000 0.00600000
v 0.03700000 0.00500000 0.00000000
v 0.03700000 0.00500000 0.00600000
v 0.03700000 0.00700000 0.00000000
v 0.03700000 0.00700000 0.00600000
v 0.03700000 0.00900000 0.00000000
v 0.03700000 0.00900000 0.00600000
v 0.03700000 0.01100000 0.00000000
v 0.03700000 0.01100000 0.00600000
v 0.03700000 0.01300000 0.00000000
v 0.03700000 0.01300000 0.00600000
v 0.03700000 0.01500000 0.00000000
v 0.03700000 0.01500000 0.00600000
v 0.03700000 0.01700000 0.00000000
v 0.03700000 0.01700000 0.00600000
v 0.03700000 0.01900000 0.00000000
v 0.03700000 0.01900000 0.00600000
v 0.03700000 0.02100000 0.00000000
v 0.03700000 0.02100000 0.00600000
v 0.03700000 0.02300000 0.00000000
v 0.03700000 0.02300000 0.00600000
v 0.03700000 0.02500000 0.00000000
v 0.03700000 0.02500000 0.00600000
v 0.03700000 0.02700000 0.00000000
v 0.03700000 0.02700000 0.00600000
v 0.03700000 0.02900000 0.00000000
v 0.03700000 0.02900000 0.00600000
v 0.03700000 0.03100000 0.00000000
v 0.03700000 0.03100000 0.00600000
v 0.03700000 0.03300000 0.00000000
v 0.03700000 0.03300000 0.00600000
v 0.03700000 0.03500000 0.00000000
v 0.03700000 0.03500000 0.00600000
v 0.03700000 0.03700000 0.00000000
v 0.03700000 0.03700000 0.00600000
v 0.03700000 0.03900000 0.00000000
v 0.03700000 0.03900000 0.00600000
v 0.03700000 0.04100000 0.00000000
v 0.03700000 0.04100000 0.00600000
v 0.03700000 0.04300000 0.00000000
v 0.03700000 0.04300000 0.00600000
v 0.03700000 0.04500000 0.00000000
v 0.03700000 0.04500000 0.00600000
v 0.03700000 0.04700000 0.00000000
v 0.03700000 0.04700000 0.00600000
v 0.03700000 0.04900000 0.00000000
v 0.03700000 0.04900000 0.00600000
v 0.03700000 0.05100000 0.00000000
v 0.03700000 0.05100000 0.00600000
v 0.03700000 0.05300000 0.00000000
v 0.03700000 0.05100000 0.00850000
v 0.03700000 0.05300000 0.00850000
v 0.03700000 0.05500000 0.00000000
v 0.03700000 0.05500000 0.00850000
v 0.03700000 0.05700000 0.00200000
v 0.03700000 0.05700000 0.00000000
v 0.03700000 0.05700000 0.00400000
v 0.03700000 0.05700000 0.00600000
v 0.03700000 0.05700000 0.00850000
v 0.03900000 -0.05700000 0.00200000
v 0.03900000 -0.05700000 0.00000000
v 0.03900000 -0.05500000 0.00000000
v 0.03900000 -0.05700000 0.00400000
v 0.03900000 -0.05700000 0.00600000
v 0.03900000 -0.05700000 0.00850000
v 0.03900000 -0.05500000 0.00850000
v 0.03900000 -0.05300000 0.00000000
v 0.03900000 -0.05300000 0.00850000
v 0.03900000 -0.05100000 0.00000000
v 0.03900000 -0.05100000 0.00850000
v 0.03900000 -0.05100000 0.00600000
v 0.03900000 -0.04900000 0.00000000
v 0.03900000 -0.04900000 0.00600000
v 0.03900000 -0.04700000 0.00000000
v 0.03900000 -0.04700000 0.00600000
v 0.03900000 -0.04500000 0.00000000
v 0.03900000 -0.04500000 0.00600000
v 0.03900000 -0.04300000 0.00000000
v 0.03900000 -0.04300000 0.00600000
v 0.03900000 -0.04100000 0.00000000
v 0.03900000 -0.04100000 0.00600000
v 0.03900000 -0.03900000 0.00000000
v 0.03900000 -0.03900000 0.00600000
v 0.03900000 -0.03700000 0.00000000
v 0.03900000 -0.03700000 0.00600000
v 0.03900000 -0.03500000 0.00000000
v 0.03900000 -0.03500000 0.00600000
v 0.03900000 -0.03300000 0.00000000
v 0.03900000 -0.03300000 0.00600000
v 0.03900000 -0.03100000 0.00000000
v 0.03900000 -0.03100000 0.00600000
v 0.03900000 -0.02900000 0.00000000
v 0.03900000 -0.02900000 0.00600000
v 0.03900000 -0.02700000 0.00000000
v 0.03900000 -0.02700000 0.00600000
v 0.03900000 -0.02500000 0.00000000
v 0.03900000 -0.02500000 0.00600000
v 0.03900000 -0.02300000 0.00000000
v 0.03900000 -0.02300000 0.00600000
v 0.03900000 -0.02100000 0.00000000
v 0.03900000 -0.02100000 0.00600000
v 0.03900000 -0.01900000 0.00000000
v 0.03900000 -0.01900000 0.00600000
v 0.03900000 -0.01700000 0.00000000
v 0.03900000 -0.01700000 0.00600000
v 0.03900000 -0.01500000 0.00000000
v 0.03900000 -0.01500000 0.00600000
v 0.03900000 -0.01300000 0.00000000
v 0.03900000 -0.01300000 0.00600000
v 0.03900000 -0.01100000 0.00000000
v 0.03900000 -0.01100000 0.00600000
v 0.03900000 -0.00900000 0.00000000
v 0.03900000 -0.00900000 0.00600000
v 0.03900000 -0.00700000 0.00000000
v 0.03900000 -0.00700000 0.00600000
v 0.03900000 -0.00500000 0.00000000
v 0.03900000 -0.00500000 0.00600000
v 0.03900000 -0.00300000 0.00000000
v 0.03900000 -0.00300000 0.00600000
v 0.03900000 -0.00100000 0.00000000
v 0.03900000 -0.00100000 0.00600000
v 0.03900000 0.00100000 0.00000000
v 0.03900000 0.00100000 0.00600000
v 0.03900000 0.00300000 0.00000000
v 0.03900000 0.00300000 0.00600000
v 0.03900000 0.00500000 0.00000000
v 0.03900000 0.00500000 0.00600000
v 0.03900000 0.00700000 0.00000000
v 0.03900000 0.00700000 0.00600000
v 0.03900000 0.00900000 0.00000000
v 0.03900000 0.00900000 0.00600000
v 0.03900000 0.01100000 0.00000000
v 0.03900000 0.01100000 0.00600000
v 0.03900000 0.01300000 0.00000000
v 0.03900000 0.01300000 0.00600000
v 0.03900000 0.01500000 0.00000000
v 0.03900000 0.01500000 0.00600000
v 0.03900000 0.01700000 0.00000000
v 0.03900000 0.01700000 0.00600000
v 0.03900000 0.01900000 0.00000000
v 0.03900000 0.01900000 0.00600000
v 0.03900000 0.02100000 0.00000000
v 0.03900000 0.02100000 0.00600000
v 0.03900000 0.02300000 0.00000000
v 0.03900000 0.02300000 0.00600000
v 0.03900000 0.02500000 0.00000000
v 0.03900000 0.02500000 0.00600000
v 0.03900000 0.02700000 0.00000000
v 0.03900000 0.02700000 0.00600000
v 0.03900000 0.02900000 0.00000000
v 0.03900000 0.02900000 0.00600000
v 0.03900000 0.03100000 0.00000000
v 0.03900000 0.03100000 0.00600000
v 0.03900000 0.03300000 0.00000000
v 0.03900000 0.03300000 0.00600000
v 0.03900000 0.03500000 0.00000000
v 0.03900000 0.03500000 0.00600000
v 0.03900000 0.03700000 0.00000000
v 0.03900000 0.03700000 0.00600000
v 0.03900000 0.03900000 0.00000000
v 0.03900000 0.03900000 0.00600000
v 0.03900000 0.04100000 0.00000000
v 0.03900000 0.04100000 0.00600000
v 0.03900000 0.04300000 0.00000000
v 0.03900000 0.04300000 0.00600000
v 0.03900000 0.04500000 0.00000000
v 0.03900000 0.04500000 0.00600000
v 0.03900000 0.04700000 0.00000000
v 0.03900000 0.04700000 0.00600000
v 0.03900000 0.04900000 0.00000000
v 0.03900000 0.04900000 0.00600000
v 0.03900000 0.05100000 0.00000000
v 0.03900000 0.05100000 0.00600000
v 0.03900000 0.05300000 0.00000000
v 0.03900000 0.05100000 0.00850000
v 0.03900000 0.05300000 0.00850000
v 0.03900000 0.05500000 0.00000000
v 0.03900000 0.05500000 0.00850000
v 0.03900000 0.05700000 0.00200000
v 0.03900000 0.05700000 0.00000000
v 0.03900000 0.05700000 0.00400000
v 0.03900000 0.05700000 0.00600000
v 0.03900000 0.05700000 0.00850000
v 0.04100000 -0.05700000 0.00200000
v 0.04100000 -0.05700000 0.00000000
v 0.04100000 -0.05500000 0.00000000
v 0.04100000 -0.05700000 0.00400000
v 0.04100000 -0.05700000 0.00600000
v 0.04100000 -0.05700000 0.00850000
v 0.04100000 -0.05500000 0.00850000
v 0.04100000 -0.05300000 0.00000000
v 0.04100000 -0.05300000 0.00850000
v 0.04100000 -0.05100000 0.00000000
v 0.04100000 -0.05100000 0.00850000
v 0.04100000 -0.05100000 0.00600000
v 0.04100000 -0.04900000 0.00000000
v 0.04100000 -0.04900000 0.00600000
v 0.04100000 -0.04700000 0.00000000
v 0.04100000 -0.04700000 0.00600000
v 0.04100000 -0.04500000 0.00000000
v 0.04100000 -0.04500000 0.00600000
v 0.04100000 -0.04300000 0.00000000
v 0.04100000 -0.04300000 0.00600000
v 0.04100000 -0.04100000 0.00000000
v 0.04100000 -0.04100000 0.00600000
v 0.04100000 -0.03900000 0.00000000
v 0.04100000 -0.03900000 0.00600000
v 0.04100000 -0.03700000 0.00000000
v 0.04100000 -0.03700000 0.00600000
v 0.04100000 -0.03500000 0.00000000
v 0.04100000 -0.03500000 0.00600000
v 0.04100000 -0.03300000 0.00000000
v 0.04100000 -0.03300000 0.00600000
v 0.04100000 -0.03100000 0.00000000
v 0.04100000 -0.03100000 0.00600000
v 0.04100000 -0.02900000 0.00000000
v 0.04100000 -0.02900000 0.00600000
v 0.04100000 -0.02700000 0.00000000
v 0.04100000 -0.02700000 0.00600000
v 0.04100000 -0.02500000 0.00000000
v 0.04100000 -0.02500000 0.00600000
v 0.04100000 -0.02300000 0.00000000
v 0.04100000 -0.02300000 0.00600000
v 0.04100000 -0.02100000 0.00000000
v 0.04100000 -0.02100000 0.00600000
v 0.04100000 -0.01900000 0.00000000
v 0.04100000 -0.01900000 0.00600000
v 0.04100000 -0.01700000 0.00000000
v 0.04100000 -0.01700000 0.00600000
v 0.04100000 -0.01500000 0.00000000
v 0.04100000 -0.01500000 0.00600000
v 0.04100000 -0.01300000 0.00000000
v 0.04100000 -0.01300000 0.00600000
v 0.04100000 -0.01100000 0.00000000
v 0.04100000 -0.01100000 0.00600000
v 0.04100000 -0.00900000 0.00000000
v 0.04100000 -0.00900000 0.00600000
v 0.04100000 -0.00700000 0.00000000
v 0.04100000 -0.00700000 0.00600000
v 0.04100000 -0.00500000 0.00000000
v 0.04100000 -0.00500000 0.00600000
v 0.04100000 -0.00300000 0.00000000
v 0.04100000 -0.00300000 0.00600000
v 0.04100000 -0.00100000 0.00000000
v 0.04100000 -0.00100000 0.00600000
v 0.04100000 0.00100000 0.00000000
v 0.04100000 0.00100000 0.00600000
v 0.04100000 0.00300000 0.00000000
v 0.04100000 0.00300000 0.00600000
v 0.04100000 0.00500000 0.00000000
v 0.04100000 0.00500000 0.00600000
v 0.04100000 0.00700000 0.00000000
v 0.04100000 0.00700000 0.00600000
v 0.04100000 0.00900000 0.00000000
v 0.04100000 0.00900000 0.00600000
v 0.04100000 0.01100000 0.00000000
v 0.04100000 0.01100000 0.00600000
v 0.04100000 0.01300000 0.00000000
v 0.04100000 0.01300000 0.00600000
v 0.04100000 0.01500000 0.00000000
v 0.04100000 0.01500000 0.00600000
v 0.04100000 0.01700000 0.00000000
v 0.04100000 0.01700000 0.00600000
v 0.04100000 0.01900000 0.00000000
v 0.04100000 0.01900000 0.00600000
v 0.04100000 0.02100000 0.00000000
v 0.04100000 0.02100000 0.00600000
v 0.04100000 0.02300000 0.00000000
v 0.04100000 0.02300000 0.00600000
v 0.04100000 0.02500000 0.00000000
v 0.04100000 0.02500000 0.00600000
v 0.04100000 0.02700000 0.00000000
v 0.04100000 0.02700000 0.00600000
v 0.04100000 0.02900000 0.00000000
v 0.04100000 0.02900000 0.00600000
v 0.04100000 0.03100000 0.00000000
v 0.04100000 0.03100000 0.00600000
v 0.04100000 0.03300000 0.00000000
v 0.04100000 0.03300000 0.00600000
v 0.04100000 0.03500000 0.00000000
v 0.04100000 0.03500000 0.00600000
v 0.04100000 0.03700000 0.00000000
v 0.04100000 0.03700000 0.00600000
v 0.04100000 0.03900000 0.00000000
v 0.04100000 0.03900000 0.00600000
v 0.04100000 0.04100000 0.00000000
v 0.04100000 0.04100000 0.00600000
v 0.04100000 0.04300000 0.00000000
v 0.04100000 0.04300000 0.00600000
v 0.04100000 0.04500000 0.00000000
v 0.04100000 0.04500000 0.00600000
v 0.04100000 0.04700000 0.00000000
v 0.04100000 0.04700000 0.00600000
v 0.04100000 0.04900000 0.00000000
v 0.04100000 0.04900000 0.00600000
v 0.04100000 0.05100000 0.00000000
v 0.04100000 0.05100000 0.00600000
v 0.04100000 0.05300000 0.00000000
v 0.04100000 0.05100000 0.00850000
v 0.04100000 0.05300000 0.00850000
v 0.04100000 0.05500000 0.00000000
v 0.04100000 0.05500000 0.00850000
v 0.04100000 0.05700000 0.00200000
v 0.04100000 0.05700000 0.00000000
v 0.04100000 0.05700000 0.00400000
v 0.04100000 0.05700000 0.00600000
v 0.04100000 0.05700000 0.00850000
v 0.04300000 -0.05700000 0.00200000
v 0.04300000 -0.05700000 0.00000000
v 0.04300000 -0.05500000 0.00000000
v 0.04300000 -0.05700000 0.00400000
v 0.04300000 -0.05700000 0.00600000
v 0.04300000 -0.05700000 0.00850000
v 0.04300000 -0.05500000 0.00850000
v 0.04300000 -0.05300000 0.00000000
v 0.04300000 -0.05300000 0.00850000
v 0.04300000 -0.05100000 0.00000000
v 0.04300000 -0.05100000 0.00850000
v 0.04300000 -0.05100000 0.00600000
v 0.04300000 -0.04900000 0.00000000
v 0.04300000 -0.04900000 0.00600000
v 0.04300000 -0.04700000 0.00000000
v 0.04300000 -0.04700000 0.00600000
v 0.04300000 -0.04500000 0.00000000
v 0.04300000 -0.04500000 0.00600000
v 0.04300000 -0.04300000 0.00000000
v 0.04300000 -0.04300000 0.00600000
v 0.04300000 -0.04100000 0.00000000
v 0.04300000 -0.04100000 0.00600000
v 0.04300000 -0.03900000 0.00000000
v 0.04300000 -0.03900000 0.00600000
v 0.04300000 -0.03700000 0.00000000
v 0.04300000 -0.03700000 0.00600000
v 0.04300000 -0.03500000 0.00000000
v 0.04300000 -0.03500000 0.00600000
v 0.04300000 -0.03300000 0.00000000
v 0.04300000 -0.03300000 0.00600000
v 0.04300000 -0.03100000 0.00000000
v 0.04300000 -0.03100000 0.00600000
v 0.04300000 -0.02900000 0.00000000
v 0.04300000 -0.02900000 0.00600000
v 0.04300000 -0.02700000 0.00000000
v 0.04300000 -0.02700000 0.00600000
v 0.04300000 -0.02500000 0.00000000
v 0.04300000 -0.02500000 0.00600000
v 0.04300000 -0.02300000 0.00000000
v 0.04300000 -0.02300000 0.00600000
v 0.04300000 -0.02100000 0.00000000
v 0.04300000 -0.02100000 0.00600000
v 0.04300000 -0.01900000 0.00000000
v 0.04300000 -0.01900000 0.00600000
v 0.04300000 -0.01700000 0.00000000
v 0.04300000 -0.01700000 0.00600000
v 0.04300000 -0.01500000 0.00000000
v 0.04300000 -0.01500000 0.00600000
v 0.04300000 -0.01300000 0.00000000
v 0.04300000 -0.01300000 0.00600000
v 0.04300000 -0.01100000 0.00000000
v 0.04300000 -0.01100000 0.00600000
v 0.04300000 -0.00900000 0.00000000
v 0.04300000 -0.00900000 0.00600000
v 0.04300000 -0.00700000 0.00000000
v 0.04300000 -0.00700000 0.00600000
v 0.04300000 -0.00500000 0.00000000
v 0.04300000 -0.00500000 0.00600000
v 0.04300000 -0.00300000 0.00000000
v 0.04300000 -0.00300000 0.00600000
v 0.04300000 -0.00100000 0.00000000
v 0.04300000 -0.00100000 0.00600000
v 0.04300000 0.00100000 0.00000000
v 0.04300000 0.00100000 0.00600000
v 0.04300000 0.00300000 0.00000000
v 0.04300000 0.00300000 0.00600000
v 0.04300000 0.00500000 0.00000000
v 0.04300000 0.00500000 0.00600000
v 0.04300000 0.00700000 0.00000000
v 0.04300000 0.00700000 0.00600000
v 0.04300000 0.00900000 0.00000000
v 0.04300000 0.00900000 0.00600000
v 0.04300000 0.01100000 0.00000000
v 0.04300000 0.01100000 0.00600000
v 0.04300000 0.01300000 0.00000000
v 0.04300000 0.01300000 0.00600000
v 0.04300000 0.01500000 0.00000000
v 0.04300000 0.01500000 0.00600000
v 0.04300000 0.01700000 0.00000000
v 0.04300000 0.01700000 0.00600000
v 0.04300000 0.01900000 0.00000000
v 0.04300000 0.01900000 0.00600000
v 0.04300000 0.02100000 0.00000000
v 0.04300000 0.02100000 0.00600000
v 0.04300000 0.02300000 0.00000000
v 0.04300000 0.02300000 0.00600000
v 0.04300000 0.02500000 0.00000000
v 0.04300000 0.02500000 0.00600000
v 0.04300000 0.02700000 0.00000000
v 0.04300000 0.02700000 0.00600000
v 0.04300000 0.02900000 0.00000000
v 0.04300000 0.02900000 0.00600000
v 0.04300000 0.03100000 0.00000000
v 0.04300000 0.03100000 0.00600000
v 0.04300000 0.03300000 0.00000000
v 0.04300000 0.03300000 0.00600000
v 0.04300000 0.03500000 0.00000000
v 0.04300000 0.03500000 0.00600000
v 0.04300000 0.03700000 0.00000000
v 0.04300000 0.03700000 0.00600000
v 0.04300000 0.03900000 0.00000000
v 0.04300000 0.03900000 0.00600000
v 0.04300000 0.04100000 0.00000000
v 0.04300000 0.04100000 0.00600000
v 0.04300000 0.04300000 0.00000000
v 0.04300000 0.04300000 0.00600000
v 0.04300000 0.04500000 0.00000000
v 0.04300000 0.04500000 0.00600000
v 0.04300000 0.04700000 0.00000000
v 0.04300000 0.04700000 0.00600000
v 0.04300000 0.04900000 0.00000000
v 0.04300000 0.04900000 0.00600000
v 0.04300000 0.05100000 0.00000000
v 0.04300000 0.05100000 0.00600000
v 0.04300000 0.05300000 0.00000000
v 0.04300000 0.05100000 0.00850000
v 0.04300000 0.05300000 0.00850000
v 0.04300000 0.05500000 0.00000000
v 0.04300000 0.05500000 0.00850000
v 0.04300000 0.05700000 0.00200000
v 0.04300000 0.05700000 0.00000000
v 0.04300000 0.05700000 0.00400000
v 0.04300000 0.05700000 0.00600000
v 0.04300000 0.05700000 0.00850000
v 0.04500000 -0.05700000 0.00200000
v 0.04500000 -0.05700000 0.00000000
v 0.04500000 -0.05500000 0.00000000
v 0.04500000 -0.05700000 0.00400000
v 0.04500000 -0.05700000 0.00600000
v 0.04500000 -0.05700000 0.00850000
v 0.04500000 -0.05500000 0.00850000
v 0.04500000 -0.05300000 0.00000000
v 0.04500000 -0.05300000 0.00850000
v 0.04500000 -0.05100000 0.00000000
v 0.04500000 -0.05100000 0.00850000
v 0.04500000 -0.05100000 0.00600000
v 0.04500000 -0.04900000 0.00000000
v 0.04500000 -0.04900000 0.00600000
v 0.04500000 -0.04700000 0.00000000
v 0.04500000 -0.04700000 0.00600000
v 0.04500000 -0.04500000 0.00000000
v 0.04500000 -0.04500000 0.00600000
v 0.04500000 -0.04300000 0.00000000
v 0.04500000 -0.04300000 0.00600000
v 0.04500000 -0.04100000 0.00000000
v 0.04500000 -0.04100000 0.00600000
v 0.04500000 -0.03900000 0.00000000
v 0.04500000 -0.03900000 0.00600000
v 0.04500000 -0.03700000 0.00000000
v 0.04500000 -0.03700000 0.00600000
v 0.04500000 -0.03500000 0.00000000
v 0.04500000 -0.03500000 0.00600000
v 0.04500000 -0.03300000 0.00000000
v 0.04500000 -0.03300000 0.00600000
v 0.04500000 -0.03100000 0.00000000
v 0.04500000 -0.03100000 0.00600000
v 0.04500000 -0.02900000 0.00000000
v 0.04500000 -0.02900000 0.00600000
v 0.04500000 -0.02700000 0.00000000
v 0.04500000 -0.02700000 0.00600000
v 0.04500000 -0.02500000 0.00000000
v 0.04500000 -0.02500000 0.00600000
v 0.04500000 -0.02300000 0.00000000
v 0.04500000 -0.02300000 0.00600000
v 0.04500000 -0.02100000 0.00000000
v 0.04500000 -0.02100000 0.00600000
v 0.04500000 -0.01900000 0.00000000
v 0.04500000 -0.01900000 0.00600000
v 0.04500000 -0.01700000 0.00000000
v 0.04500000 -0.01700000 0.00600000
v 0.04500000 -0.01500000 0.00000000
v 0.04500000 -0.01500000 0.00600000
v 0.04500000 -0.01300000 0.00000000
v 0.04500000 -0.01300000 0.00600000
v 0.04500000 -0.01100000 0.00000000
v 0.04500000 -0.01100000 0.00600000
v 0.04500000 -0.00900000 0.00000000
v 0.04500000 -0.00900000 0.00600000
v 0.04500000 -0.00700000 0.00000000
v 0.04500000 -0.00700000 0.00600000
v 0.04500000 -0.00500000 0.00000000
v 0.04500000 -0.00500000 0.00600000
v 0.04500000 -0.00300000 0.00000000
v 0.04500000 -0.00300000 0.00600000
v 0.04500000 -0.00100000 0.00000000
v 0.04500000 -0.00100000 0.00600000
v 0.04500000 0.00100000 0.00000000
v 0.04500000 0.00100000 0.00600000
v 0.04500000 0.00300000 0.00000000
v 0.04500000 0.00300000 0.00600000
v 0.04500000 0.00500000 0.00000000
v 0.04500000 0.00500000 0.00600000
v 0.04500000 0.00700000 0.00000000
v 0.04500000 0.00700000 0.00600000
v 0.04500000 0.00900000 0.00000000
v 0.04500000 0.00900000 0.00600000
v 0.04500000 0.01100000 0.00000000
v 0.04500000 0.01100000 0.00600000
v 0.04500000 0.01300000 0.00000000
v 0.04500000 0.01300000 0.00600000
v 0.04500000 0.01500000 0.00000000
v 0.04500000 0.01500000 0.00600000
v 0.04500000 0.01700000 0.00000000
v 0.04500000 0.01700000 0.00600000
v 0.04500000 0.01900000 0.00000000
v 0.04500000 0.01900000 0.00600000
v 0.04500000 0.02100000 0.00000000
v 0.04500000 0.02100000 0.00600000
v 0.04500000 0.02300000 0.00000000
v 0.04500000 0.02300000 0.00600000
v 0.04500000 0.02500000 0.00000000
v 0.04500000 0.02500000 0.00600000
v 0.04500000 0.02700000 0.00000000
v 0.04500000 0.02700000 0.00600000
v 0.04500000 0.02900000 0.00000000
v 0.04500000 0.02900000 0.00600000
v 0.04500000 0.03100000 0.00000000
v 0.04500000 0.03100000 0.00600000
v 0.04500000 0.03300000 0.00000000
v 0.04500000 0.03300000 0.00600000
v 0.04500000 0.03500000 0.00000000
v 0.04500000 0.03500000 0.00600000
v 0.04500000 0.03700000 0.00000000
v 0.04500000 0.03700000 0.00600000
v 0.04500000 0.03900000 0.00000000
v 0.04500000 0.03900000 0.00600000
v 0.04500000 0.04100000 0.00000000
v 0.04500000 0.04100000 0.00600000
v 0.04500000 0.04300000 0.00000000
v 0.04500000 0.04300000 0.00600000
v 0.04500000 0.04500000 0.00000000
v 0.04500000 0.04500000 0.00600000
v 0.04500000 0.04700000 0.00000000
v 0.04500000 0.04700000 0.00600000
v 0.04500000 0.04900000 0.00000000
v 0.04500000 0.04900000 0.00600000
v 0.04500000 0.05100000 0.00000000
v 0.04500000 0.05100000 0.00600000
v 0.04500000 0.05300000 0.00000000
v 0.04500000 0.05100000 0.00850000
v 0.04500000 0.05300000 0.00850000
v 0.04500000 0.05500000 0.00000000
v 0.04500000 0.05500000 0.00850000
v 0.04500000 0.05700000 0.00200000
v 0.04500000 0.05700000 0.00000000
v 0.04500000 0.05700000 0.00400000
v 0.04500000 0.05700000 0.00600000
v 0.04500000 0.05700000 0.00850000
v 0.04700000 -0.05700000 0.00200000
v 0.04700000 -0.05700000 0.00000000
v 0.04700000 -0.05500000 0.00000000
v 0.04700000 -0.05700000 0.00400000
v 0.04700000 -0.05700000 0.00600000
v 0.04700000 -0.05700000 0.00850000
v 0.04700000 -0.05500000 0.00850000
v 0.04700000 -0.05300000 0.00000000
v 0.04700000 -0.05300000 0.00850000
v 0.04700000 -0.05100000 0.00000000
v 0.04700000 -0.05100000 0.00850000
v 0.04700000 -0.05100000 0.00600000
v 0.04700000 -0.04900000 0.00000000
v 0.04700000 -0.04900000 0.00600000
v 0.04700000 -0.04700000 0.00000000
v 0.04700000 -0.04700000 0.00600000
v 0.04700000 -0.04500000 0.00000000
v 0.04700000 -0.04500000 0.00600000
v 0.04700000 -0.04300000 0.00000000
v 0.04700000 -0.04300000 0.00600000
v 0.04700000 -0.04100000 0.00000000
v 0.04700000 -0.04100000 0.00600000
v 0.04700000 -0.03900000 0.00000000
v 0.04700000 -0.03900000 0.00600000
v 0.04700000 -0.03700000 0.00000000
v 0.04700000 -0.03700000 0.00600000
v 0.04700000 -0.03500000 0.00000000
v 0.04700000 -0.03500000 0.00600000
v 0.04700000 -0.03300000 0.00000000
v 0.04700000 -0.03300000 0.00600000
v 0.04700000 -0.03100000 0.00000000
v 0.04700000 -0.03100000 0.00600000
v 0.04700000 -0.02900000 0.00000000
v 0.04700000 -0.02900000 0.00600000
v 0.04700000 -0.02700000 0.00000000
v 0.04700000 -0.02700000 0.00600000
v 0.04700000 -0.02500000 0.00000000
v 0.04700000 -0.02500000 0.00600000
v 0.04700000 -0.02300000 0.00000000
v 0.04700000 -0.02300000 0.00600000
v 0.04700000 -0.02100000 0.00000000
v 0.04700000 -0.02100000 0.00600000
v 0.04700000 -0.01900000 0.00000000
v 0.04700000 -0.01900000 0.00600000
v 0.04700000 -0.01700000 0.00000000
v 0.04700000 -0.01700000 0.00600000
v 0.04700000 -0.01500000 0.00000000
v 0.04700000 -0.01500000 0.00600000
v 0.04700000 -0.01300000 0.00000000
v 0.04700000 -0.01300000 0.00600000
v 0.04700000 -0.01100000 0.00000000
v 0.04700000 -0.01100000 0.00600000
v 0.04700000 -0.00900000 0.00000000
v 0.04700000 -0.00900000 0.00600000
v 0.04700000 -0.00700000 0.00000000
v 0.04700000 -0.00700000 0.00600000
v 0.04700000 -0.00500000 0.00000000
v 0.04700000 -0.00500000 0.00600000
v 0.04700000 -0.00300000 0.00000000
v 0.04700000 -0.00300000 0.00600000
v 0.04700000 -0.00100000 0.00000000
v 0.04700000 -0.00100000 0.00600000
v 0.04700000 0.00100000 0.00000000
v 0.04700000 0.00100000 0.00600000
v 0.04700000 0.00300000 0.00000000
v 0.04700000 0.00300000 0.00600000
v 0.04700000 0.00500000 0.00000000
v 0.04700000 0.00500000 0.00600000
v 0.04700000 0.00700000 0.00000000
v 0.04700000 0.00700000 0.00600000
v 0.04700000 0.00900000 0.00000000
v 0.04700000 0.00900000 0.00600000
v 0.04700000 0.01100000 0.00000000
v 0.04700000 0.01100000 0.00600000
v 0.04700000 0.01300000 0.00000000
v 0.04700000 0.01300000 0.00600000
v 0.04700000 0.01500000 0.00000000
v 0.04700000 0.01500000 0.00600000
v 0.04700000 0.01700000 0.00000000
v 0.04700000 0.01700000 0.00600000
v 0.04700000 0.01900000 0.00000000
v 0.04700000 0.01900000 0.00600000
v 0.04700000 0.02100000 0.00000000
v 0.04700000 0.02100000 0.00600000
v 0.04700000 0.02300000 0.00000000
v 0.04700000 0.02300000 0.00600000
v 0.04700000 0.02500000 0.00000000
v 0.04700000 0.02500000 0.00600000
v 0.04700000 0.02700000 0.00000000
v 0.04700000 0.02700000 0.00600000
v 0.04700000 0.02900000 0.00000000
v 0.04700000 0.02900000 0.00600000
v 0.04700000 0.03100000 0.00000000
v 0.04700000 0.03100000 0.00600000
v 0.04700000 0.03300000 0.00000000
v 0.04700000 0.03300000 0.00600000
v 0.04700000 0.03500000 0.00000000
v 0.04700000 0.03500000 0.00600000
v 0.04700000 0.03700000 0.00000000
v 0.04700000 0.03700000 0.00600000
v 0.04700000 0.03900000 0.00000000
v 0.04700000 0.03900000 0.00600000
v 0.04700000 0.04100000 0.00000000
v 0.04700000 0.04100000 0.00600000
v 0.04700000 0.04300000 0.00000000
v 0.04700000 0.04300000 0.00600000
v 0.04700000 0.04500000 0.00000000
v 0.04700000 0.04500000 0.00600000
v 0.04700000 0.04700000 0.00000000
v 0.04700000 0.04700000 0.00600000
v 0.04700000 0.04900000 0.00000000
v 0.04700000 0.04900000 0.00600000
v 0.04700000 0.05100000 0.00000000
v 0.04700000 0.05100000 0.00600000
v 0.04700000 0.05300000 0.00000000
v 0.04700000 0.05100000 0.00850000
v 0.04700000 0.05300000 0.00850000
v 0.04700000 0.05500000 0.00000000
v 0.04700000 0.05500000 0.00850000
v 0.04700000 0.05700000 0.00200000
v 0.04700000 0.05700000 0.00000000
v 0.04700000 0.05700000 0.00400000
v 0.04700000 0.05700000 0.00600000
v 0.04700000 0.05700000 0.00850000
v 0.04900000 -0.05700000 0.00200000
v 0.04900000 -0.05700000 0.00000000
v 0.04900000 -0.05500000 0.00000000
v 0.04900000 -0.05700000 0.00400000
v 0.04900000 -0.05700000 0.00600000
v 0.04900000 -0.05700000 0.00850000
v 0.04900000 -0.05500000 0.00850000
v 0.04900000 -0.05300000 0.00000000
v 0.04900000 -0.05300000 0.00850000
v 0.04900000 -0.05100000 0.00000000
v 0.04900000 -0.05100000 0.00850000
v 0.04900000 -0.05100000 0.00600000
v 0.04900000 -0.04900000 0.00000000
v 0.04900000 -0.04900000 0.00600000
v 0.04900000 -0.04700000 0.00000000
v 0.04900000 -0.04700000 0.00600000
v 0.04900000 -0.04500000 0.00000000
v 0.04900000 -0.04500000 0.00600000
v 0.04900000 -0.04300000 0.00000000
v 0.04900000 -0.04300000 0.00600000
v 0.04900000 -0.04100000 0.00000000
v 0.04900000 -0.04100000 0.00600000
v 0.04900000 -0.03900000 0.00000000
v 0.04900000 -0.03900000 0.00600000
v 0.04900000 -0.03700000 0.00000000
v 0.04900000 -0.03700000 0.00600000
v 0.04900000 -0.03500000 0.00000000
v 0.04900000 -0.03500000 0.00600000
v 0.04900000 -0.03300000 0.00000000
v 0.04900000 -0.03300000 0.00600000
v 0.04900000 -0.03100000 0.00000000
v 0.04900000 -0.03100000 0.00600000
v 0.04900000 -0.02900000 0.00000000
v 0.04900000 -0.02900000 0.00600000
v 0.04900000 -0.02700000 0.00000000
v 0.04900000 -0.02700000 0.00600000
v 0.04900000 -0.02500000 0.00000000
v 0.04900000 -0.02500000 0.00600000
v 0.04900000 -0.02300000 0.00000000
v 0.04900000 -0.02300000 0.00600000
v 0.04900000 -0.02100000 0.00000000
v 0.04900000 -0.02100000 0.00600000
v 0.04900000 -0.01900000 0.00000000
v 0.04900000 -0.01900000 0.00600000
v 0.04900000 -0.01700000 0.00000000
v 0.04900000 -0.01700000 0.00600000
v 0.04900000 -0.01500000 0.00000000
v 0.04900000 -0.01500000 0.00600000
v 0.04900000 -0.01300000 0.00000000
v 0.04900000 -0.01300000 0.00600000
v 0.04900000 -0.01100000 0.00000000
v 0.04900000 -0.01100000 0.00600000
v 0.04900000 -0.00900000 0.00000000
v 0.04900000 -0.00900000 0.00600000
v 0.04900000 -0.00700000 0.00000000
v 0.04900000 -0.00700000 0.00600000
v 0.04900000 -0.00500000 0.00000000
v 0.04900000 -0.00500000 0.00600000
v 0.04900000 -0.00300000 0.00000000
v 0.04900000 -0.00300000 0.00600000
v 0.04900000 -0.00100000 0.00000000
v 0.04900000 -0.00100000 0.00600000
v 0.04900000 0.00100000 0.00000000
v 0.04900000 0.00100000 0.00600000
v 0.04900000 0.00300000 0.00000000
v 0.04900000 0.00300000 0.00600000
v 0.04900000 0.00500000 0.00000000
v 0.04900000 0.00500000 0.00600000
v 0.04900000 0.00700000 0.00000000
v 0.04900000 0.00700000 0.00600000
v 0.04900000 0.00900000 0.00000000
v 0.04900000 0.00900000 0.00600000
v 0.04900000 0.01100000 0.00000000
v 0.04900000 0.01100000 0.00600000
v 0.04900000 0.01300000 0.00000000
v 0.04900000 0.01300000 0.00600000
v 0.04900000 0.01500000 0.00000000
v 0.04900000 0.01500000 0.00600000
v 0.04900000 0.01700000 0.00000000
v 0.04900000 0.01700000 0.00600000
v 0.04900000 0.01900000 0.00000000
v 0.04900000 0.01900000 0.00600000
v 0.04900000 0.02100000 0.00000000
v 0.04900000 0.02100000 0.00600000
v 0.04900000 0.02300000 0.00000000
v 0.04900000 0.02300000 0.00600000
v 0.04900000 0.02500000 0.00000000
v 0.04900000 0.02500000 0.00600000
v 0.04900000 0.02700000 0.00000000
v 0.04900000 0.02700000 0.00600000
v 0.04900000 0.02900000 0.00000000
v 0.04900000 0.02900000 0.00600000
v 0.04900000 0.03100000 0.00000000
v 0.04900000 0.03100000 0.00600000
v 0.04900000 0.03300000 0.00000000
v 0.04900000 0.03300000 0.00600000
v 0.04900000 0.03500000 0.00000000
v 0.04900000 0.03500000 0.00600000
v 0.04900000 0.03700000 0.00000000
v 0.04900000 0.03700000 0.00600000
v 0.04900000 0.03900000 0.00000000
v 0.04900000 0.03900000 0.00600000
v 0.04900000 0.04100000 0.00000000
v 0.04900000 0.04100000 0.00600000
v 0.04900000 0.04300000 0.00000000
v 0.04900000 0.04300000 0.00600000
v 0.04900000 0.04500000 0.00000000
v 0.04900000 0.04500000 0.00600000
v 0.04900000 0.04700000 0.00000000
v 0.04900000 0.04700000 0.00600000
v 0.04900000 0.04900000 0.00000000
v 0.04900000 0.04900000 0.00600000
v 0.04900000 0.05100000 0.00000000
v 0.04900000 0.05100000 0.00600000
v 0.04900000 0.05300000 0.00000000
v 0.04900000 0.05100000 0.00850000
v 0.04900000 0.05300000 0.00850000
v 0.04900000 0.05500000 0.00000000
v 0.04900000 0.05500000 0.00850000
v 0.04900000 0.05700000 0.00200000
v 0.04900000 0.05700000 0.00000000
v 0.04900000 0.05700000 0.00400000
v 0.04900000 0.05700000 0.00600000
v 0.04900000 0.05700000 0.00850000
v 0.05100000 -0.05700000 0.00200000
v 0.05100000 -0.05700000 0.00000000
v 0.05100000 -0.05500000 0.00000000
v 0.05100000 -0.05700000 0.00400000
v 0.05100000 -0.05700000 0.00600000
v 0.05100000 -0.05700000 0.00850000
v 0.05100000 -0.05500000 0.00850000
v 0.05100000 -0.05300000 0.00000000
v 0.05100000 -0.05300000 0.00850000
v 0.05100000 -0.05100000 0.00000000
v 0.05100000 -0.05100000 0.00850000
v 0.05100000 -0.05100000 0.00600000
v 0.05100000 -0.04900000 0.00000000
v 0.05100000 -0.04900000 0.00600000
v 0.05100000 -0.04700000 0.00000000
v 0.05100000 -0.04700000 0.00600000
v 0.05100000 -0.04500000 0.00000000
v 0.05100000 -0.04500000 0.00600000
v 0.05100000 -0.04300000 0.00000000
v 0.05100000 -0.04300000 0.00600000
v 0.05100000 -0.04100000 0.00000000
v 0.05100000 -0.04100000 0.00600000
v 0.05100000 -0.03900000 0.00000000
v 0.05100000 -0.03900000 0.00600000
v 0.05100000 -0.03700000 0.00000000
v 0.05100000 -0.03700000 0.00600000
v 0.05100000 -0.03500000 0.00000000
v 0.05100000 -0.03500000 0.00600000
v 0.05100000 -0.03300000 0.00000000
v 0.05100000 -0.03300000 0.00600000
v 0.05100000 -0.03100000 0.00000000
v 0.05100000 -0.03100000 0.00600000
v 0.05100000 -0.02900000 0.00000000
v 0.05100000 -0.02900000 0.00600000
v 0.05100000 -0.02700000 0.00000000
v 0.05100000 -0.02700000 0.00600000
v 0.05100000 -0.02500000 0.00000000
v 0.05100000 -0.02500000 0.00600000
v 0.05100000 -0.02300000 0.00000000
v 0.05100000 -0.02300000 0.00600000
v 0.05100000 -0.02100000 0.00000000
v 0.05100000 -0.02100000 0.00600000
v 0.05100000 -0.01900000 0.00000000
v 0.05100000 -0.01900000 0.00600000
v 0.05100000 -0.01700000 0.00000000
v 0.05100000 -0.01700000 0.00600000
v 0.05100000 -0.01500000 0.00000000
v 0.05100000 -0.01500000 0.00600000
v 0.05100000 -0.01300000 0.00000000
v 0.05100000 -0.01300000 0.00600000
v 0.05100000 -0.01100000 0.00000000
v 0.05100000 -0.01100000 0.00600000
v 0.05100000 -0.00900000 0.00000000
v 0.05100000 -0.00900000 0.00600000
v 0.05100000 -0.00700000 0.00000000
v 0.05100000 -0.00700000 0.00600000
v 0.05100000 -0.00500000 0.00000000
v 0.05100000 -0.00500000 0.00600000
v 0.05100000 -0.00300000 0.00000000
v 0.05100000 -0.00300000 0.00600000
v 0.05100000 -0.00100000 0.00000000
v 0.05100000 -0.00100000 0.00600000
v 0.05100000 0.00100000 0.00000000
v 0.05100000 0.00100000 0.00600000
v 0.05100000 0.00300000 0.00000000
v 0.05100000 0.00300000 0.00600000
v 0.05100000 0.00500000 0.00000000
v 0.05100000 0.00500000 0.00600000
v 0.05100000 0.00700000 0.00000000
v 0.05100000 0.00700000 0.00600000
v 0.05100000 0.00900000 0.00000000
v 0.05100000 0.00900000 0.00600000
v 0.05100000 0.01100000 0.00000000
v 0.05100000 0.01100000 0.00600000
v 0.05100000 0.01300000 0.00000000
v 0.05100000 0.01300000 0.00600000
v 0.05100000 0.01500000 0.00000000
v 0.05100000 0.01500000 0.00600000
v 0.05100000 0.01700000 0.00000000
v 0.05100000 0.01700000 0.00600000
v 0.05100000 0.01900000 0.00000000
v 0.05100000 0.01900000 0.00600000
v 0.05100000 0.02100000 0.00000000
v 0.05100000 0.02100000 0.00600000
v 0.05100000 0.02300000 0.00000000
v 0.05100000 0.02300000 0.00600000
v 0.05100000 0.02500000 0.00000000
v 0.05100000 0.02500000 0.00600000
v 0.05100000 0.02700000 0.00000000
v 0.05100000 0.02700000 0.00600000
v 0.05100000 0.02900000 0.00000000
v 0.05100000 0.02900000 0.00600000
v 0.05100000 0.03100000 0.00000000
v 0.05100000 0.03100000 0.00600000
v 0.05100000 0.03300000 0.00000000
v 0.05100000 0.03300000 0.00600000
v 0.05100000 0.03500000 0.00000000
v 0.05100000 0.03500000 0.00600000
v 0.05100000 0.03700000 0.00000000
v 0.05100000 0.03700000 0.00600000
v 0.05100000 0.03900000 0.00000000
v 0.05100000 0.03900000 0.00600000
v 0.05100000 0.04100000 0.00000000
v 0.05100000 0.04100000 0.00600000
v 0.05100000 0.04300000 0.00000000
v 0.05100000 0.04300000 0.00600000
v 0.05100000 0.04500000 0.00000000
v 0.05100000 0.04500000 0.00600000
v 0.05100000 0.04700000 0.00000000
v 0.05100000 0.04700000 0.00600000
v 0.05100000 0.04900000 0.00000000
v 0.05100000 0.04900000 0.00600000
v 0.05100000 0.05100000 0.00000000
v 0.05100000 0.05100000 0.00600000
v 0.05100000 0.05300000 0.00000000
v 0.05100000 0.05100000 0.00850000
v 0.05100000 0.05300000 0.00850000
v 0.05100000 0.05500000 0.00000000
v 0.05100000 0.05500000 0.00850000
v 0.05100000 0.05700000 0.00200000
v 0.05100000 0.05700000 0.00000000
v 0.05100000 0.05700000 0.00400000
v 0.05100000 0.05700000 0.00600000
v 0.05100000 0.05700000 0.00850000
v 0.05300000 -0.05700000 0.00200000
v 0.05300000 -0.05700000 0.00000000
v 0.05300000 -0.05500000 0.00000000
v 0.05300000 -0.05700000 0.00400000
v 0.05300000 -0.05700000 0.00600000
v 0.05300000 -0.05700000 0.00850000
v 0.05300000 -0.05500000 0.00850000
v 0.05300000 -0.05300000 0.00000000
v 0.05300000 -0.05300000 0.00850000
v 0.05300000 -0.05100000 0.00000000
v 0.05300000 -0.05100000 0.00850000
v 0.05300000 -0.04900000 0.00000000
v 0.05100000 -0.04900000 0.00850000
v 0.05300000 -0.04900000 0.00850000
v 0.05300000 -0.04700000 0.00000000
v 0.05100000 -0.04700000 0.00850000
v 0.05300000 -0.04700000 0.00850000
v 0.05300000 -0.04500000 0.00000000
v 0.05100000 -0.04500000 0.00850000
v 0.05300000 -0.04500000 0.00850000
v 0.05300000 -0.04300000 0.00000000
v 0.05100000 -0.04300000 0.00850000
v 0.05300000 -0.04300000 0.00850000
v 0.05300000 -0.04100000 0.00000000
v 0.05100000 -0.04100000 0.00850000
v 0.05300000 -0.04100000 0.00850000
v 0.05300000 -0.03900000 0.00000000
v 0.05100000 -0.03900000 0.00850000
v 0.05300000 -0.03900000 0.00850000
v 0.05300000 -0.03700000 0.00000000
v 0.05100000 -0.03700000 0.00850000
v 0.05300000 -0.03700000 0.00850000
v 0.05300000 -0.03500000 0.00000000
v 0.05100000 -0.03500000 0.00850000
v 0.05300000 -0.03500000 0.00850000
v 0.05300000 -0.03300000 0.00000000
v 0.05100000 -0.03300000 0.00850000
v 0.05300000 -0.03300000 0.00850000
v 0.05300000 -0.03100000 0.00000000
v 0.05100000 -0.03100000 0.00850000
v 0.05300000 -0.03100000 0.00850000
v 0.05300000 -0.02900000 0.00000000
v 0.05100000 -0.02900000 0.00850000
v 0.05300000 -0.02900000 0.00850000
v 0.05300000 -0.02700000 0.00000000
v 0.05100000 -0.02700000 0.00850000
v 0.05300000 -0.02700000 0.00850000
v 0.05300000 -0.02500000 0.00000000
v 0.05100000 -0.02500000 0.00850000
v 0.05300000 -0.02500000 0.00850000
v 0.05300000 -0.02300000 0.00000000
v 0.05100000 -0.02300000 0.00850000
v 0.05300000 -0.02300000 0.00850000
v 0.05300000 -0.02100000 0.00000000
v 0.05100000 -0.02100000 0.00850000
v 0.05300000 -0.02100000 0.00850000
v 0.05300000 -0.01900000 0.00000000
v 0.05100000 -0.01900000 0.00850000
v 0.05300000 -0.01900000 0.00850000
v 0.05300000 -0.01700000 0.00000000
v 0.05100000 -0.01700000 0.00850000
v 0.05300000 -0.01700000 0.00850000
v 0.05300000 -0.01500000 0.00000000
v 0.05100000 -0.01500000 0.00850000
v 0.05300000 -0.01500000 0.00850000
v 0.05300000 -0.01300000 0.00000000
v 0.05100000 -0.01300000 0.00850000
v 0.05300000 -0.01300000 0.00850000
v 0.05300000 -0.01100000 0.00000000
v 0.05100000 -0.01100000 0.00850000
v 0.05300000 -0.01100000 0.00850000
v 0.05300000 -0.00900000 0.00000000
v 0.05100000 -0.00900000 0.00850000
v 0.05300000 -0.00900000 0.00850000
v 0.05300000 -0.00700000 0.00000000
v 0.05100000 -0.00700000 0.00850000
v 0.05300000 -0.00700000 0.00850000
v 0.05300000 -0.00500000 0.00000000
v 0.05100000 -0.00500000 0.00850000
v 0.05300000 -0.00500000 0.00850000
v 0.05300000 -0.00300000 0.00000000
v 0.05100000 -0.00300000 0.00850000
v 0.05300000 -0.00300000 0.00850000
v 0.05300000 -0.00100000 0.00000000
v 0.05100000 -0.00100000 0.00850000
v 0.05300000 -0.00100000 0.00850000
v 0.05300000 0.00100000 0.00000000
v 0.05100000 0.00100000 0.00850000
v 0.05300000 0.00100000 0.00850000
v 0.05300000 0.00300000 0.00000000
v 0.05100000 0.00300000 0.00850000
v 0.05300000 0.00300000 0.00850000
v 0.05300000 0.00500000 0.00000000
v 0.05100000 0.00500000 0.00850000
v 0.05300000 0.00500000 0.00850000
v 0.05300000 0.00700000 0.00000000
v 0.05100000 0.00700000 0.00850000
v 0.05300000 0.00700000 0.00850000
v 0.05300000 0.00900000 0.00000000
v 0.05100000 0.00900000 0.00850000
v 0.05300000 0.00900000 0.00850000
v 0.05300000 0.01100000 0.00000000
v 0.05100000 0.01100000 0.00850000
v 0.05300000 0.01100000 0.00850000
v 0.05300000 0.01300000 0.00000000
v 0.05100000 0.01300000 0.00850000
v 0.05300000 0.01300000 0.00850000
v 0.05300000 0.01500000 0.00000000
v 0.05100000 0.01500000 0.00850000
v 0.05300000 0.01500000 0.00850000
v 0.05300000 0.01700000 0.00000000
v 0.05100000 0.01700000 0.00850000
v 0.05300000 0.01700000 0.00850000
v 0.05300000 0.01900000 0.00000000
v 0.05100000 0.01900000 0.00850000
v 0.05300000 0.01900000 0.00850000
v 0.05300000 0.02100000 0.00000000
v 0.05100000 0.02100000 0.00850000
v 0.05300000 0.02100000 0.00850000
v 0.05300000 0.02300000 0.00000000
v 0.05100000 0.02300000 0.00850000
v 0.05300000 0.02300000 0.00850000
v 0.05300000 0.02500000 0.00000000
v 0.05100000 0.02500000 0.00850000
v 0.05300000 0.02500000 0.00850000
v 0.05300000 0.02700000 0.00000000
v 0.05100000 0.02700000 0.00850000
v 0.05300000 0.02700000 0.00850000
v 0.05300000 0.02900000 0.00000000
v 0.05100000 0.02900000 0.00850000
v 0.05300000 0.02900000 0.00850000
v 0.05300000 0.03100000 0.00000000
v 0.05100000 0.03100000 0.00850000
v 0.05300000 0.03100000 0.00850000
v 0.05300000 0.03300000 0.00000000
v 0.05100000 0.03300000 0.00850000
v 0.05300000 0.03300000 0.00850000
v 0.05300000 0.03500000 0.00000000
v 0.05100000 0.03500000 0.00850000
v 0.05300000 0.03500000 0.00850000
v 0.05300000 0.03700000 0.00000000
v 0.05100000 0.03700000 0.00850000
v 0.05300000 0.03700000 0.00850000
v 0.05300000 0.03900000 0.00000000
v 0.05100000 0.03900000 0.00850000
v 0.05300000 0.03900000 0.00850000
v 0.05300000 0.04100000 0.00000000
v 0.05100000 0.04100000 0.00850000
v 0.05300000 0.04100000 0.00850000
v 0.05300000 0.04300000 0.00000000
v 0.05100000 0.04300000 0.00850000
v 0.05300000 0.04300000 0.00850000
v 0.05300000 0.04500000 0.00000000
v 0.05100000 0.04500000 0.00850000
v 0.05300000 0.04500000 0.00850000
v 0.05300000 0.04700000 0.00000000
v 0.05100000 0.04700000 0.00850000
v 0.05300000 0.04700000 0.00850000
v 0.05300000 0.04900000 0.00000000
v 0.05100000 0.04900000 0.00850000
v 0.05300000 0.04900000 0.00850000
v 0.05300000 0.05100000 0.00000000
v 0.05300000 0.05100000 0.00850000
v 0.05300000 0.05300000 0.00000000
v 0.05300000 0.05300000 0.00850000
v 0.05300000 0.05500000 0.00000000
v 0.05300000 0.05500000 0.00850000
v 0.05300000 0.05700000 0.00200000
v 0.05300000 0.05700000 0.00000000
v 0.05300000 0.05700000 0.00400000
v 0.05300000 0.05700000 0.00600000
v 0.05300000 0.05700000 0.00850000
v 0.05500000 -0.05700000 0.00200000
v 0.05500000 -0.05700000 0.00000000
v 0.05500000 -0.05500000 0.00000000
v 0.05500000 -0.05700000 0.00400000
v 0.05500000 -0.05700000 0.00600000
v 0.05500000 -0.05700000 0.00850000
v 0.05500000 -0.05500000 0.00850000
v 0.05500000 -0.05300000 0.00000000
v 0.05500000 -0.05300000 0.00850000
v 0.05500000 -0.05100000 0.00000000
v 0.05500000 -0.05100000 0.00850000
v 0.05500000 -0.04900000 0.00000000
v 0.05500000 -0.04900000 0.00850000
v 0.05500000 -0.04700000 0.00000000
v 0.05500000 -0.04700000 0.00850000
v 0.05500000 -0.04500000 0.00000000
v 0.05500000 -0.04500000 0.00850000
v 0.05500000 -0.04300000 0.00000000
v 0.05500000 -0.04300000 0.00850000
v 0.05500000 -0.04100000 0.00000000
v 0.05500000 -0.04100000 0.00850000
v 0.05500000 -0.03900000 0.00000000
v 0.05500000 -0.03900000 0.00850000
v 0.05500000 -0.03700000 0.00000000
v 0.05500000 -0.03700000 0.00850000
v 0.05500000 -0.03500000 0.00000000
v 0.05500000 -0.03500000 0.00850000
v 0.05500000 -0.03300000 0.00000000
v 0.05500000 -0.03300000 0.00850000
v 0.05500000 -0.03100000 0.00000000
v 0.05500000 -0.03100000 0.00850000
v 0.05500000 -0.02900000 0.00000000
v 0.05500000 -0.02900000 0.00850000
v 0.05500000 -0.02700000 0.00000000
v 0.05500000 -0.02700000 0.00850000
v 0.05500000 -0.02500000 0.00000000
v 0.05500000 -0.02500000 0.00850000
v 0.05500000 -0.02300000 0.00000000
v 0.05500000 -0.02300000 0.00850000
v 0.05500000 -0.02100000 0.00000000
v 0.05500000 -0.02100000 0.00850000
v 0.05500000 -0.01900000 0.00000000
v 0.05500000 -0.01900000 0.00850000
v 0.05500000 -0.01700000 0.00000000
v 0.05500000 -0.01700000 0.00850000
v 0.05500000 -0.01500000 0.00000000
v 0.05500000 -0.01500000 0.00850000
v 0.05500000 -0.01300000 0.00000000
v 0.05500000 -0.01300000 0.00850000
v 0.05500000 -0.01100000 0.00000000
v 0.05500000 -0.01100000 0.00850000
v 0.05500000 -0.00900000 0.00000000
v 0.05500000 -0.00900000 0.00850000
v 0.05500000 -0.00700000 0.00000000
v 0.05500000 -0.00700000 0.00850000
v 0.05500000 -0.00500000 0.00000000
v 0.05500000 -0.00500000 0.00850000
v 0.05500000 -0.00300000 0.00000000
v 0.05500000 -0.00300000 0.00850000
v 0.05500000 -0.00100000 0.00000000
v 0.05500000 -0.00100000 0.00850000
v 0.05500000 0.00100000 0.00000000
v 0.05500000 0.00100000 0.00850000
v 0.05500000 0.00300000 0.00000000
v 0.05500000 0.00300000 0.00850000
v 0.05500000 0.00500000 0.00000000
v 0.05500000 0.00500000 0.00850000
v 0.05500000 0.00700000 0.00000000
v 0.05500000 0.00700000 0.00850000
v 0.05500000 0.00900000 0.00000000
v 0.05500000 0.00900000 0.00850000
v 0.05500000 0.01100000 0.00000000
v 0.05500000 0.01100000 0.00850000
v 0.05500000 0.01300000 0.00000000
v 0.05500000 0.01300000 0.00850000
v 0.05500000 0.01500000 0.00000000
v 0.05500000 0.01500000 0.00850000
v 0.05500000 0.01700000 0.00000000
v 0.05500000 0.01700000 0.00850000
v 0.05500000 0.01900000 0.00000000
v 0.05500000 0.01900000 0.00850000
v 0.05500000 0.02100000 0.00000000
v 0.05500000 0.02100000 0.00850000
v 0.05500000 0.02300000 0.00000000
v 0.05500000 0.02300000 0.00850000
v 0.05500000 0.02500000 0.00000000
v 0.05500000 0.02500000 0.00850000
v 0.05500000 0.02700000 0.00000000
v 0.05500000 0.02700000 0.00850000
v 0.05500000 0.02900000 0.00000000
v 0.05500000 0.02900000 0.00850000
v 0.05500000 0.03100000 0.00000000
v 0.05500000 0.03100000 0.00850000
v 0.05500000 0.03300000 0.00000000
v 0.05500000 0.03300000 0.00850000
v 0.05500000 0.03500000 0.00000000
v 0.05500000 0.03500000 0.00850000
v 0.05500000 0.03700000 0.00000000
v 0.05500000 0.03700000 0.00850000
v 0.05500000 0.03900000 0.00000000
v 0.05500000 0.03900000 0.00850000
v 0.05500000 0.04100000 0.00000000
v 0.05500000 0.04100000 0.00850000
v 0.05500000 0.04300000 0.00000000
v 0.05500000 0.04300000 0.00850000
v 0.05500000 0.04500000 0.00000000
v 0.05500000 0.04500000 0.00850000
v 0.05500000 0.04700000 0.00000000
v 0.05500000 0.04700000 0.00850000
v 0.05500000 0.04900000 0.00000000
v 0.05500000 0.04900000 0.00850000
v 0.05500000 0.05100000 0.00000000
v 0.05500000 0.05100000 0.00850000
v 0.05500000 0.05300000 0.00000000
v 0.05500000 0.05300000 0.00850000
v 0.05500000 0.05500000 0.00000000
v 0.05500000 0.05500000 0.00850000
v 0.05500000 0.05700000 0.00200000
v 0.05500000 0.05700000 0.00000000
v 0.05500000 0.05700000 0.00400000
v 0.05500000 0.05700000 0.00600000
v 0.05500000 0.05700000 0.00850000
v 0.05700000 -0.05700000 0.00000000
v 0.05700000 -0.05500000 0.00000000
v 0.05700000 -0.05500000 0.00200000
v 0.05700000 -0.05700000 0.00200000
v 0.05700000 -0.05500000 0.00400000
v 0.05700000 -0.05700000 0.00400000
v 0.05700000 -0.05500000 0.00600000
v 0.05700000 -0.05700000 0.00600000
v 0.05700000 -0.05500000 0.00850000
v 0.05700000 -0.05700000 0.00850000
v 0.05700000 -0.05300000 0.00000000
v 0.05700000 -0.05300000 0.00200000
v 0.05700000 -0.05300000 0.00400000
v 0.05700000 -0.05300000 0.00600000
v 0.05700000 -0.05300000 0.00850000
v 0.05700000 -0.05100000 0.00000000
v 0.05700000 -0.05100000 0.00200000
v 0.05700000 -0.05100000 0.00400000
v 0.05700000 -0.05100000 0.00600000
v 0.05700000 -0.05100000 0.00850000
v 0.05700000 -0.04900000 0.00000000
v 0.05700000 -0.04900000 0.00200000
v 0.05700000 -0.04900000 0.00400000
v 0.05700000 -0.04900000 0.00600000
v 0.05700000 -0.04900000 0.00850000
v 0.05700000 -0.04700000 0.00000000
v 0.05700000 -0.04700000 0.00200000
v 0.05700000 -0.04700000 0.00400000
v 0.05700000 -0.04700000 0.00600000
v 0.05700000 -0.04700000 0.00850000
v 0.05700000 -0.04500000 0.00000000
v 0.05700000 -0.04500000 0.00200000
v 0.05700000 -0.04500000 0.00400000
v 0.05700000 -0.04500000 0.00600000
v 0.05700000 -0.04500000 0.00850000
v 0.05700000 -0.04300000 0.00000000
v 0.05700000 -0.04300000 0.00200000
v 0.05700000 -0.04300000 0.00400000
v 0.05700000 -0.04300000 0.00600000
v 0.05700000 -0.04300000 0.00850000
v 0.05700000 -0.04100000 0.00000000
v 0.05700000 -0.04100000 0.00200000
v 0.05700000 -0.04100000 0.00400000
v 0.05700000 -0.04100000 0.00600000
v 0.05700000 -0.04100000 0.00850000
v 0.05700000 -0.03900000 0.00000000
v 0.05700000 -0.03900000 0.00200000
v 0.05700000 -0.03900000 0.00400000
v 0.05700000 -0.03900000 0.00600000
v 0.05700000 -0.03900000 0.00850000
v 0.05700000 -0.03700000 0.00000000
v 0.05700000 -0.03700000 0.00200000
v 0.05700000 -0.03700000 0.00400000
v 0.05700000 -0.03700000 0.00600000
v 0.05700000 -0.03700000 0.00850000
v 0.05700000 -0.03500000 0.00000000
v 0.05700000 -0.03500000 0.00200000
v 0.05700000 -0.03500000 0.00400000
v 0.05700000 -0.03500000 0.00600000
v 0.05700000 -0.03500000 0.00850000
v 0.05700000 -0.03300000 0.00000000
v 0.05700000 -0.03300000 0.00200000
v 0.05700000 -0.03300000 0.00400000
v 0.05700000 -0.03300000 0.00600000
v 0.05700000 -0.03300000 0.00850000
v 0.05700000 -0.03100000 0.00000000
v 0.05700000 -0.03100000 0.00200000
v 0.05700000 -0.03100000 0.00400000
v 0.05700000 -0.03100000 0.00600000
v 0.05700000 -0.03100000 0.00850000
v 0.05700000 -0.02900000 0.00000000
v 0.05700000 -0.02900000 0.00200000
v 0.05700000 -0.02900000 0.00400000
v 0.05700000 -0.02900000 0.00600000
v 0.05700000 -0.02900000 0.00850000
v 0.05700000 -0.02700000 0.00000000
v 0.05700000 -0.02700000 0.00200000
v 0.05700000 -0.02700000 0.00400000
v 0.05700000 -0.02700000 0.00600000
v 0.05700000 -0.02700000 0.00850000
v 0.05700000 -0.02500000 0.00000000
v 0.05700000 -0.02500000 0.00200000
v 0.05700000 -0.02500000 0.00400000
v 0.05700000 -0.02500000 0.00600000
v 0.05700000 -0.02500000 0.00850000
v 0.05700000 -0.02300000 0.00000000
v 0.05700000 -0.02300000 0.00200000
v 0.05700000 -0.02300000 0.00400000
v 0.05700000 -0.02300000 0.00600000
v 0.05700000 -0.02300000 0.00850000
v 0.05700000 -0.02100000 0.00000000
v 0.05700000 -0.02100000 0.00200000
v 0.05700000 -0.02100000 0.00400000
v 0.05700000 -0.02100000 0.00600000
v 0.05700000 -0.02100000 0.00850000
v 0.05700000 -0.01900000 0.00000000
v 0.05700000 -0.01900000 0.00200000
v 0.05700000 -0.01900000 0.00400000
v 0.05700000 -0.01900000 0.00600000
v 0.05700000 -0.01900000 0.00850000
v 0.05700000 -0.01700000 0.00000000
v 0.05700000 -0.01700000 0.00200000
v 0.05700000 -0.01700000 0.00400000
v 0.05700000 -0.01700000 0.00600000
v 0.05700000 -0.01700000 0.00850000
v 0.05700000 -0.01500000 0.00000000
v 0.05700000 -0.01500000 0.00200000
v 0.05700000 -0.01500000 0.00400000
v 0.05700000 -0.01500000 0.00600000
v 0.05700000 -0.01500000 0.00850000
v 0.05700000 -0.01300000 0.00000000
v 0.05700000 -0.01300000 0.00200000
v 0.05700000 -0.01300000 0.00400000
v 0.05700000 -0.01300000 0.00600000
v 0.05700000 -0.01300000 0.00850000
v 0.05700000 -0.01100000 0.00000000
v 0.05700000 -0.01100000 0.00200000
v 0.05700000 -0.01100000 0.00400000
v 0.05700000 -0.01100000 0.00600000
v 0.05700000 -0.01100000 0.00850000
v 0.05700000 -0.00900000 0.00000000
v 0.05700000 -0.00900000 0.00200000
v 0.05700000 -0.00900000 0.00400000
v 0.05700000 -0.00900000 0.00600000
v 0.05700000 -0.00900000 0.00850000
v 0.05700000 -0.00700000 0.00000000
v 0.05700000 -0.00700000 0.00200000
v 0.05700000 -0.00700000 0.00400000
v 0.05700000 -0.00700000 0.00600000
v 0.05700000 -0.00700000 0.00850000
v 0.05700000 -0.00500000 0.00000000
v 0.05700000 -0.00500000 0.00200000
v 0.05700000 -0.00500000 0.00400000
v 0.05700000 -0.00500000 0.00600000
v 0.05700000 -0.00500000 0.00850000
v 0.05700000 -0.00300000 0.00000000
v 0.05700000 -0.00300000 0.00200000
v 0.05700000 -0.00300000 0.00400000
v 0.05700000 -0.00300000 0.00600000
v 0.05700000 -0.00300000 0.00850000
v 0.05700000 -0.00100000 0.00000000
v 0.05700000 -0.00100000 0.00200000
v 0.05700000 -0.00100000 0.00400000
v 0.05700000 -0.00100000 0.00600000
v 0.05700000 -0.00100000 0.00850000
v 0.05700000 0.00100000 0.00000000
v 0.05700000 0.00100000 0.00200000
v 0.05700000 0.00100000 0.00400000
v 0.05700000 0.00100000 0.00600000
v 0.05700000 0.00100000 0.00850000
v 0.05700000 0.00300000 0.00000000
v 0.05700000 0.00300000 0.00200000
v 0.05700000 0.00300000 0.00400000
v 0.05700000 0.00300000 0.00600000
v 0.05700000 0.00300000 0.00850000
v 0.05700000 0.00500000 0.00000000
v 0.05700000 0.00500000 0.00200000
v 0.05700000 0.00500000 0.00400000
v 0.05700000 0.00500000 0.00600000
v 0.05700000 0.00500000 0.00850000
v 0.05700000 0.00700000 0.00000000
v 0.05700000 0.00700000 0.00200000
v 0.05700000 0.00700000 0.00400000
v 0.05700000 0.00700000 0.00600000
v 0.05700000 0.00700000 0.00850000
v 0.05700000 0.00900000 0.00000000
v 0.05700000 0.00900000 0.00200000
v 0.05700000 0.00900000 0.00400000
v 0.05700000 0.00900000 0.00600000
v 0.05700000 0.00900000 0.00850000
v 0.05700000 0.01100000 0.00000000
v 0.05700000 0.01100000 0.00200000
v 0.05700000 0.01100000 0.00400000
v 0.05700000 0.01100000 0.00600000
v 0.05700000 0.01100000 0.00850000
v 0.05700000 0.01300000 0.00000000
v 0.05700000 0.01300000 0.00200000
v 0.05700000 0.01300000 0.00400000
v 0.05700000 0.01300000 0.00600000
v 0.05700000 0.01300000 0.00850000
v 0.05700000 0.01500000 0.00000000
v 0.05700000 0.01500000 0.00200000
v 0.05700000 0.01500000 0.00400000
v 0.05700000 0.01500000 0.00600000
v 0.05700000 0.01500000 0.00850000
v 0.05700000 0.01700000 0.00000000
v 0.05700000 0.01700000 0.00200000
v 0.05700000 0.01700000 0.00400000
v 0.05700000 0.01700000 0.00600000
v 0.05700000 0.01700000 0.00850000
v 0.05700000 0.01900000 0.00000000
v 0.05700000 0.01900000 0.00200000
v 0.05700000 0.01900000 0.00400000
v 0.05700000 0.01900000 0.00600000
v 0.05700000 0.01900000 0.00850000
v 0.05700000 0.02100000 0.00000000
v 0.05700000 0.02100000 0.00200000
v 0.05700000 0.02100000 0.00400000
v 0.05700000 0.02100000 0.00600000
v 0.05700000 0.02100000 0.00850000
v 0.05700000 0.02300000 0.00000000
v 0.05700000 0.02300000 0.00200000
v 0.05700000 0.02300000 0.00400000
v 0.05700000 0.02300000 0.00600000
v 0.05700000 0.02300000 0.00850000
v 0.05700000 0.02500000 0.00000000
v 0.05700000 0.02500000 0.00200000
v 0.05700000 0.02500000 0.00400000
v 0.05700000 0.02500000 0.00600000
v 0.05700000 0.02500000 0.00850000
v 0.05700000 0.02700000 0.00000000
v 0.05700000 0.02700000 0.00200000
v 0.05700000 0.02700000 0.00400000
v 0.05700000 0.02700000 0.00600000
v 0.05700000 0.02700000 0.00850000
v 0.05700000 0.02900000 0.00000000
v 0.05700000 0.02900000 0.00200000
v 0.05700000 0.02900000 0.00400000
v 0.05700000 0.02900000 0.00600000
v 0.05700000 0.02900000 0.00850000
v 0.05700000 0.03100000 0.00000000
v 0.05700000 0.03100000 0.00200000
v 0.05700000 0.03100000 0.00400000
v 0.05700000 0.03100000 0.00600000
v 0.05700000 0.03100000 0.00850000
v 0.05700000 0.03300000 0.00000000
v 0.05700000 0.03300000 0.00200000
v 0.05700000 0.03300000 0.00400000
v 0.05700000 0.03300000 0.00600000
v 0.05700000 0.03300000 0.00850000
v 0.05700000 0.03500000 0.00000000
v 0.05700000 0.03500000 0.00200000
v 0.05700000 0.03500000 0.00400000
v 0.05700000 0.03500000 0.00600000
v 0.05700000 0.03500000 0.00850000
v 0.05700000 0.03700000 0.00000000
v 0.05700000 0.03700000 0.00200000
v 0.05700000 0.03700000 0.00400000
v 0.05700000 0.03700000 0.00600000
v 0.05700000 0.03700000 0.00850000
v 0.05700000 0.03900000 0.00000000
v 0.05700000 0.03900000 0.00200000
v 0.05700000 0.03900000 0.00400000
v 0.05700000 0.03900000 0.00600000
v 0.05700000 0.03900000 0.00850000
v 0.05700000 0.04100000 0.00000000
v 0.05700000 0.04100000 0.00200000
v 0.05700000 0.04100000 0.00400000
v 0.05700000 0.04100000 0.00600000
v 0.05700000 0.04100000 0.00850000
v 0.05700000 0.04300000 0.00000000
v 0.05700000 0.04300000 0.00200000
v 0.05700000 0.04300000 0.00400000
v 0.05700000 0.04300000 0.00600000
v 0.05700000 0.04300000 0.00850000
v 0.05700000 0.04500000 0.00000000
v 0.05700000 0.04500000 0.00200000
v 0.05700000 0.04500000 0.00400000
v 0.05700000 0.04500000 0.00600000
v 0.05700000 0.04500000 0.00850000
v 0.05700000 0.04700000 0.00000000
v 0.05700000 0.04700000 0.00200000
v 0.05700000 0.04700000 0.00400000
v 0.05700000 0.04700000 0.00600000
v 0.05700000 0.04700000 0.00850000
v 0.05700000 0.04900000 0.00000000
v 0.05700000 0.04900000 0.00200000
v 0.05700000 0.04900000 0.00400000
v 0.05700000 0.04900000 0.00600000
v 0.05700000 0.04900000 0.00850000
v 0.05700000 0.05100000 0.00000000
v 0.05700000 0.05100000 0.00200000
v 0.05700000 0.05100000 0.00400000
v 0.05700000 0.05100000 0.00600000
v 0.05700000 0.05100000 0.00850000
v 0.05700000 0.05300000 0.00000000
v 0.05700000 0.05300000 0.00200000
v 0.05700000 0.05300000 0.00400000
v 0.05700000 0.05300000 0.00600000
v 0.05700000 0.05300000 0.00850000
v 0.05700000 0.05500000 0.00000000
v 0.05700000 0.05500000 0.00200000
v 0.05700000 0.05500000 0.00400000
v 0.05700000 0.05500000 0.00600000
v 0.05700000 0.05500000 0.00850000
v 0.05700000 0.05700000 0.00000000
v 0.05700000 0.05700000 0.00200000
v 0.05700000 0.05700000 0.00400000
v 0.05700000 0.05700000 0.00600000
v 0.05700000 0.05700000 0.00850000
f 4 3 2
f 4 2 1
f 6 5 4
f 6 4 1
f 2 7 6
f 2 6 1
f 9 8 3
f 9 3 4
f 5 10 9
f 5 9 4
f 12 11 8
f 12 8 9
f 10 13 12
f 10 12 9
f 15 14 11
f 15 11 12
f 13 16 15
f 13 15 12
f 15 16 17
f 15 17 14
f 3 19 18
f 3 18 2
f 18 20 7
f 18 7 2
f 8 21 19
f 8 19 3
f 11 22 21
f 11 21 8
f 14 23 22
f 14 22 11
f 14 17 24
f 14 24 23
f 19 26 25
f 19 25 18
f 25 27 20
f 25 20 18
f 21 28 26
f 21 26 19
f 22 29 28
f 22 28 21
f 23 30 29
f 23 29 22
f 23 24 31
f 23 31 30
f 26 33 32
f 26 32 25
f 32 34 27
f 32 27 25
f 28 35 33
f 28 33 26
f 29 36 35
f 29 35 28
f 30 37 36
f 30 36 29
f 30 31 38
f 30 38 37
f 33 40 39
f 33 39 32
f 39 41 34
f 39 34 32
f 35 42 40
f 35 40 33
f 36 43 42
f 36 42 35
f 37 44 43
f 37 43 36
f 37 38 45
f 37 45 44
f 40 47 46
f 40 46 39
f 46 48 41
f 46 41 39
f 42 49 47
f 42 47 40
f 43 50 49
f 43 49 42
f 44 51 50
f 44 50 43
f 44 45 52
f 44 52 51
f 47 54 53
f 47 53 46
f 53 55 48
f 53 48 46
f 49 56 54
f 49 54 47
f 50 57 56
f 50 56 49
f 51 58 57
f 51 57 50
f 51 52 59
f 51 59 58
f 54 61 60
f 54 60 53
f 60 62 55
f 60 55 53
f 56 63 61
f 56 61 54
f 57 64 63
f 57 63 56
f 58 65 64
f 58 64 57
f 58 59 66
f 58 66 65
f 61 68 67
f 61 67 60
f 67 69 62
f 67 62 60
f 63 70 68
f 63 68 61
f 64 71 70
f 64 70 63
f 65 72 71
f 65 71 64
f 65 66 73
f 65 73 72
f 68 75 74
f 68 74 67
f 74 76 69
f 74 69 67
f 70 77 75
f 70 75 68
f 71 78 77
f 71 77 70
f 72 79 78
f 72 78 71
f 72 73 80
f 72 80 79
f 75 82 81
f 75 81 74
f 81 83 76
f 81 76 74
f 77 84 82
f 77 82 75
f 78 85 84
f 78 84 77
f 79 86 85
f 79 85 78
f 79 80 87
f 79 87 86
f 82 89 88
f 82 88 81
f 88 90 83
f 88 83 81
f 84 91 89
f 84 89 82
f 85 92 91
f 85 91 84
f 86 93 92
f 86 92 85
f 86 87 94
f 86 94 93
f 89 96 95
f 89 95 88
f 95 97 90
f 95 90 88
f 91 98 96
f 91 96 89
f 92 99 98
f 92 98 91
f 93 100 99
f 93 99 92
f 93 94 101
f 93 101 100
f 96 103 102
f 96 102 95
f 102 104 97
f 102 97 95
f 98 105 103
f 98 103 96
f 99 106 105
f 99 105 98
f 100 107 106
f 100 106 99
f 100 101 108
f 100 108 107
f 103 110 109
f 103 109 102
f 109 111 104
f 109 104 102
f 105 112 110
f 105 110 103
f 106 113 112
f 106 112 105
f 107 114 113
f 107 113 106
f 107 108 115
f 107 115 114
f 110 117 116
f 110 116 109
f 116 118 111
f 116 111 109
f 112 119 117
f 112 117 110
f 113 120 119
f 113 119 112
f 114 121 120
f 114 120 113
f 114 115 122
f 114 122 121
f 117 124 123
f 117 123 116
f 123 125 118
f 123 118 116
f 119 126 124
f 119 124 117
f 120 127 126
f 120 126 119
f 121 128 127
f 121 127 120
f 121 122 129
f 121 129 128
f 124 131 130
f 124 130 123
f 130 132 125
f 130 125 123
f 126 133 131
f 126 131 124
f 127 134 133
f 127 133 126
f 128 135 134
f 128 134 127
f 128 129 136
f 128 136 135
f 131 138 137
f 131 137 130
f 137 139 132
f 137 132 130
f 133 140 138
f 133 138 131
f 134 141 140
f 134 140 133
f 135 142 141
f 135 141 134
f 135 136 143
f 135 143 142
f 138 145 144
f 138 144 137
f 144 146 139
f 144 139 137
f 140 147 145
f 140 145 138
f 141 148 147
f 141 147 140
f 142 149 148
f 142 148 141
f 142 143 150
f 142 150 149
f 145 152 151
f 145 151 144
f 151 153 146
f 151 146 144
f 147 154 152
f 147 152 145
f 148 155 154
f 148 154 147
f 149 156 155
f 149 155 148
f 149 150 157
f 149 157 156
f 152 159 158
f 152 158 151
f 158 160 153
f 158 153 151
f 154 161 159
f 154 159 152
f 155 162 161
f 155 161 154
f 156 163 162
f 156 162 155
f 156 157 164
f 156 164 163
f 159 166 165
f 159 165 158
f 165 167 160
f 165 160 158
f 161 168 166
f 161 166 159
f 162 169 168
f 162 168 161
f 163 170 169
f 163 169 162
f 163 164 171
f 163 171 170
f 166 173 172
f 166 172 165
f 172 174 167
f 172 167 165
f 168 175 173
f 168 173 166
f 169 176 175
f 169 175 168
f 170 177 176
f 170 176 169
f 170 171 178
f 170 178 177
f 173 180 179
f 173 179 172
f 179 181 174
f 179 174 172
f 175 182 180
f 175 180 173
f 176 183 182
f 176 182 175
f 177 184 183
f 177 183 176
f 177 178 185
f 177 185 184
f 180 187 186
f 180 186 179
f 186 188 181
f 186 181 179
f 182 189 187
f 182 187 180
f 183 190 189
f 183 189 182
f 184 191 190
f 184 190 183
f 184 185 192
f 184 192 191
f 187 194 193
f 187 193 186
f 193 195 188
f 193 188 186
f 189 196 194
f 189 194 187
f 190 197 196
f 190 196 189
f 191 198 197
f 191 197 190
f 191 192 199
f 191 199 198
f 194 201 200
f 194 200 193
f 200 202 195
f 200 195 193
f 196 203 201
f 196 201 194
f 197 204 203
f 197 203 196
f 198 205 204
f 198 204 197
f 198 199 206
f 198 206 205
f 201 208 207
f 201 207 200
f 207 209 202
f 207 202 200
f 203 210 208
f 203 208 201
f 204 211 210
f 204 210 203
f 205 212 211
f 205 211 204
f 205 206 213
f 205 213 212
f 208 215 214
f 208 214 207
f 214 216 209
f 214 209 207
f 210 217 215
f 210 215 208
f 211 218 217
f 211 217 210
f 212 219 218
f 212 218 211
f 212 213 220
f 212 220 219
f 215 222 221
f 215 221 214
f 221 223 216
f 221 216 214
f 217 224 222
f 217 222 215
f 218 225 224
f 218 224 217
f 219 226 225
f 219 225 218
f 219 220 227
f 219 227 226
f 222 229 228
f 222 228 221
f 228 230 223
f 228 223 221
f 224 231 229
f 224 229 222
f 225 232 231
f 225 231 224
f 226 233 232
f 226 232 225
f 226 227 234
f 226 234 233
f 229 236 235
f 229 235 228
f 235 237 230
f 235 230 228
f 231 238 236
f 231 236 229
f 232 239 238
f 232 238 231
f 233 240 239
f 233 239 232
f 233 234 241
f 233 241 240
f 236 243 242
f 236 242 235
f 242 244 237
f 242 237 235
f 238 245 243
f 238 243 236
f 239 246 245
f 239 245 238
f 240 247 246
f 240 246 239
f 240 241 248
f 240 248 247
f 243 250 249
f 243 249 242
f 249 251 244
f 249 244 242
f 245 252 250
f 245 250 243
f 246 253 252
f 246 252 245
f 247 254 253
f 247 253 246
f 247 248 255
f 247 255 254
f 250 257 256
f 250 256 249
f 256 258 251
f 256 251 249
f 252 259 257
f 252 257 250
f 253 260 259
f 253 259 252
f 254 261 260
f 254 260 253
f 254 255 262
f 254 262 261
f 257 264 263
f 257 263 256
f 263 265 258
f 263 258 256
f 259 266 264
f 259 264 257
f 260 267 266
f 260 266 259
f 261 268 267
f 261 267 260
f 261 262 269
f 261 269 268
f 264 271 270
f 264 270 263
f 270 272 265
f 270 265 263
f 266 273 271
f 266 271 264
f 267 274 273
f 267 273 266
f 268 275 274
f 268 274 267
f 268 269 276
f 268 276 275
f 271 278 277
f 271 277 270
f 277 279 272
f 277 272 270
f 273 280 278
f 273 278 271
f 274 281 280
f 274 280 273
f 275 282 281
f 275 281 274
f 275 276 283
f 275 283 282
f 278 285 284
f 278 284 277
f 284 286 279
f 284 279 277
f 280 287 285
f 280 285 278
f 281 288 287
f 281 287 280
f 282 289 288
f 282 288 281
f 282 283 290
f 282 290 289
f 285 292 291
f 285 291 284
f 291 293 286
f 291 286 284
f 287 294 292
f 287 292 285
f 288 295 294
f 288 294 287
f 289 296 295
f 289 295 288
f 289 290 297
f 289 297 296
f 292 299 298
f 292 298 291
f 298 300 293
f 298 293 291
f 294 301 299
f 294 299 292
f 295 302 301
f 295 301 294
f 296 303 302
f 296 302 295
f 296 297 304
f 296 304 303
f 299 306 305
f 299 305 298
f 305 307 300
f 305 300 298
f 301 308 306
f 301 306 299
f 302 309 308
f 302 308 301
f 303 310 309
f 303 309 302
f 303 304 311
f 303 311 310
f 306 313 312
f 306 312 305
f 312 314 307
f 312 307 305
f 308 315 313
f 308 313 306
f 309 316 315
f 309 315 308
f 310 317 316
f 310 316 309
f 310 311 318
f 310 318 317
f 313 320 319
f 313 319 312
f 319 321 314
f 319 314 312
f 315 322 320
f 315 320 313
f 316 323 322
f 316 322 315
f 317 324 323
f 317 323 316
f 317 318 325
f 317 325 324
f 320 327 326
f 320 326 319
f 326 328 321
f 326 321 319
f 322 329 327
f 322 327 320
f 323 330 329
f 323 329 322
f 324 331 330
f 324 330 323
f 324 325 332
f 324 332 331
f 327 334 333
f 327 333 326
f 333 335 328
f 333 328 326
f 329 336 334
f 329 334 327
f 330 337 336
f 330 336 329
f 331 338 337
f 331 337 330
f 331 332 339
f 331 339 338
f 334 341 340
f 334 340 333
f 340 342 335
f 340 335 333
f 336 343 341
f 336 341 334
f 337 344 343
f 337 343 336
f 338 345 344
f 338 344 337
f 338 339 346
f 338 346 345
f 341 348 347
f 341 347 340
f 347 349 342
f 347 342 340
f 343 350 348
f 343 348 341
f 344 351 350
f 344 350 343
f 345 352 351
f 345 351 344
f 345 346 353
f 345 353 352
f 348 355 354
f 348 354 347
f 354 356 349
f 354 349 347
f 350 357 355
f 350 355 348
f 351 358 357
f 351 357 350
f 352 359 358
f 352 358 351
f 352 353 360
f 352 360 359
f 355 362 361
f 355 361 354
f 361 363 356
f 361 356 354
f 357 364 362
f 357 362 355
f 358 365 364
f 358 364 357
f 359 366 365
f 359 365 358
f 359 360 367
f 359 367 366
f 362 369 368
f 362 368 361
f 368 370 363
f 368 363 361
f 364 371 369
f 364 369 362
f 365 372 371
f 365 371 364
f 366 373 372
f 366 372 365
f 366 367 374
f 366 374 373
f 369 376 375
f 369 375 368
f 375 377 370
f 375 370 368
f 371 378 376
f 371 376 369
f 372 379 378
f 372 378 371
f 373 380 379
f 373 379 372
f 373 374 381
f 373 381 380
f 376 383 382
f 376 382 375
f 382 384 377
f 382 377 375
f 378 385 383
f 378 383 376
f 379 386 385
f 379 385 378
f 380 387 386
f 380 386 379
f 380 381 388
f 380 388 387
f 383 390 389
f 383 389 382
f 389 391 384
f 389 384 382
f 385 392 390
f 385 390 383
f 386 393 392
f 386 392 385
f 387 394 393
f 387 393 386
f 387 388 395
f 387 395 394
f 390 397 396
f 390 396 389
f 396 398 391
f 396 391 389
f 392 399 397
f 392 397 390
f 393 400 399
f 393 399 392
f 394 401 400
f 394 400 393
f 394 395 402
f 394 402 401
f 397 404 403
f 397 403 396
f 403 404 405
f 403 405 406
f 403 406 398
f 403 398 396
f 399 407 404
f 399 404 397
f 404 407 408
f 404 408 405
f 400 409 407
f 400 407 399
f 407 409 410
f 407 410 408
f 401 411 409
f 401 409 400
f 409 411 412
f 409 412 410
f 401 402 412
f 401 412 411
f 414 413 5
f 414 5 6
f 7 415 414
f 7 414 6
f 413 416 10
f 413 10 5
f 416 417 13
f 416 13 10
f 417 418 16
f 417 16 13
f 16 418 419
f 16 419 17
f 20 420 415
f 20 415 7
f 17 419 421
f 17 421 24
f 27 422 420
f 27 420 20
f 24 421 423
f 24 423 31
f 34 424 422
f 34 422 27
f 31 423 425
f 31 425 38
f 41 426 424
f 41 424 34
f 38 425 427
f 38 427 45
f 48 428 426
f 48 426 41
f 45 427 429
f 45 429 52
f 55 430 428
f 55 428 48
f 52 429 431
f 52 431 59
f 62 432 430
f 62 430 55
f 59 431 433
f 59 433 66
f 69 434 432
f 69 432 62
f 66 433 435
f 66 435 73
f 76 436 434
f 76 434 69
f 73 435 437
f 73 437 80
f 83 438 436
f 83 436 76
f 80 437 439
f 80 439 87
f 90 440 438
f 90 438 83
f 87 439 441
f 87 441 94
f 97 442 440
f 97 440 90
f 94 441 443
f 94 443 101
f 104 444 442
f 104 442 97
f 101 443 445
f 101 445 108
f 111 446 444
f 111 444 104
f 108 445 447
f 108 447 115
f 118 448 446
f 118 446 111
f 115 447 449
f 115 449 122
f 125 450 448
f 125 448 118
f 122 449 451
f 122 451 129
f 132 452 450
f 132 450 125
f 129 451 453
f 129 453 136
f 139 454 452
f 139 452 132
f 136 453 455
f 136 455 143
f 146 456 454
f 146 454 139
f 143 455 457
f 143 457 150
f 153 458 456
f 153 456 146
f 150 457 459
f 150 459 157
f 160 460 458
f 160 458 153
f 157 459 461
f 157 461 164
f 167 462 460
f 167 460 160
f 164 461 463
f 164 463 171
f 174 464 462
f 174 462 167
f 171 463 465
f 171 465 178
f 181 466 464
f 181 464 174
f 178 465 467
f 178 467 185
f 188 468 466
f 188 466 181
f 185 467 469
f 185 469 192
f 195 470 468
f 195 468 188
f 192 469 471
f 192 471 199
f 202 472 470
f 202 470 195
f 199 471 473
f 199 473 206
f 209 474 472
f 209 472 202
f 206 473 475
f 206 475 213
f 216 476 474
f 216 474 209
f 213 475 477
f 213 477 220
f 223 478 476
f 223 476 216
f 220 477 479
f 220 479 227
f 230 480 478
f 230 478 223
f 227 479 481
f 227 481 234
f 237 482 480
f 237 480 230
f 234 481 483
f 234 483 241
f 244 484 482
f 244 482 237
f 241 483 485
f 241 485 248
f 251 486 484
f 251 484 244
f 248 485 487
f 248 487 255
f 258 488 486
f 258 486 251
f 255 487 489
f 255 489 262
f 265 490 488
f 265 488 258
f 262 489 491
f 262 491 269
f 272 492 490
f 272 490 265
f 269 491 493
f 269 493 276
f 279 494 492
f 279 492 272
f 276 493 495
f 276 495 283
f 286 496 494
f 286 494 279
f 283 495 497
f 283 497 290
f 293 498 496
f 293 496 286
f 290 497 499
f 290 499 297
f 300 500 498
f 300 498 293
f 297 499 501
f 297 501 304
f 307 502 500
f 307 500 300
f 304 501 503
f 304 503 311
f 314 504 502
f 314 502 307
f 311 503 505
f 311 505 318
f 321 506 504
f 321 504 314
f 318 505 507
f 318 507 325
f 328 508 506
f 328 506 321
f 325 507 509
f 325 509 332
f 335 510 508
f 335 508 328
f 332 509 511
f 332 511 339
f 342 512 510
f 342 510 335
f 339 511 513
f 339 513 346
f 349 514 512
f 349 512 342
f 346 513 515
f 346 515 353
f 356 516 514
f 356 514 349
f 353 515 517
f 353 517 360
f 363 518 516
f 363 516 356
f 360 517 519
f 360 519 367
f 370 520 518
f 370 518 363
f 367 519 521
f 367 521 374
f 377 522 520
f 377 520 370
f 374 521 523
f 374 523 381
f 384 524 522
f 384 522 377
f 381 523 525
f 381 525 388
f 391 526 524
f 391 524 384
f 388 525 527
f 388 527 395
f 398 528 526
f 398 526 391
f 395 527 529
f 395 529 402
f 406 405 530
f 406 530 531
f 406 531 528
f 406 528 398
f 405 408 532
f 405 532 530
f 408 410 533
f 408 533 532
f 410 412 534
f 410 534 533
f 402 529 534
f 402 534 412
f 536 535 413
f 536 413 414
f 415 537 536
f 415 536 414
f 535 538 416
f 535 416 413
f 538 539 417
f 538 417 416
f 539 540 418
f 539 418 417
f 418 540 541
f 418 541 419
f 420 542 537
f 420 537 415
f 419 541 543
f 419 543 421
f 422 544 542
f 422 542 420
f 421 543 545
f 421 545 423
f 424 546 544
f 424 544 422
f 547 548 549
f 547 549 545
f 423 545 549
f 423 549 425
f 426 550 546
f 426 546 424
f 548 551 552
f 548 552 549
f 425 549 552
f 425 552 427
f 428 553 550
f 428 550 426
f 551 554 555
f 551 555 552
f 427 552 555
f 427 555 429
f 430 556 553
f 430 553 428
f 554 557 558
f 554 558 555
f 429 555 558
f 429 558 431
f 432 559 556
f 432 556 430
f 557 560 561
f 557 561 558
f 431 558 561
f 431 561 433
f 434 562 559
f 434 559 432
f 560 563 564
f 560 564 561
f 433 561 564
f 433 564 435
f 436 565 562
f 436 562 434
f 563 566 567
f 563 567 564
f 435 564 567
f 435 567 437
f 438 568 565
f 438 565 436
f 566 569 570
f 566 570 567
f 437 567 570
f 437 570 439
f 440 571 568
f 440 568 438
f 569 572 573
f 569 573 570
f 439 570 573
f 439 573 441
f 442 574 571
f 442 571 440
f 572 575 576
f 572 576 573
f 441 573 576
f 441 576 443
f 444 577 574
f 444 574 442
f 575 578 579
f 575 579 576
f 443 576 579
f 443 579 445
f 446 580 577
f 446 577 444
f 578 581 582
f 578 582 579
f 445 579 582
f 445 582 447
f 448 583 580
f 448 580 446
f 581 584 585
f 581 585 582
f 447 582 585
f 447 585 449
f 450 586 583
f 450 583 448
f 584 587 588
f 584 588 585
f 449 585 588
f 449 588 451
f 452 589 586
f 452 586 450
f 587 590 591
f 587 591 588
f 451 588 591
f 451 591 453
f 454 592 589
f 454 589 452
f 590 593 594
f 590 594 591
f 453 591 594
f 453 594 455
f 456 595 592
f 456 592 454
f 593 596 597
f 593 597 594
f 455 594 597
f 455 597 457
f 458 598 595
f 458 595 456
f 596 599 600
f 596 600 597
f 457 597 600
f 457 600 459
f 460 601 598
f 460 598 458
f 599 602 603
f 599 603 600
f 459 600 603
f 459 603 461
f 462 604 601
f 462 601 460
f 602 605 606
f 602 606 603
f 461 603 606
f 461 606 463
f 464 607 604
f 464 604 462
f 605 608 609
f 605 609 606
f 463 606 609
f 463 609 465
f 466 610 607
f 466 607 464
f 608 611 612
f 608 612 609
f 465 609 612
f 465 612 467
f 468 613 610
f 468 610 466
f 611 614 615
f 611 615 612
f 467 612 615
f 467 615 469
f 470 616 613
f 470 613 468
f 614 617 618
f 614 618 615
f 469 615 618
f 469 618 471
f 472 619 616
f 472 616 470
f 617 620 621
f 617 621 618
f 471 618 621
f 471 621 473
f 474 622 619
f 474 619 472
f 620 623 624
f 620 624 621
f 473 621 624
f 473 624 475
f 476 625 622
f 476 622 474
f 623 626 627
f 623 627 624
f 475 624 627
f 475 627 477
f 478 628 625
f 478 625 476
f 626 629 630
f 626 630 627
f 477 627 630
f 477 630 479
f 480 631 628
f 480 628 478
f 629 632 633
f 629 633 630
f 479 630 633
f 479 633 481
f 482 634 631
f 482 631 480
f 632 635 636
f 632 636 633
f 481 633 636
f 481 636 483
f 484 637 634
f 484 634 482
f 635 638 639
f 635 639 636
f 483 636 639
f 483 639 485
f 486 640 637
f 486 637 484
f 638 641 642
f 638 642 639
f 485 639 642
f 485 642 487
f 488 643 640
f 488 640 486
f 641 644 645
f 641 645 642
f 487 642 645
f 487 645 489
f 490 646 643
f 490 643 488
f 644 647 648
f 644 648 645
f 489 645 648
f 489 648 491
f 492 649 646
f 492 646 490
f 647 650 651
f 647 651 648
f 491 648 651
f 491 651 493
f 494 652 649
f 494 649 492
f 650 653 654
f 650 654 651
f 493 651 654
f 493 654 495
f 496 655 652
f 496 652 494
f 653 656 657
f 653 657 654
f 495 654 657
f 495 657 497
f 498 658 655
f 498 655 496
f 656 659 660
f 656 660 657
f 497 657 660
f 497 660 499
f 500 661 658
f 500 658 498
f 659 662 663
f 659 663 660
f 499 660 663
f 499 663 501
f 502 664 661
f 502 661 500
f 662 665 666
f 662 666 663
f 501 663 666
f 501 666 503
f 504 667 664
f 504 664 502
f 665 668 669
f 665 669 666
f 503 666 669
f 503 669 505
f 506 670 667
f 506 667 504
f 668 671 672
f 668 672 669
f 505 669 672
f 505 672 507
f 508 673 670
f 508 670 506
f 671 674 675
f 671 675 672
f 507 672 675
f 507 675 509
f 510 676 673
f 510 673 508
f 674 677 678
f 674 678 675
f 509 675 678
f 509 678 511
f 512 679 676
f 512 676 510
f 677 680 681
f 677 681 678
f 511 678 681
f 511 681 513
f 514 682 679
f 514 679 512
f 680 683 684
f 680 684 681
f 513 681 684
f 513 684 515
f 516 685 682
f 516 682 514
f 683 686 687
f 683 687 684
f 515 684 687
f 515 687 517
f 518 688 685
f 518 685 516
f 686 689 690
f 686 690 687
f 517 687 690
f 517 690 519
f 520 691 688
f 520 688 518
f 689 692 693
f 689 693 690
f 519 690 693
f 519 693 521
f 522 694 691
f 522 691 520
f 692 695 696
f 692 696 693
f 521 693 696
f 521 696 523
f 524 697 694
f 524 694 522
f 695 698 699
f 695 699 696
f 523 696 699
f 523 699 525
f 526 700 697
f 526 697 524
f 525 699 701
f 525 701 527
f 528 702 700
f 528 700 526
f 527 701 703
f 527 703 529
f 531 530 704
f 531 704 705
f 531 705 702
f 531 702 528
f 530 532 706
f 530 706 704
f 532 533 707
f 532 707 706
f 533 534 708
f 533 708 707
f 529 703 708
f 529 708 534
f 710 709 535
f 710 535 536
f 537 711 710
f 537 710 536
f 709 712 538
f 709 538 535
f 712 713 539
f 712 539 538
f 713 714 540
f 713 540 539
f 540 714 715
f 540 715 541
f 542 716 711
f 542 711 537
f 541 715 717
f 541 717 543
f 544 718 716
f 544 716 542
f 547 545 719
f 547 719 720
f 543 717 719
f 543 719 545
f 546 721 718
f 546 718 544
f 547 720 722
f 547 722 548
f 550 723 721
f 550 721 546
f 548 722 724
f 548 724 551
f 553 725 723
f 553 723 550
f 551 724 726
f 551 726 554
f 556 727 725
f 556 725 553
f 554 726 728
f 554 728 557
f 559 729 727
f 559 727 556
f 557 728 730
f 557 730 560
f 562 731 729
f 562 729 559
f 560 730 732
f 560 732 563
f 565 733 731
f 565 731 562
f 563 732 734
f 563 734 566
f 568 735 733
f 568 733 565
f 566 734 736
f 566 736 569
f 571 737 735
f 571 735 568
f 569 736 738
f 569 738 572
f 574 739 737
f 574 737 571
f 572 738 740
f 572 740 575
f 577 741 739
f 577 739 574
f 575 740 742
f 575 742 578
f 580 743 741
f 580 741 577
f 578 742 744
f 578 744 581
f 583 745 743
f 583 743 580
f 581 744 746
f 581 746 584
f 586 747 745
f 586 745 583
f 584 746 748
f 584 748 587
f 589 749 747
f 589 747 586
f 587 748 750
f 587 750 590
f 592 751 749
f 592 749 589
f 590 750 752
f 590 752 593
f 595 753 751
f 595 751 592
f 593 752 754
f 593 754 596
f 598 755 753
f 598 753 595
f 596 754 756
f 596 756 599
f 601 757 755
f 601 755 598
f 599 756 758
f 599 758 602
f 604 759 757
f 604 757 601
f 602 758 760
f 602 760 605
f 607 761 759
f 607 759 604
f 605 760 762
f 605 762 608
f 610 763 761
f 610 761 607
f 608 762 764
f 608 764 611
f 613 765 763
f 613 763 610
f 611 764 766
f 611 766 614
f 616 767 765
f 616 765 613
f 614 766 768
f 614 768 617
f 619 769 767
f 619 767 616
f 617 768 770
f 617 770 620
f 622 771 769
f 622 769 619
f 620 770 772
f 620 772 623
f 625 773 771
f 625 771 622
f 623 772 774
f 623 774 626
f 628 775 773
f 628 773 625
f 626 774 776
f 626 776 629
f 631 777 775
f 631 775 628
f 629 776 778
f 629 778 632
f 634 779 777
f 634 777 631
f 632 778 780
f 632 780 635
f 637 781 779
f 637 779 634
f 635 780 782
f 635 782 638
f 640 783 781
f 640 781 637
f 638 782 784
f 638 784 641
f 643 785 783
f 643 783 640
f 641 784 786
f 641 786 644
f 646 787 785
f 646 785 643
f 644 786 788
f 644 788 647
f 649 789 787
f 649 787 646
f 647 788 790
f 647 790 650
f 652 791 789
f 652 789 649
f 650 790 792
f 650 792 653
f 655 793 791
f 655 791 652
f 653 792 794
f 653 794 656
f 658 795 793
f 658 793 655
f 656 794 796
f 656 796 659
f 661 797 795
f 661 795 658
f 659 796 798
f 659 798 662
f 664 799 797
f 664 797 661
f 662 798 800
f 662 800 665
f 667 801 799
f 667 799 664
f 665 800 802
f 665 802 668
f 670 803 801
f 670 801 667
f 668 802 804
f 668 804 671
f 673 805 803
f 673 803 670
f 671 804 806
f 671 806 674
f 676 807 805
f 676 805 673
f 674 806 808
f 674 808 677
f 679 809 807
f 679 807 676
f 677 808 810
f 677 810 680
f 682 811 809
f 682 809 679
f 680 810 812
f 680 812 683
f 685 813 811
f 685 811 682
f 683 812 814
f 683 814 686
f 688 815 813
f 688 813 685
f 686 814 816
f 686 816 689
f 691 817 815
f 691 815 688
f 689 816 818
f 689 818 692
f 694 819 817
f 694 817 691
f 692 818 820
f 692 820 695
f 697 821 819
f 697 819 694
f 695 820 822
f 695 822 698
f 700 823 821
f 700 821 697
f 822 824 699
f 822 699 698
f 699 824 825
f 699 825 701
f 702 826 823
f 702 823 700
f 701 825 827
f 701 827 703
f 705 704 828
f 705 828 829
f 705 829 826
f 705 826 702
f 704 706 830
f 704 830 828
f 706 707 831
f 706 831 830
f 707 708 832
f 707 832 831
f 703 827 832
f 703 832 708
f 834 833 709
f 834 709 710
f 711 835 834
f 711 834 710
f 833 836 712
f 833 712 709
f 836 837 713
f 836 713 712
f 837 838 714
f 837 714 713
f 714 838 839
f 714 839 715
f 716 840 835
f 716 835 711
f 715 839 841
f 715 841 717
f 718 842 840
f 718 840 716
f 720 719 843
f 720 843 844
f 717 841 843
f 717 843 719
f 721 845 842
f 721 842 718
f 720 844 846
f 720 846 722
f 723 847 845
f 723 845 721
f 722 846 848
f 722 848 724
f 725 849 847
f 725 847 723
f 724 848 850
f 724 850 726
f 727 851 849
f 727 849 725
f 726 850 852
f 726 852 728
f 729 853 851
f 729 851 727
f 728 852 854
f 728 854 730
f 731 855 853
f 731 853 729
f 730 854 856
f 730 856 732
f 733 857 855
f 733 855 731
f 732 856 858
f 732 858 734
f 735 859 857
f 735 857 733
f 734 858 860
f 734 860 736
f 737 861 859
f 737 859 735
f 736 860 862
f 736 862 738
f 739 863 861
f 739 861 737
f 738 862 864
f 738 864 740
f 741 865 863
f 741 863 739
f 740 864 866
f 740 866 742
f 743 867 865
f 743 865 741
f 742 866 868
f 742 868 744
f 745 869 867
f 745 867 743
f 744 868 870
f 744 870 746
f 747 871 869
f 747 869 745
f 746 870 872
f 746 872 748
f 749 873 871
f 749 871 747
f 748 872 874
f 748 874 750
f 751 875 873
f 751 873 749
f 750 874 876
f 750 876 752
f 753 877 875
f 753 875 751
f 752 876 878
f 752 878 754
f 755 879 877
f 755 877 753
f 754 878 880
f 754 880 756
f 757 881 879
f 757 879 755
f 756 880 882
f 756 882 758
f 759 883 881
f 759 881 757
f 758 882 884
f 758 884 760
f 761 885 883
f 761 883 759
f 760 884 886
f 760 886 762
f 763 887 885
f 763 885 761
f 762 886 888
f 762 888 764
f 765 889 887
f 765 887 763
f 764 888 890
f 764 890 766
f 767 891 889
f 767 889 765
f 766 890 892
f 766 892 768
f 769 893 891
f 769 891 767
f 768 892 894
f 768 894 770
f 771 895 893
f 771 893 769
f 770 894 896
f 770 896 772
f 773 897 895
f 773 895 771
f 772 896 898
f 772 898 774
f 775 899 897
f 775 897 773
f 774 898 900
f 774 900 776
f 777 901 899
f 777 899 775
f 776 900 902
f 776 902 778
f 779 903 901
f 779 901 777
f 778 902 904
f 778 904 780
f 781 905 903
f 781 903 779
f 780 904 906
f 780 906 782
f 783 907 905
f 783 905 781
f 782 906 908
f 782 908 784
f 785 909 907
f 785 907 783
f 784 908 910
f 784 910 786
f 787 911 909
f 787 909 785
f 786 910 912
f 786 912 788
f 789 913 911
f 789 911 787
f 788 912 914
f 788 914 790
f 791 915 913
f 791 913 789
f 790 914 916
f 790 916 792
f 793 917 915
f 793 915 791
f 792 916 918
f 792 918 794
f 795 919 917
f 795 917 793
f 794 918 920
f 794 920 796
f 797 921 919
f 797 919 795
f 796 920 922
f 796 922 798
f 799 923 921
f 799 921 797
f 798 922 924
f 798 924 800
f 801 925 923
f 801 923 799
f 800 924 926
f 800 926 802
f 803 927 925
f 803 925 801
f 802 926 928
f 802 928 804
f 805 929 927
f 805 927 803
f 804 928 930
f 804 930 806
f 807 931 929
f 807 929 805
f 806 930 932
f 806 932 808
f 809 933 931
f 809 931 807
f 808 932 934
f 808 934 810
f 811 935 933
f 811 933 809
f 810 934 936
f 810 936 812
f 813 937 935
f 813 935 811
f 812 936 938
f 812 938 814
f 815 939 937
f 815 937 813
f 814 938 940
f 814 940 816
f 817 941 939
f 817 939 815
f 816 940 942
f 816 942 818
f 819 943 941
f 819 941 817
f 818 942 944
f 818 944 820
f 821 945 943
f 821 943 819
f 820 944 946
f 820 946 822
f 823 947 945
f 823 945 821
f 946 948 824
f 946 824 822
f 824 948 949
f 824 949 825
f 826 950 947
f 826 947 823
f 825 949 951
f 825 951 827
f 829 828 952
f 829 952 953
f 829 953 950
f 829 950 826
f 828 830 954
f 828 954 952
f 830 831 955
f 830 955 954
f 831 832 956
f 831 956 955
f 827 951 956
f 827 956 832
f 958 957 833
f 958 833 834
f 835 959 958
f 835 958 834
f 957 960 836
f 957 836 833
f 960 961 837
f 960 837 836
f 961 962 838
f 961 838 837
f 838 962 963
f 838 963 839
f 840 964 959
f 840 959 835
f 839 963 965
f 839 965 841
f 842 966 964
f 842 964 840
f 844 843 967
f 844 967 968
f 841 965 967
f 841 967 843
f 845 969 966
f 845 966 842
f 844 968 970
f 844 970 846
f 847 971 969
f 847 969 845
f 846 970 972
f 846 972 848
f 849 973 971
f 849 971 847
f 848 972 974
f 848 974 850
f 851 975 973
f 851 973 849
f 850 974 976
f 850 976 852
f 853 977 975
f 853 975 851
f 852 976 978
f 852 978 854
f 855 979 977
f 855 977 853
f 854 978 980
f 854 980 856
f 857 981 979
f 857 979 855
f 856 980 982
f 856 982 858
f 859 983 981
f 859 981 857
f 858 982 984
f 858 984 860
f 861 985 983
f 861 983 859
f 860 984 986
f 860 986 862
f 863 987 985
f 863 985 861
f 862 986 988
f 862 988 864
f 865 989 987
f 865 987 863
f 864 988 990
f 864 990 866
f 867 991 989
f 867 989 865
f 866 990 992
f 866 992 868
f 869 993 991
f 869 991 867
f 868 992 994
f 868 994 870
f 871 995 993
f 871 993 869
f 870 994 996
f 870 996 872
f 873 997 995
f 873 995 871
f 872 996 998
f 872 998 874
f 875 999 997
f 875 997 873
f 874 998 1000
f 874 1000 876
f 877 1001 999
f 877 999 875
f 876 1000 1002
f 876 1002 878
f 879 1003 1001
f 879 1001 877
f 878 1002 1004
f 878 1004 880
f 881 1005 1003
f 881 1003 879
f 880 1004 1006
f 880 1006 882
f 883 1007 1005
f 883 1005 881
f 882 1006 1008
f 882 1008 884
f 885 1009 1007
f 885 1007 883
f 884 1008 1010
f 884 1010 886
f 887 1011 1009
f 887 1009 885
f 886 1010 1012
f 886 1012 888
f 889 1013 1011
f 889 1011 887
f 888 1012 1014
f 888 1014 890
f 891 1015 1013
f 891 1013 889
f 890 1014 1016
f 890 1016 892
f 893 1017 1015
f 893 1015 891
f 892 1016 1018
f 892 1018 894
f 895 1019 1017
f 895 1017 893
f 894 1018 1020
f 894 1020 896
f 897 1021 1019
f 897 1019 895
f 896 1020 1022
f 896 1022 898
f 899 1023 1021
f 899 1021 897
f 898 1022 1024
f 898 1024 900
f 901 1025 1023
f 901 1023 899
f 900 1024 1026
f 900 1026 902
f 903 1027 1025
f 903 1025 901
f 902 1026 1028
f 902 1028 904
f 905 1029 1027
f 905 1027 903
f 904 1028 1030
f 904 1030 906
f 907 1031 1029
f 907 1029 905
f 906 1030 1032
f 906 1032 908
f 909 1033 1031
f 909 1031 907
f 908 1032 1034
f 908 1034 910
f 911 1035 1033
f 911 1033 909
f 910 1034 1036
f 910 1036 912
f 913 1037 1035
f 913 1035 911
f 912 1036 1038
f 912 1038 914
f 915 1039 1037
f 915 1037 913
f 914 1038 1040
f 914 1040 916
f 917 1041 1039
f 917 1039 915
f 916 1040 1042
f 916 1042 918
f 919 1043 1041
f 919 1041 917
f 918 1042 1044
f 918 1044 920
f 921 1045 1043
f 921 1043 919
f 920 1044 1046
f 920 1046 922
f 923 1047 1045
f 923 1045 921
f 922 1046 1048
f 922 1048 924
f 925 1049 1047
f 925 1047 923
f 924 1048 1050
f 924 1050 926
f 927 1051 1049
f 927 1049 925
f 926 1050 1052
f 926 1052 928
f 929 1053 1051
f 929 1051 927
f 928 1052 1054
f 928 1054 930
f 931 1055 1053
f 931 1053 929
f 930 1054 1056
f 930 1056 932
f 933 1057 1055
f 933 1055 931
f 932 1056 1058
f 932 1058 934
f 935 1059 1057
f 935 1057 933
f 934 1058 1060
f 934 1060 936
f 937 1061 1059
f 937 1059 935
f 936 1060 1062
f 936 1062 938
f 939 1063 1061
f 939 1061 937
f 938 1062 1064
f 938 1064 940
f 941 1065 1063
f 941 1063 939
f 940 1064 1066
f 940 1066 942
f 943 1067 1065
f 943 1065 941
f 942 1066 1068
f 942 1068 944
f 945 1069 1067
f 945 1067 943
f 944 1068 1070
f 944 1070 946
f 947 1071 1069
f 947 1069 945
f 1070 1072 948
f 1070 948 946
f 948 1072 1073
f 948 1073 949
f 950 1074 1071
f 950 1071 947
f 949 1073 1075
f 949 1075 951
f 953 952 1076
f 953 1076 1077
f 953 1077 1074
f 953 1074 950
f 952 954 1078
f 952 1078 1076
f 954 955 1079
f 954 1079 1078
f 955 956 1080
f 955 1080 1079
f 951 1075 1080
f 951 1080 956
f 1082 1081 957
f 1082 957 958
f 959 1083 1082
f 959 1082 958
f 1081 1084 960
f 1081 960 957
f 1084 1085 961
f 1084 961 960
f 1085 1086 962
f 1085 962 961
f 962 1086 1087
f 962 1087 963
f 964 1088 1083
f 964 1083 959
f 963 1087 1089
f 963 1089 965
f 966 1090 1088
f 966 1088 964
f 968 967 1091
f 968 1091 1092
f 965 1089 1091
f 965 1091 967
f 969 1093 1090
f 969 1090 966
f 968 1092 1094
f 968 1094 970
f 971 1095 1093
f 971 1093 969
f 970 1094 1096
f 970 1096 972
f 973 1097 1095
f 973 1095 971
f 972 1096 1098
f 972 1098 974
f 975 1099 1097
f 975 1097 973
f 974 1098 1100
f 974 1100 976
f 977 1101 1099
f 977 1099 975
f 976 1100 1102
f 976 1102 978
f 979 1103 1101
f 979 1101 977
f 978 1102 1104
f 978 1104 980
f 981 1105 1103
f 981 1103 979
f 980 1104 1106
f 980 1106 982
f 983 1107 1105
f 983 1105 981
f 982 1106 1108
f 982 1108 984
f 985 1109 1107
f 985 1107 983
f 984 1108 1110
f 984 1110 986
f 987 1111 1109
f 987 1109 985
f 986 1110 1112
f 986 1112 988
f 989 1113 1111
f 989 1111 987
f 988 1112 1114
f 988 1114 990
f 991 1115 1113
f 991 1113 989
f 990 1114 1116
f 990 1116 992
f 993 1117 1115
f 993 1115 991
f 992 1116 1118
f 992 1118 994
f 995 1119 1117
f 995 1117 993
f 994 1118 1120
f 994 1120 996
f 997 1121 1119
f 997 1119 995
f 996 1120 1122
f 996 1122 998
f 999 1123 1121
f 999 1121 997
f 998 1122 1124
f 998 1124 1000
f 1001 1125 1123
f 1001 1123 999
f 1000 1124 1126
f 1000 1126 1002
f 1003 1127 1125
f 1003 1125 1001
f 1002 1126 1128
f 1002 1128 1004
f 1005 1129 1127
f 1005 1127 1003
f 1004 1128 1130
f 1004 1130 1006
f 1007 1131 1129
f 1007 1129 1005
f 1006 1130 1132
f 1006 1132 1008
f 1009 1133 1131
f 1009 1131 1007
f 1008 1132 1134
f 1008 1134 1010
f 1011 1135 1133
f 1011 1133 1009
f 1010 1134 1136
f 1010 1136 1012
f 1013 1137 1135
f 1013 1135 1011
f 1012 1136 1138
f 1012 1138 1014
f 1015 1139 1137
f 1015 1137 1013
f 1014 1138 1140
f 1014 1140 1016
f 1017 1141 1139
f 1017 1139 1015
f 1016 1140 1142
f 1016 1142 1018
f 1019 1143 1141
f 1019 1141 1017
f 1018 1142 1144
f 1018 1144 1020
f 1021 1145 1143
f 1021 1143 1019
f 1020 1144 1146
f 1020 1146 1022
f 1023 1147 1145
f 1023 1145 1021
f 1022 1146 1148
f 1022 1148 1024
f 1025 1149 1147
f 1025 1147 1023
f 1024 1148 1150
f 1024 1150 1026
f 1027 1151 1149
f 1027 1149 1025
f 1026 1150 1152
f 1026 1152 1028
f 1029 1153 1151
f 1029 1151 1027
f 1028 1152 1154
f 1028 1154 1030
f 1031 1155 1153
f 1031 1153 1029
f 1030 1154 1156
f 1030 1156 1032
f 1033 1157 1155
f 1033 1155 1031
f 1032 1156 1158
f 1032 1158 1034
f 1035 1159 1157
f 1035 1157 1033
f 1034 1158 1160
f 1034 1160 1036
f 1037 1161 1159
f 1037 1159 1035
f 1036 1160 1162
f 1036 1162 1038
f 1039 1163 1161
f 1039 1161 1037
f 1038 1162 1164
f 1038 1164 1040
f 1041 1165 1163
f 1041 1163 1039
f 1040 1164 1166
f 1040 1166 1042
f 1043 1167 1165
f 1043 1165 1041
f 1042 1166 1168
f 1042 1168 1044
f 1045 1169 1167
f 1045 1167 1043
f 1044 1168 1170
f 1044 1170 1046
f 1047 1171 1169
f 1047 1169 1045
f 1046 1170 1172
f 1046 1172 1048
f 1049 1173 1171
f 1049 1171 1047
f 1048 1172 1174
f 1048 1174 1050
f 1051 1175 1173
f 1051 1173 1049
f 1050 1174 1176
f 1050 1176 1052
f 1053 1177 1175
f 1053 1175 1051
f 1052 1176 1178
f 1052 1178 1054
f 1055 1179 1177
f 1055 1177 1053
f 1054 1178 1180
f 1054 1180 1056
f 1057 1181 1179
f 1057 1179 1055
f 1056 1180 1182
f 1056 1182 1058
f 1059 1183 1181
f 1059 1181 1057
f 1058 1182 1184
f 1058 1184 1060
f 1061 1185 1183
f 1061 1183 1059
f 1060 1184 1186
f 1060 1186 1062
f 1063 1187 1185
f 1063 1185 1061
f 1062 1186 1188
f 1062 1188 1064
f 1065 1189 1187
f 1065 1187 1063
f 1064 1188 1190
f 1064 1190 1066
f 1067 1191 1189
f 1067 1189 1065
f 1066 1190 1192
f 1066 1192 1068
f 1069 1193 1191
f 1069 1191 1067
f 1068 1192 1194
f 1068 1194 1070
f 1071 1195 1193
f 1071 1193 1069
f 1194 1196 1072
f 1194 1072 1070
f 1072 1196 1197
f 1072 1197 1073
f 1074 1198 1195
f 1074 1195 1071
f 1073 1197 1199
f 1073 1199 1075
f 1077 1076 1200
f 1077 1200 1201
f 1077 1201 1198
f 1077 1198 1074
f 1076 1078 1202
f 1076 1202 1200
f 1078 1079 1203
f 1078 1203 1202
f 1079 1080 1204
f 1079 1204 1203
f 1075 1199 1204
f 1075 1204 1080
f 1206 1205 1081
f 1206 1081 1082
f 1083 1207 1206
f 1083 1206 1082
f 1205 1208 1084
f 1205 1084 1081
f 1208 1209 1085
f 1208 1085 1084
f 1209 1210 1086
f 1209 1086 1085
f 1086 1210 1211
f 1086 1211 1087
f 1088 1212 1207
f 1088 1207 1083
f 1087 1211 1213
f 1087 1213 1089
f 1090 1214 1212
f 1090 1212 1088
f 1092 1091 1215
f 1092 1215 1216
f 1089 1213 1215
f 1089 1215 1091
f 1093 1217 1214
f 1093 1214 1090
f 1092 1216 1218
f 1092 1218 1094
f 1095 1219 1217
f 1095 1217 1093
f 1094 1218 1220
f 1094 1220 1096
f 1097 1221 1219
f 1097 1219 1095
f 1096 1220 1222
f 1096 1222 1098
f 1099 1223 1221
f 1099 1221 1097
f 1098 1222 1224
f 1098 1224 1100
f 1101 1225 1223
f 1101 1223 1099
f 1100 1224 1226
f 1100 1226 1102
f 1103 1227 1225
f 1103 1225 1101
f 1102 1226 1228
f 1102 1228 1104
f 1105 1229 1227
f 1105 1227 1103
f 1104 1228 1230
f 1104 1230 1106
f 1107 1231 1229
f 1107 1229 1105
f 1106 1230 1232
f 1106 1232 1108
f 1109 1233 1231
f 1109 1231 1107
f 1108 1232 1234
f 1108 1234 1110
f 1111 1235 1233
f 1111 1233 1109
f 1110 1234 1236
f 1110 1236 1112
f 1113 1237 1235
f 1113 1235 1111
f 1112 1236 1238
f 1112 1238 1114
f 1115 1239 1237
f 1115 1237 1113
f 1114 1238 1240
f 1114 1240 1116
f 1117 1241 1239
f 1117 1239 1115
f 1116 1240 1242
f 1116 1242 1118
f 1119 1243 1241
f 1119 1241 1117
f 1118 1242 1244
f 1118 1244 1120
f 1121 1245 1243
f 1121 1243 1119
f 1120 1244 1246
f 1120 1246 1122
f 1123 1247 1245
f 1123 1245 1121
f 1122 1246 1248
f 1122 1248 1124
f 1125 1249 1247
f 1125 1247 1123
f 1124 1248 1250
f 1124 1250 1126
f 1127 1251 1249
f 1127 1249 1125
f 1126 1250 1252
f 1126 1252 1128
f 1129 1253 1251
f 1129 1251 1127
f 1128 1252 1254
f 1128 1254 1130
f 1131 1255 1253
f 1131 1253 1129
f 1130 1254 1256
f 1130 1256 1132
f 1133 1257 1255
f 1133 1255 1131
f 1132 1256 1258
f 1132 1258 1134
f 1135 1259 1257
f 1135 1257 1133
f 1134 1258 1260
f 1134 1260 1136
f 1137 1261 1259
f 1137 1259 1135
f 1136 1260 1262
f 1136 1262 1138
f 1139 1263 1261
f 1139 1261 1137
f 1138 1262 1264
f 1138 1264 1140
f 1141 1265 1263
f 1141 1263 1139
f 1140 1264 1266
f 1140 1266 1142
f 1143 1267 1265
f 1143 1265 1141
f 1142 1266 1268
f 1142 1268 1144
f 1145 1269 1267
f 1145 1267 1143
f 1144 1268 1270
f 1144 1270 1146
f 1147 1271 1269
f 1147 1269 1145
f 1146 1270 1272
f 1146 1272 1148
f 1149 1273 1271
f 1149 1271 1147
f 1148 1272 1274
f 1148 1274 1150
f 1151 1275 1273
f 1151 1273 1149
f 1150 1274 1276
f 1150 1276 1152
f 1153 1277 1275
f 1153 1275 1151
f 1152 1276 1278
f 1152 1278 1154
f 1155 1279 1277
f 1155 1277 1153
f 1154 1278 1280
f 1154 1280 1156
f 1157 1281 1279
f 1157 1279 1155
f 1156 1280 1282
f 1156 1282 1158
f 1159 1283 1281
f 1159 1281 1157
f 1158 1282 1284
f 1158 1284 1160
f 1161 1285 1283
f 1161 1283 1159
f 1160 1284 1286
f 1160 1286 1162
f 1163 1287 1285
f 1163 1285 1161
f 1162 1286 1288
f 1162 1288 1164
f 1165 1289 1287
f 1165 1287 1163
f 1164 1288 1290
f 1164 1290 1166
f 1167 1291 1289
f 1167 1289 1165
f 1166 1290 1292
f 1166 1292 1168
f 1169 1293 1291
f 1169 1291 1167
f 1168 1292 1294
f 1168 1294 1170
f 1171 1295 1293
f 1171 1293 1169
f 1170 1294 1296
f 1170 1296 1172
f 1173 1297 1295
f 1173 1295 1171
f 1172 1296 1298
f 1172 1298 1174
f 1175 1299 1297
f 1175 1297 1173
f 1174 1298 1300
f 1174 1300 1176
f 1177 1301 1299
f 1177 1299 1175
f 1176 1300 1302
f 1176 1302 1178
f 1179 1303 1301
f 1179 1301 1177
f 1178 1302 1304
f 1178 1304 1180
f 1181 1305 1303
f 1181 1303 1179
f 1180 1304 1306
f 1180 1306 1182
f 1183 1307 1305
f 1183 1305 1181
f 1182 1306 1308
f 1182 1308 1184
f 1185 1309 1307
f 1185 1307 1183
f 1184 1308 1310
f 1184 1310 1186
f 1187 1311 1309
f 1187 1309 1185
f 1186 1310 1312
f 1186 1312 1188
f 1189 1313 1311
f 1189 1311 1187
f 1188 1312 1314
f 1188 1314 1190
f 1191 1315 1313
f 1191 1313 1189
f 1190 1314 1316
f 1190 1316 1192
f 1193 1317 1315
f 1193 1315 1191
f 1192 1316 1318
f 1192 1318 1194
f 1195 1319 1317
f 1195 1317 1193
f 1318 1320 1196
f 1318 1196 1194
f 1196 1320 1321
f 1196 1321 1197
f 1198 1322 1319
f 1198 1319 1195
f 1197 1321 1323
f 1197 1323 1199
f 1201 1200 1324
f 1201 1324 1325
f 1201 1325 1322
f 1201 1322 1198
f 1200 1202 1326
f 1200 1326 1324
f 1202 1203 1327
f 1202 1327 1326
f 1203 1204 1328
f 1203 1328 1327
f 1199 1323 1328
f 1199 1328 1204
f 1330 1329 1205
f 1330 1205 1206
f 1207 1331 1330
f 1207 1330 1206
f 1329 1332 1208
f 1329 1208 1205
f 1332 1333 1209
f 1332 1209 1208
f 1333 1334 1210
f 1333 1210 1209
f 1210 1334 1335
f 1210 1335 1211
f 1212 1336 1331
f 1212 1331 1207
f 1211 1335 1337
f 1211 1337 1213
f 1214 1338 1336
f 1214 1336 1212
f 1216 1215 1339
f 1216 1339 1340
f 1213 1337 1339
f 1213 1339 1215
f 1217 1341 1338
f 1217 1338 1214
f 1216 1340 1342
f 1216 1342 1218
f 1219 1343 1341
f 1219 1341 1217
f 1218 1342 1344
f 1218 1344 1220
f 1221 1345 1343
f 1221 1343 1219
f 1220 1344 1346
f 1220 1346 1222
f 1223 1347 1345
f 1223 1345 1221
f 1222 1346 1348
f 1222 1348 1224
f 1225 1349 1347
f 1225 1347 1223
f 1224 1348 1350
f 1224 1350 1226
f 1227 1351 1349
f 1227 1349 1225
f 1226 1350 1352
f 1226 1352 1228
f 1229 1353 1351
f 1229 1351 1227
f 1228 1352 1354
f 1228 1354 1230
f 1231 1355 1353
f 1231 1353 1229
f 1230 1354 1356
f 1230 1356 1232
f 1233 1357 1355
f 1233 1355 1231
f 1232 1356 1358
f 1232 1358 1234
f 1235 1359 1357
f 1235 1357 1233
f 1234 1358 1360
f 1234 1360 1236
f 1237 1361 1359
f 1237 1359 1235
f 1236 1360 1362
f 1236 1362 1238
f 1239 1363 1361
f 1239 1361 1237
f 1238 1362 1364
f 1238 1364 1240
f 1241 1365 1363
f 1241 1363 1239
f 1240 1364 1366
f 1240 1366 1242
f 1243 1367 1365
f 1243 1365 1241
f 1242 1366 1368
f 1242 1368 1244
f 1245 1369 1367
f 1245 1367 1243
f 1244 1368 1370
f 1244 1370 1246
f 1247 1371 1369
f 1247 1369 1245
f 1246 1370 1372
f 1246 1372 1248
f 1249 1373 1371
f 1249 1371 1247
f 1248 1372 1374
f 1248 1374 1250
f 1251 1375 1373
f 1251 1373 1249
f 1250 1374 1376
f 1250 1376 1252
f 1253 1377 1375
f 1253 1375 1251
f 1252 1376 1378
f 1252 1378 1254
f 1255 1379 1377
f 1255 1377 1253
f 1254 1378 1380
f 1254 1380 1256
f 1257 1381 1379
f 1257 1379 1255
f 1256 1380 1382
f 1256 1382 1258
f 1259 1383 1381
f 1259 1381 1257
f 1258 1382 1384
f 1258 1384 1260
f 1261 1385 1383
f 1261 1383 1259
f 1260 1384 1386
f 1260 1386 1262
f 1263 1387 1385
f 1263 1385 1261
f 1262 1386 1388
f 1262 1388 1264
f 1265 1389 1387
f 1265 1387 1263
f 1264 1388 1390
f 1264 1390 1266
f 1267 1391 1389
f 1267 1389 1265
f 1266 1390 1392
f 1266 1392 1268
f 1269 1393 1391
f 1269 1391 1267
f 1268 1392 1394
f 1268 1394 1270
f 1271 1395 1393
f 1271 1393 1269
f 1270 1394 1396
f 1270 1396 1272
f 1273 1397 1395
f 1273 1395 1271
f 1272 1396 1398
f 1272 1398 1274
f 1275 1399 1397
f 1275 1397 1273
f 1274 1398 1400
f 1274 1400 1276
f 1277 1401 1399
f 1277 1399 1275
f 1276 1400 1402
f 1276 1402 1278
f 1279 1403 1401
f 1279 1401 1277
f 1278 1402 1404
f 1278 1404 1280
f 1281 1405 1403
f 1281 1403 1279
f 1280 1404 1406
f 1280 1406 1282
f 1283 1407 1405
f 1283 1405 1281
f 1282 1406 1408
f 1282 1408 1284
f 1285 1409 1407
f 1285 1407 1283
f 1284 1408 1410
f 1284 1410 1286
f 1287 1411 1409
f 1287 1409 1285
f 1286 1410 1412
f 1286 1412 1288
f 1289 1413 1411
f 1289 1411 1287
f 1288 1412 1414
f 1288 1414 1290
f 1291 1415 1413
f 1291 1413 1289
f 1290 1414 1416
f 1290 1416 1292
f 1293 1417 1415
f 1293 1415 1291
f 1292 1416 1418
f 1292 1418 1294
f 1295 1419 1417
f 1295 1417 1293
f 1294 1418 1420
f 1294 1420 1296
f 1297 1421 1419
f 1297 1419 1295
f 1296 1420 1422
f 1296 1422 1298
f 1299 1423 1421
f 1299 1421 1297
f 1298 1422 1424
f 1298 1424 1300
f 1301 1425 1423
f 1301 1423 1299
f 1300 1424 1426
f 1300 1426 1302
f 1303 1427 1425
f 1303 1425 1301
f 1302 1426 1428
f 1302 1428 1304
f 1305 1429 1427
f 1305 1427 1303
f 1304 1428 1430
f 1304 1430 1306
f 1307 1431 1429
f 1307 1429 1305
f 1306 1430 1432
f 1306 1432 1308
f 1309 1433 1431
f 1309 1431 1307
f 1308 1432 1434
f 1308 1434 1310
f 1311 1435 1433
f 1311 1433 1309
f 1310 1434 1436
f 1310 1436 1312
f 1313 1437 1435
f 1313 1435 1311
f 1312 1436 1438
f 1312 1438 1314
f 1315 1439 1437
f 1315 1437 1313
f 1314 1438 1440
f 1314 1440 1316
f 1317 1441 1439
f 1317 1439 1315
f 1316 1440 1442
f 1316 1442 1318
f 1319 1443 1441
f 1319 1441 1317
f 1442 1444 1320
f 1442 1320 1318
f 1320 1444 1445
f 1320 1445 1321
f 1322 1446 1443
f 1322 1443 1319
f 1321 1445 1447
f 1321 1447 1323
f 1325 1324 1448
f 1325 1448 1449
f 1325 1449 1446
f 1325 1446 1322
f 1324 1326 1450
f 1324 1450 1448
f 1326 1327 1451
f 1326 1451 1450
f 1327 1328 1452
f 1327 1452 1451
f 1323 1447 1452
f 1323 1452 1328
f 1454 1453 1329
f 1454 1329 1330
f 1331 1455 1454
f 1331 1454 1330
f 1453 1456 1332
f 1453 1332 1329
f 1456 1457 1333
f 1456 1333 1332
f 1457 1458 1334
f 1457 1334 1333
f 1334 1458 1459
f 1334 1459 1335
f 1336 1460 1455
f 1336 1455 1331
f 1335 1459 1461
f 1335 1461 1337
f 1338 1462 1460
f 1338 1460 1336
f 1340 1339 1463
f 1340 1463 1464
f 1337 1461 1463
f 1337 1463 1339
f 1341 1465 1462
f 1341 1462 1338
f 1340 1464 1466
f 1340 1466 1342
f 1343 1467 1465
f 1343 1465 1341
f 1342 1466 1468
f 1342 1468 1344
f 1345 1469 1467
f 1345 1467 1343
f 1344 1468 1470
f 1344 1470 1346
f 1347 1471 1469
f 1347 1469 1345
f 1346 1470 1472
f 1346 1472 1348
f 1349 1473 1471
f 1349 1471 1347
f 1348 1472 1474
f 1348 1474 1350
f 1351 1475 1473
f 1351 1473 1349
f 1350 1474 1476
f 1350 1476 1352
f 1353 1477 1475
f 1353 1475 1351
f 1352 1476 1478
f 1352 1478 1354
f 1355 1479 1477
f 1355 1477 1353
f 1354 1478 1480
f 1354 1480 1356
f 1357 1481 1479
f 1357 1479 1355
f 1356 1480 1482
f 1356 1482 1358
f 1359 1483 1481
f 1359 1481 1357
f 1358 1482 1484
f 1358 1484 1360
f 1361 1485 1483
f 1361 1483 1359
f 1360 1484 1486
f 1360 1486 1362
f 1363 1487 1485
f 1363 1485 1361
f 1362 1486 1488
f 1362 1488 1364
f 1365 1489 1487
f 1365 1487 1363
f 1364 1488 1490
f 1364 1490 1366
f 1367 1491 1489
f 1367 1489 1365
f 1366 1490 1492
f 1366 1492 1368
f 1369 1493 1491
f 1369 1491 1367
f 1368 1492 1494
f 1368 1494 1370
f 1371 1495 1493
f 1371 1493 1369
f 1370 1494 1496
f 1370 1496 1372
f 1373 1497 1495
f 1373 1495 1371
f 1372 1496 1498
f 1372 1498 1374
f 1375 1499 1497
f 1375 1497 1373
f 1374 1498 1500
f 1374 1500 1376
f 1377 1501 1499
f 1377 1499 1375
f 1376 1500 1502
f 1376 1502 1378
f 1379 1503 1501
f 1379 1501 1377
f 1378 1502 1504
f 1378 1504 1380
f 1381 1505 1503
f 1381 1503 1379
f 1380 1504 1506
f 1380 1506 1382
f 1383 1507 1505
f 1383 1505 1381
f 1382 1506 1508
f 1382 1508 1384
f 1385 1509 1507
f 1385 1507 1383
f 1384 1508 1510
f 1384 1510 1386
f 1387 1511 1509
f 1387 1509 1385
f 1386 1510 1512
f 1386 1512 1388
f 1389 1513 1511
f 1389 1511 1387
f 1388 1512 1514
f 1388 1514 1390
f 1391 1515 1513
f 1391 1513 1389
f 1390 1514 1516
f 1390 1516 1392
f 1393 1517 1515
f 1393 1515 1391
f 1392 1516 1518
f 1392 1518 1394
f 1395 1519 1517
f 1395 1517 1393
f 1394 1518 1520
f 1394 1520 1396
f 1397 1521 1519
f 1397 1519 1395
f 1396 1520 1522
f 1396 1522 1398
f 1399 1523 1521
f 1399 1521 1397
f 1398 1522 1524
f 1398 1524 1400
f 1401 1525 1523
f 1401 1523 1399
f 1400 1524 1526
f 1400 1526 1402
f 1403 1527 1525
f 1403 1525 1401
f 1402 1526 1528
f 1402 1528 1404
f 1405 1529 1527
f 1405 1527 1403
f 1404 1528 1530
f 1404 1530 1406
f 1407 1531 1529
f 1407 1529 1405
f 1406 1530 1532
f 1406 1532 1408
f 1409 1533 1531
f 1409 1531 1407
f 1408 1532 1534
f 1408 1534 1410
f 1411 1535 1533
f 1411 1533 1409
f 1410 1534 1536
f 1410 1536 1412
f 1413 1537 1535
f 1413 1535 1411
f 1412 1536 1538
f 1412 1538 1414
f 1415 1539 1537
f 1415 1537 1413
f 1414 1538 1540
f 1414 1540 1416
f 1417 1541 1539
f 1417 1539 1415
f 1416 1540 1542
f 1416 1542 1418
f 1419 1543 1541
f 1419 1541 1417
f 1418 1542 1544
f 1418 1544 1420
f 1421 1545 1543
f 1421 1543 1419
f 1420 1544 1546
f 1420 1546 1422
f 1423 1547 1545
f 1423 1545 1421
f 1422 1546 1548
f 1422 1548 1424
f 1425 1549 1547
f 1425 1547 1423
f 1424 1548 1550
f 1424 1550 1426
f 1427 1551 1549
f 1427 1549 1425
f 1426 1550 1552
f 1426 1552 1428
f 1429 1553 1551
f 1429 1551 1427
f 1428 1552 1554
f 1428 1554 1430
f 1431 1555 1553
f 1431 1553 1429
f 1430 1554 1556
f 1430 1556 1432
f 1433 1557 1555
f 1433 1555 1431
f 1432 1556 1558
f 1432 1558 1434
f 1435 1559 1557
f 1435 1557 1433
f 1434 1558 1560
f 1434 1560 1436
f 1437 1561 1559
f 1437 1559 1435
f 1436 1560 1562
f 1436 1562 1438
f 1439 1563 1561
f 1439 1561 1437
f 1438 1562 1564
f 1438 1564 1440
f 1441 1565 1563
f 1441 1563 1439
f 1440 1564 1566
f 1440 1566 1442
f 1443 1567 1565
f 1443 1565 1441
f 1566 1568 1444
f 1566 1444 1442
f 1444 1568 1569
f 1444 1569 1445
f 1446 1570 1567
f 1446 1567 1443
f 1445 1569 1571
f 1445 1571 1447
f 1449 1448 1572
f 1449 1572 1573
f 1449 1573 1570
f 1449 1570 1446
f 1448 1450 1574
f 1448 1574 1572
f 1450 1451 1575
f 1450 1575 1574
f 1451 1452 1576
f 1451 1576 1575
f 1447 1571 1576
f 1447 1576 1452
f 1578 1577 1453
f 1578 1453 1454
f 1455 1579 1578
f 1455 1578 1454
f 1577 1580 1456
f 1577 1456 1453
f 1580 1581 1457
f 1580 1457 1456
f 1581 1582 1458
f 1581 1458 1457
f 1458 1582 1583
f 1458 1583 1459
f 1460 1584 1579
f 1460 1579 1455
f 1459 1583 1585
f 1459 1585 1461
f 1462 1586 1584
f 1462 1584 1460
f 1464 1463 1587
f 1464 1587 1588
f 1461 1585 1587
f 1461 1587 1463
f 1465 1589 1586
f 1465 1586 1462
f 1464 1588 1590
f 1464 1590 1466
f 1467 1591 1589
f 1467 1589 1465
f 1466 1590 1592
f 1466 1592 1468
f 1469 1593 1591
f 1469 1591 1467
f 1468 1592 1594
f 1468 1594 1470
f 1471 1595 1593
f 1471 1593 1469
f 1470 1594 1596
f 1470 1596 1472
f 1473 1597 1595
f 1473 1595 1471
f 1472 1596 1598
f 1472 1598 1474
f 1475 1599 1597
f 1475 1597 1473
f 1474 1598 1600
f 1474 1600 1476
f 1477 1601 1599
f 1477 1599 1475
f 1476 1600 1602
f 1476 1602 1478
f 1479 1603 1601
f 1479 1601 1477
f 1478 1602 1604
f 1478 1604 1480
f 1481 1605 1603
f 1481 1603 1479
f 1480 1604 1606
f 1480 1606 1482
f 1483 1607 1605
f 1483 1605 1481
f 1482 1606 1608
f 1482 1608 1484
f 1485 1609 1607
f 1485 1607 1483
f 1484 1608 1610
f 1484 1610 1486
f 1487 1611 1609
f 1487 1609 1485
f 1486 1610 1612
f 1486 1612 1488
f 1489 1613 1611
f 1489 1611 1487
f 1488 1612 1614
f 1488 1614 1490
f 1491 1615 1613
f 1491 1613 1489
f 1490 1614 1616
f 1490 1616 1492
f 1493 1617 1615
f 1493 1615 1491
f 1492 1616 1618
f 1492 1618 1494
f 1495 1619 1617
f 1495 1617 1493
f 1494 1618 1620
f 1494 1620 1496
f 1497 1621 1619
f 1497 1619 1495
f 1496 1620 1622
f 1496 1622 1498
f 1499 1623 1621
f 1499 1621 1497
f 1498 1622 1624
f 1498 1624 1500
f 1501 1625 1623
f 1501 1623 1499
f 1500 1624 1626
f 1500 1626 1502
f 1503 1627 1625
f 1503 1625 1501
f 1502 1626 1628
f 1502 1628 1504
f 1505 1629 1627
f 1505 1627 1503
f 1504 1628 1630
f 1504 1630 1506
f 1507 1631 1629
f 1507 1629 1505
f 1506 1630 1632
f 1506 1632 1508
f 1509 1633 1631
f 1509 1631 1507
f 1508 1632 1634
f 1508 1634 1510
f 1511 1635 1633
f 1511 1633 1509
f 1510 1634 1636
f 1510 1636 1512
f 1513 1637 1635
f 1513 1635 1511
f 1512 1636 1638
f 1512 1638 1514
f 1515 1639 1637
f 1515 1637 1513
f 1514 1638 1640
f 1514 1640 1516
f 1517 1641 1639
f 1517 1639 1515
f 1516 1640 1642
f 1516 1642 1518
f 1519 1643 1641
f 1519 1641 1517
f 1518 1642 1644
f 1518 1644 1520
f 1521 1645 1643
f 1521 1643 1519
f 1520 1644 1646
f 1520 1646 1522
f 1523 1647 1645
f 1523 1645 1521
f 1522 1646 1648
f 1522 1648 1524
f 1525 1649 1647
f 1525 1647 1523
f 1524 1648 1650
f 1524 1650 1526
f 1527 1651 1649
f 1527 1649 1525
f 1526 1650 1652
f 1526 1652 1528
f 1529 1653 1651
f 1529 1651 1527
f 1528 1652 1654
f 1528 1654 1530
f 1531 1655 1653
f 1531 1653 1529
f 1530 1654 1656
f 1530 1656 1532
f 1533 1657 1655
f 1533 1655 1531
f 1532 1656 1658
f 1532 1658 1534
f 1535 1659 1657
f 1535 1657 1533
f 1534 1658 1660
f 1534 1660 1536
f 1537 1661 1659
f 1537 1659 1535
f 1536 1660 1662
f 1536 1662 1538
f 1539 1663 1661
f 1539 1661 1537
f 1538 1662 1664
f 1538 1664 1540
f 1541 1665 1663
f 1541 1663 1539
f 1540 1664 1666
f 1540 1666 1542
f 1543 1667 1665
f 1543 1665 1541
f 1542 1666 1668
f 1542 1668 1544
f 1545 1669 1667
f 1545 1667 1543
f 1544 1668 1670
f 1544 1670 1546
f 1547 1671 1669
f 1547 1669 1545
f 1546 1670 1672
f 1546 1672 1548
f 1549 1673 1671
f 1549 1671 1547
f 1548 1672 1674
f 1548 1674 1550
f 1551 1675 1673
f 1551 1673 1549
f 1550 1674 1676
f 1550 1676 1552
f 1553 1677 1675
f 1553 1675 1551
f 1552 1676 1678
f 1552 1678 1554
f 1555 1679 1677
f 1555 1677 1553
f 1554 1678 1680
f 1554 1680 1556
f 1557 1681 1679
f 1557 1679 1555
f 1556 1680 1682
f 1556 1682 1558
f 1559 1683 1681
f 1559 1681 1557
f 1558 1682 1684
f 1558 1684 1560
f 1561 1685 1683
f 1561 1683 1559
f 1560 1684 1686
f 1560 1686 1562
f 1563 1687 1685
f 1563 1685 1561
f 1562 1686 1688
f 1562 1688 1564
f 1565 1689 1687
f 1565 1687 1563
f 1564 1688 1690
f 1564 1690 1566
f 1567 1691 1689
f 1567 1689 1565
f 1690 1692 1568
f 1690 1568 1566
f 1568 1692 1693
f 1568 1693 1569
f 1570 1694 1691
f 1570 1691 1567
f 1569 1693 1695
f 1569 1695 1571
f 1573 1572 1696
f 1573 1696 1697
f 1573 1697 1694
f 1573 1694 1570
f 1572 1574 1698
f 1572 1698 1696
f 1574 1575 1699
f 1574 1699 1698
f 1575 1576 1700
f 1575 1700 1699
f 1571 1695 1700
f 1571 1700 1576
f 1702 1701 1577
f 1702 1577 1578
f 1579 1703 1702
f 1579 1702 1578
f 1701 1704 1580
f 1701 1580 1577
f 1704 1705 1581
f 1704 1581 1580
f 1705 1706 1582
f 1705 1582 1581
f 1582 1706 1707
f 1582 1707 1583
f 1584 1708 1703
f 1584 1703 1579
f 1583 1707 1709
f 1583 1709 1585
f 1586 1710 1708
f 1586 1708 1584
f 1588 1587 1711
f 1588 1711 1712
f 1585 1709 1711
f 1585 1711 1587
f 1589 1713 1710
f 1589 1710 1586
f 1588 1712 1714
f 1588 1714 1590
f 1591 1715 1713
f 1591 1713 1589
f 1590 1714 1716
f 1590 1716 1592
f 1593 1717 1715
f 1593 1715 1591
f 1592 1716 1718
f 1592 1718 1594
f 1595 1719 1717
f 1595 1717 1593
f 1594 1718 1720
f 1594 1720 1596
f 1597 1721 1719
f 1597 1719 1595
f 1596 1720 1722
f 1596 1722 1598
f 1599 1723 1721
f 1599 1721 1597
f 1598 1722 1724
f 1598 1724 1600
f 1601 1725 1723
f 1601 1723 1599
f 1600 1724 1726
f 1600 1726 1602
f 1603 1727 1725
f 1603 1725 1601
f 1602 1726 1728
f 1602 1728 1604
f 1605 1729 1727
f 1605 1727 1603
f 1604 1728 1730
f 1604 1730 1606
f 1607 1731 1729
f 1607 1729 1605
f 1606 1730 1732
f 1606 1732 1608
f 1609 1733 1731
f 1609 1731 1607
f 1608 1732 1734
f 1608 1734 1610
f 1611 1735 1733
f 1611 1733 1609
f 1610 1734 1736
f 1610 1736 1612
f 1613 1737 1735
f 1613 1735 1611
f 1612 1736 1738
f 1612 1738 1614
f 1615 1739 1737
f 1615 1737 1613
f 1614 1738 1740
f 1614 1740 1616
f 1617 1741 1739
f 1617 1739 1615
f 1616 1740 1742
f 1616 1742 1618
f 1619 1743 1741
f 1619 1741 1617
f 1618 1742 1744
f 1618 1744 1620
f 1621 1745 1743
f 1621 1743 1619
f 1620 1744 1746
f 1620 1746 1622
f 1623 1747 1745
f 1623 1745 1621
f 1622 1746 1748
f 1622 1748 1624
f 1625 1749 1747
f 1625 1747 1623
f 1624 1748 1750
f 1624 1750 1626
f 1627 1751 1749
f 1627 1749 1625
f 1626 1750 1752
f 1626 1752 1628
f 1629 1753 1751
f 1629 1751 1627
f 1628 1752 1754
f 1628 1754 1630
f 1631 1755 1753
f 1631 1753 1629
f 1630 1754 1756
f 1630 1756 1632
f 1633 1757 1755
f 1633 1755 1631
f 1632 1756 1758
f 1632 1758 1634
f 1635 1759 1757
f 1635 1757 1633
f 1634 1758 1760
f 1634 1760 1636
f 1637 1761 1759
f 1637 1759 1635
f 1636 1760 1762
f 1636 1762 1638
f 1639 1763 1761
f 1639 1761 1637
f 1638 1762 1764
f 1638 1764 1640
f 1641 1765 1763
f 1641 1763 1639
f 1640 1764 1766
f 1640 1766 1642
f 1643 1767 1765
f 1643 1765 1641
f 1642 1766 1768
f 1642 1768 1644
f 1645 1769 1767
f 1645 1767 1643
f 1644 1768 1770
f 1644 1770 1646
f 1647 1771 1769
f 1647 1769 1645
f 1646 1770 1772
f 1646 1772 1648
f 1649 1773 1771
f 1649 1771 1647
f 1648 1772 1774
f 1648 1774 1650
f 1651 1775 1773
f 1651 1773 1649
f 1650 1774 1776
f 1650 1776 1652
f 1653 1777 1775
f 1653 1775 1651
f 1652 1776 1778
f 1652 1778 1654
f 1655 1779 1777
f 1655 1777 1653
f 1654 1778 1780
f 1654 1780 1656
f 1657 1781 1779
f 1657 1779 1655
f 1656 1780 1782
f 1656 1782 1658
f 1659 1783 1781
f 1659 1781 1657
f 1658 1782 1784
f 1658 1784 1660
f 1661 1785 1783
f 1661 1783 1659
f 1660 1784 1786
f 1660 1786 1662
f 1663 1787 1785
f 1663 1785 1661
f 1662 1786 1788
f 1662 1788 1664
f 1665 1789 1787
f 1665 1787 1663
f 1664 1788 1790
f 1664 1790 1666
f 1667 1791 1789
f 1667 1789 1665
f 1666 1790 1792
f 1666 1792 1668
f 1669 1793 1791
f 1669 1791 1667
f 1668 1792 1794
f 1668 1794 1670
f 1671 1795 1793
f 1671 1793 1669
f 1670 1794 1796
f 1670 1796 1672
f 1673 1797 1795
f 1673 1795 1671
f 1672 1796 1798
f 1672 1798 1674
f 1675 1799 1797
f 1675 1797 1673
f 1674 1798 1800
f 1674 1800 1676
f 1677 1801 1799
f 1677 1799 1675
f 1676 1800 1802
f 1676 1802 1678
f 1679 1803 1801
f 1679 1801 1677
f 1678 1802 1804
f 1678 1804 1680
f 1681 1805 1803
f 1681 1803 1679
f 1680 1804 1806
f 1680 1806 1682
f 1683 1807 1805
f 1683 1805 1681
f 1682 1806 1808
f 1682 1808 1684
f 1685 1809 1807
f 1685 1807 1683
f 1684 1808 1810
f 1684 1810 1686
f 1687 1811 1809
f 1687 1809 1685
f 1686 1810 1812
f 1686 1812 1688
f 1689 1813 1811
f 1689 1811 1687
f 1688 1812 1814
f 1688 1814 1690
f 1691 1815 1813
f 1691 1813 1689
f 1814 1816 1692
f 1814 1692 1690
f 1692 1816 1817
f 1692 1817 1693
f 1694 1818 1815
f 1694 1815 1691
f 1693 1817 1819
f 1693 1819 1695
f 1697 1696 1820
f 1697 1820 1821
f 1697 1821 1818
f 1697 1818 1694
f 1696 1698 1822
f 1696 1822 1820
f 1698 1699 1823
f 1698 1823 1822
f 1699 1700 1824
f 1699 1824 1823
f 1695 1819 1824
f 1695 1824 1700
f 1826 1825 1701
f 1826 1701 1702
f 1703 1827 1826
f 1703 1826 1702
f 1825 1828 1704
f 1825 1704 1701
f 1828 1829 1705
f 1828 1705 1704
f 1829 1830 1706
f 1829 1706 1705
f 1706 1830 1831
f 1706 1831 1707
f 1708 1832 1827
f 1708 1827 1703
f 1707 1831 1833
f 1707 1833 1709
f 1710 1834 1832
f 1710 1832 1708
f 1712 1711 1835
f 1712 1835 1836
f 1709 1833 1835
f 1709 1835 1711
f 1713 1837 1834
f 1713 1834 1710
f 1712 1836 1838
f 1712 1838 1714
f 1715 1839 1837
f 1715 1837 1713
f 1714 1838 1840
f 1714 1840 1716
f 1717 1841 1839
f 1717 1839 1715
f 1716 1840 1842
f 1716 1842 1718
f 1719 1843 1841
f 1719 1841 1717
f 1718 1842 1844
f 1718 1844 1720
f 1721 1845 1843
f 1721 1843 1719
f 1720 1844 1846
f 1720 1846 1722
f 1723 1847 1845
f 1723 1845 1721
f 1722 1846 1848
f 1722 1848 1724
f 1725 1849 1847
f 1725 1847 1723
f 1724 1848 1850
f 1724 1850 1726
f 1727 1851 1849
f 1727 1849 1725
f 1726 1850 1852
f 1726 1852 1728
f 1729 1853 1851
f 1729 1851 1727
f 1728 1852 1854
f 1728 1854 1730
f 1731 1855 1853
f 1731 1853 1729
f 1730 1854 1856
f 1730 1856 1732
f 1733 1857 1855
f 1733 1855 1731
f 1732 1856 1858
f 1732 1858 1734
f 1735 1859 1857
f 1735 1857 1733
f 1734 1858 1860
f 1734 1860 1736
f 1737 1861 1859
f 1737 1859 1735
f 1736 1860 1862
f 1736 1862 1738
f 1739 1863 1861
f 1739 1861 1737
f 1738 1862 1864
f 1738 1864 1740
f 1741 1865 1863
f 1741 1863 1739
f 1740 1864 1866
f 1740 1866 1742
f 1743 1867 1865
f 1743 1865 1741
f 1742 1866 1868
f 1742 1868 1744
f 1745 1869 1867
f 1745 1867 1743
f 1744 1868 1870
f 1744 1870 1746
f 1747 1871 1869
f 1747 1869 1745
f 1746 1870 1872
f 1746 1872 1748
f 1749 1873 1871
f 1749 1871 1747
f 1748 1872 1874
f 1748 1874 1750
f 1751 1875 1873
f 1751 1873 1749
f 1750 1874 1876
f 1750 1876 1752
f 1753 1877 1875
f 1753 1875 1751
f 1752 1876 1878
f 1752 1878 1754
f 1755 1879 1877
f 1755 1877 1753
f 1754 1878 1880
f 1754 1880 1756
f 1757 1881 1879
f 1757 1879 1755
f 1756 1880 1882
f 1756 1882 1758
f 1759 1883 1881
f 1759 1881 1757
f 1758 1882 1884
f 1758 1884 1760
f 1761 1885 1883
f 1761 1883 1759
f 1760 1884 1886
f 1760 1886 1762
f 1763 1887 1885
f 1763 1885 1761
f 1762 1886 1888
f 1762 1888 1764
f 1765 1889 1887
f 1765 1887 1763
f 1764 1888 1890
f 1764 1890 1766
f 1767 1891 1889
f 1767 1889 1765
f 1766 1890 1892
f 1766 1892 1768
f 1769 1893 1891
f 1769 1891 1767
f 1768 1892 1894
f 1768 1894 1770
f 1771 1895 1893
f 1771 1893 1769
f 1770 1894 1896
f 1770 1896 1772
f 1773 1897 1895
f 1773 1895 1771
f 1772 1896 1898
f 1772 1898 1774
f 1775 1899 1897
f 1775 1897 1773
f 1774 1898 1900
f 1774 1900 1776
f 1777 1901 1899
f 1777 1899 1775
f 1776 1900 1902
f 1776 1902 1778
f 1779 1903 1901
f 1779 1901 1777
f 1778 1902 1904
f 1778 1904 1780
f 1781 1905 1903
f 1781 1903 1779
f 1780 1904 1906
f 1780 1906 1782
f 1783 1907 1905
f 1783 1905 1781
f 1782 1906 1908
f 1782 1908 1784
f 1785 1909 1907
f 1785 1907 1783
f 1784 1908 1910
f 1784 1910 1786
f 1787 1911 1909
f 1787 1909 1785
f 1786 1910 1912
f 1786 1912 1788
f 1789 1913 1911
f 1789 1911 1787
f 1788 1912 1914
f 1788 1914 1790
f 1791 1915 1913
f 1791 1913 1789
f 1790 1914 1916
f 1790 1916 1792
f 1793 1917 1915
f 1793 1915 1791
f 1792 1916 1918
f 1792 1918 1794
f 1795 1919 1917
f 1795 1917 1793
f 1794 1918 1920
f 1794 1920 1796
f 1797 1921 1919
f 1797 1919 1795
f 1796 1920 1922
f 1796 1922 1798
f 1799 1923 1921
f 1799 1921 1797
f 1798 1922 1924
f 1798 1924 1800
f 1801 1925 1923
f 1801 1923 1799
f 1800 1924 1926
f 1800 1926 1802
f 1803 1927 1925
f 1803 1925 1801
f 1802 1926 1928
f 1802 1928 1804
f 1805 1929 1927
f 1805 1927 1803
f 1804 1928 1930
f 1804 1930 1806
f 1807 1931 1929
f 1807 1929 1805
f 1806 1930 1932
f 1806 1932 1808
f 1809 1933 1931
f 1809 1931 1807
f 1808 1932 1934
f 1808 1934 1810
f 1811 1935 1933
f 1811 1933 1809
f 1810 1934 1936
f 1810 1936 1812
f 1813 1937 1935
f 1813 1935 1811
f 1812 1936 1938
f 1812 1938 1814
f 1815 1939 1937
f 1815 1937 1813
f 1938 1940 1816
f 1938 1816 1814
f 1816 1940 1941
f 1816 1941 1817
f 1818 1942 1939
f 1818 1939 1815
f 1817 1941 1943
f 1817 1943 1819
f 1821 1820 1944
f 1821 1944 1945
f 1821 1945 1942
f 1821 1942 1818
f 1820 1822 1946
f 1820 1946 1944
f 1822 1823 1947
f 1822 1947 1946
f 1823 1824 1948
f 1823 1948 1947
f 1819 1943 1948
f 1819 1948 1824
f 1950 1949 1825
f 1950 1825 1826
f 1827 1951 1950
f 1827 1950 1826
f 1949 1952 1828
f 1949 1828 1825
f 1952 1953 1829
f 1952 1829 1828
f 1953 1954 1830
f 1953 1830 1829
f 1830 1954 1955
f 1830 1955 1831
f 1832 1956 1951
f 1832 1951 1827
f 1831 1955 1957
f 1831 1957 1833
f 1834 1958 1956
f 1834 1956 1832
f 1836 1835 1959
f 1836 1959 1960
f 1833 1957 1959
f 1833 1959 1835
f 1837 1961 1958
f 1837 1958 1834
f 1836 1960 1962
f 1836 1962 1838
f 1839 1963 1961
f 1839 1961 1837
f 1838 1962 1964
f 1838 1964 1840
f 1841 1965 1963
f 1841 1963 1839
f 1840 1964 1966
f 1840 1966 1842
f 1843 1967 1965
f 1843 1965 1841
f 1842 1966 1968
f 1842 1968 1844
f 1845 1969 1967
f 1845 1967 1843
f 1844 1968 1970
f 1844 1970 1846
f 1847 1971 1969
f 1847 1969 1845
f 1846 1970 1972
f 1846 1972 1848
f 1849 1973 1971
f 1849 1971 1847
f 1848 1972 1974
f 1848 1974 1850
f 1851 1975 1973
f 1851 1973 1849
f 1850 1974 1976
f 1850 1976 1852
f 1853 1977 1975
f 1853 1975 1851
f 1852 1976 1978
f 1852 1978 1854
f 1855 1979 1977
f 1855 1977 1853
f 1854 1978 1980
f 1854 1980 1856
f 1857 1981 1979
f 1857 1979 1855
f 1856 1980 1982
f 1856 1982 1858
f 1859 1983 1981
f 1859 1981 1857
f 1858 1982 1984
f 1858 1984 1860
f 1861 1985 1983
f 1861 1983 1859
f 1860 1984 1986
f 1860 1986 1862
f 1863 1987 1985
f 1863 1985 1861
f 1862 1986 1988
f 1862 1988 1864
f 1865 1989 1987
f 1865 1987 1863
f 1864 1988 1990
f 1864 1990 1866
f 1867 1991 1989
f 1867 1989 1865
f 1866 1990 1992
f 1866 1992 1868
f 1869 1993 1991
f 1869 1991 1867
f 1868 1992 1994
f 1868 1994 1870
f 1871 1995 1993
f 1871 1993 1869
f 1870 1994 1996
f 1870 1996 1872
f 1873 1997 1995
f 1873 1995 1871
f 1872 1996 1998
f 1872 1998 1874
f 1875 1999 1997
f 1875 1997 1873
f 1874 1998 2000
f 1874 2000 1876
f 1877 2001 1999
f 1877 1999 1875
f 1876 2000 2002
f 1876 2002 1878
f 1879 2003 2001
f 1879 2001 1877
f 1878 2002 2004
f 1878 2004 1880
f 1881 2005 2003
f 1881 2003 1879
f 1880 2004 2006
f 1880 2006 1882
f 1883 2007 2005
f 1883 2005 1881
f 1882 2006 2008
f 1882 2008 1884
f 1885 2009 2007
f 1885 2007 1883
f 1884 2008 2010
f 1884 2010 1886
f 1887 2011 2009
f 1887 2009 1885
f 1886 2010 2012
f 1886 2012 1888
f 1889 2013 2011
f 1889 2011 1887
f 1888 2012 2014
f 1888 2014 1890
f 1891 2015 2013
f 1891 2013 1889
f 1890 2014 2016
f 1890 2016 1892
f 1893 2017 2015
f 1893 2015 1891
f 1892 2016 2018
f 1892 2018 1894
f 1895 2019 2017
f 1895 2017 1893
f 1894 2018 2020
f 1894 2020 1896
f 1897 2021 2019
f 1897 2019 1895
f 1896 2020 2022
f 1896 2022 1898
f 1899 2023 2021
f 1899 2021 1897
f 1898 2022 2024
f 1898 2024 1900
f 1901 2025 2023
f 1901 2023 1899
f 1900 2024 2026
f 1900 2026 1902
f 1903 2027 2025
f 1903 2025 1901
f 1902 2026 2028
f 1902 2028 1904
f 1905 2029 2027
f 1905 2027 1903
f 1904 2028 2030
f 1904 2030 1906
f 1907 2031 2029
f 1907 2029 1905
f 1906 2030 2032
f 1906 2032 1908
f 1909 2033 2031
f 1909 2031 1907
f 1908 2032 2034
f 1908 2034 1910
f 1911 2035 2033
f 1911 2033 1909
f 1910 2034 2036
f 1910 2036 1912
f 1913 2037 2035
f 1913 2035 1911
f 1912 2036 2038
f 1912 2038 1914
f 1915 2039 2037
f 1915 2037 1913
f 1914 2038 2040
f 1914 2040 1916
f 1917 2041 2039
f 1917 2039 1915
f 1916 2040 2042
f 1916 2042 1918
f 1919 2043 2041
f 1919 2041 1917
f 1918 2042 2044
f 1918 2044 1920
f 1921 2045 2043
f 1921 2043 1919
f 1920 2044 2046
f 1920 2046 1922
f 1923 2047 2045
f 1923 2045 1921
f 1922 2046 2048
f 1922 2048 1924
f 1925 2049 2047
f 1925 2047 1923
f 1924 2048 2050
f 1924 2050 1926
f 1927 2051 2049
f 1927 2049 1925
f 1926 2050 2052
f 1926 2052 1928
f 1929 2053 2051
f 1929 2051 1927
f 1928 2052 2054
f 1928 2054 1930
f 1931 2055 2053
f 1931 2053 1929
f 1930 2054 2056
f 1930 2056 1932
f 1933 2057 2055
f 1933 2055 1931
f 1932 2056 2058
f 1932 2058 1934
f 1935 2059 2057
f 1935 2057 1933
f 1934 2058 2060
f 1934 2060 1936
f 1937 2061 2059
f 1937 2059 1935
f 1936 2060 2062
f 1936 2062 1938
f 1939 2063 2061
f 1939 2061 1937
f 2062 2064 1940
f 2062 1940 1938
f 1940 2064 2065
f 1940 2065 1941
f 1942 2066 2063
f 1942 2063 1939
f 1941 2065 2067
f 1941 2067 1943
f 1945 1944 2068
f 1945 2068 2069
f 1945 2069 2066
f 1945 2066 1942
f 1944 1946 2070
f 1944 2070 2068
f 1946 1947 2071
f 1946 2071 2070
f 1947 1948 2072
f 1947 2072 2071
f 1943 2067 2072
f 1943 2072 1948
f 2074 2073 1949
f 2074 1949 1950
f 1951 2075 2074
f 1951 2074 1950
f 2073 2076 1952
f 2073 1952 1949
f 2076 2077 1953
f 2076 1953 1952
f 2077 2078 1954
f 2077 1954 1953
f 1954 2078 2079
f 1954 2079 1955
f 1956 2080 2075
f 1956 2075 1951
f 1955 2079 2081
f 1955 2081 1957
f 1958 2082 2080
f 1958 2080 1956
f 1960 1959 2083
f 1960 2083 2084
f 1957 2081 2083
f 1957 2083 1959
f 1961 2085 2082
f 1961 2082 1958
f 1960 2084 2086
f 1960 2086 1962
f 1963 2087 2085
f 1963 2085 1961
f 1962 2086 2088
f 1962 2088 1964
f 1965 2089 2087
f 1965 2087 1963
f 1964 2088 2090
f 1964 2090 1966
f 1967 2091 2089
f 1967 2089 1965
f 1966 2090 2092
f 1966 2092 1968
f 1969 2093 2091
f 1969 2091 1967
f 1968 2092 2094
f 1968 2094 1970
f 1971 2095 2093
f 1971 2093 1969
f 1970 2094 2096
f 1970 2096 1972
f 1973 2097 2095
f 1973 2095 1971
f 1972 2096 2098
f 1972 2098 1974
f 1975 2099 2097
f 1975 2097 1973
f 1974 2098 2100
f 1974 2100 1976
f 1977 2101 2099
f 1977 2099 1975
f 1976 2100 2102
f 1976 2102 1978
f 1979 2103 2101
f 1979 2101 1977
f 1978 2102 2104
f 1978 2104 1980
f 1981 2105 2103
f 1981 2103 1979
f 1980 2104 2106
f 1980 2106 1982
f 1983 2107 2105
f 1983 2105 1981
f 1982 2106 2108
f 1982 2108 1984
f 1985 2109 2107
f 1985 2107 1983
f 1984 2108 2110
f 1984 2110 1986
f 1987 2111 2109
f 1987 2109 1985
f 1986 2110 2112
f 1986 2112 1988
f 1989 2113 2111
f 1989 2111 1987
f 1988 2112 2114
f 1988 2114 1990
f 1991 2115 2113
f 1991 2113 1989
f 1990 2114 2116
f 1990 2116 1992
f 1993 2117 2115
f 1993 2115 1991
f 1992 2116 2118
f 1992 2118 1994
f 1995 2119 2117
f 1995 2117 1993
f 1994 2118 2120
f 1994 2120 1996
f 1997 2121 2119
f 1997 2119 1995
f 1996 2120 2122
f 1996 2122 1998
f 1999 2123 2121
f 1999 2121 1997
f 1998 2122 2124
f 1998 2124 2000
f 2001 2125 2123
f 2001 2123 1999
f 2000 2124 2126
f 2000 2126 2002
f 2003 2127 2125
f 2003 2125 2001
f 2002 2126 2128
f 2002 2128 2004
f 2005 2129 2127
f 2005 2127 2003
f 2004 2128 2130
f 2004 2130 2006
f 2007 2131 2129
f 2007 2129 2005
f 2006 2130 2132
f 2006 2132 2008
f 2009 2133 2131
f 2009 2131 2007
f 2008 2132 2134
f 2008 2134 2010
f 2011 2135 2133
f 2011 2133 2009
f 2010 2134 2136
f 2010 2136 2012
f 2013 2137 2135
f 2013 2135 2011
f 2012 2136 2138
f 2012 2138 2014
f 2015 2139 2137
f 2015 2137 2013
f 2014 2138 2140
f 2014 2140 2016
f 2017 2141 2139
f 2017 2139 2015
f 2016 2140 2142
f 2016 2142 2018
f 2019 2143 2141
f 2019 2141 2017
f 2018 2142 2144
f 2018 2144 2020
f 2021 2145 2143
f 2021 2143 2019
f 2020 2144 2146
f 2020 2146 2022
f 2023 2147 2145
f 2023 2145 2021
f 2022 2146 2148
f 2022 2148 2024
f 2025 2149 2147
f 2025 2147 2023
f 2024 2148 2150
f 2024 2150 2026
f 2027 2151 2149
f 2027 2149 2025
f 2026 2150 2152
f 2026 2152 2028
f 2029 2153 2151
f 2029 2151 2027
f 2028 2152 2154
f 2028 2154 2030
f 2031 2155 2153
f 2031 2153 2029
f 2030 2154 2156
f 2030 2156 2032
f 2033 2157 2155
f 2033 2155 2031
f 2032 2156 2158
f 2032 2158 2034
f 2035 2159 2157
f 2035 2157 2033
f 2034 2158 2160
f 2034 2160 2036
f 2037 2161 2159
f 2037 2159 2035
f 2036 2160 2162
f 2036 2162 2038
f 2039 2163 2161
f 2039 2161 2037
f 2038 2162 2164
f 2038 2164 2040
f 2041 2165 2163
f 2041 2163 2039
f 2040 2164 2166
f 2040 2166 2042
f 2043 2167 2165
f 2043 2165 2041
f 2042 2166 2168
f 2042 2168 2044
f 2045 2169 2167
f 2045 2167 2043
f 2044 2168 2170
f 2044 2170 2046
f 2047 2171 2169
f 2047 2169 2045
f 2046 2170 2172
f 2046 2172 2048
f 2049 2173 2171
f 2049 2171 2047
f 2048 2172 2174
f 2048 2174 2050
f 2051 2175 2173
f 2051 2173 2049
f 2050 2174 2176
f 2050 2176 2052
f 2053 2177 2175
f 2053 2175 2051
f 2052 2176 2178
f 2052 2178 2054
f 2055 2179 2177
f 2055 2177 2053
f 2054 2178 2180
f 2054 2180 2056
f 2057 2181 2179
f 2057 2179 2055
f 2056 2180 2182
f 2056 2182 2058
f 2059 2183 2181
f 2059 2181 2057
f 2058 2182 2184
f 2058 2184 2060
f 2061 2185 2183
f 2061 2183 2059
f 2060 2184 2186
f 2060 2186 2062
f 2063 2187 2185
f 2063 2185 2061
f 2186 2188 2064
f 2186 2064 2062
f 2064 2188 2189
f 2064 2189 2065
f 2066 2190 2187
f 2066 2187 2063
f 2065 2189 2191
f 2065 2191 2067
f 2069 2068 2192
f 2069 2192 2193
f 2069 2193 2190
f 2069 2190 2066
f 2068 2070 2194
f 2068 2194 2192
f 2070 2071 2195
f 2070 2195 2194
f 2071 2072 2196
f 2071 2196 2195
f 2067 2191 2196
f 2067 2196 2072
f 2198 2197 2073
f 2198 2073 2074
f 2075 2199 2198
f 2075 2198 2074
f 2197 2200 2076
f 2197 2076 2073
f 2200 2201 2077
f 2200 2077 2076
f 2201 2202 2078
f 2201 2078 2077
f 2078 2202 2203
f 2078 2203 2079
f 2080 2204 2199
f 2080 2199 2075
f 2079 2203 2205
f 2079 2205 2081
f 2082 2206 2204
f 2082 2204 2080
f 2084 2083 2207
f 2084 2207 2208
f 2081 2205 2207
f 2081 2207 2083
f 2085 2209 2206
f 2085 2206 2082
f 2084 2208 2210
f 2084 2210 2086
f 2087 2211 2209
f 2087 2209 2085
f 2086 2210 2212
f 2086 2212 2088
f 2089 2213 2211
f 2089 2211 2087
f 2088 2212 2214
f 2088 2214 2090
f 2091 2215 2213
f 2091 2213 2089
f 2090 2214 2216
f 2090 2216 2092
f 2093 2217 2215
f 2093 2215 2091
f 2092 2216 2218
f 2092 2218 2094
f 2095 2219 2217
f 2095 2217 2093
f 2094 2218 2220
f 2094 2220 2096
f 2097 2221 2219
f 2097 2219 2095
f 2096 2220 2222
f 2096 2222 2098
f 2099 2223 2221
f 2099 2221 2097
f 2098 2222 2224
f 2098 2224 2100
f 2101 2225 2223
f 2101 2223 2099
f 2100 2224 2226
f 2100 2226 2102
f 2103 2227 2225
f 2103 2225 2101
f 2102 2226 2228
f 2102 2228 2104
f 2105 2229 2227
f 2105 2227 2103
f 2104 2228 2230
f 2104 2230 2106
f 2107 2231 2229
f 2107 2229 2105
f 2106 2230 2232
f 2106 2232 2108
f 2109 2233 2231
f 2109 2231 2107
f 2108 2232 2234
f 2108 2234 2110
f 2111 2235 2233
f 2111 2233 2109
f 2110 2234 2236
f 2110 2236 2112
f 2113 2237 2235
f 2113 2235 2111
f 2112 2236 2238
f 2112 2238 2114
f 2115 2239 2237
f 2115 2237 2113
f 2114 2238 2240
f 2114 2240 2116
f 2117 2241 2239
f 2117 2239 2115
f 2116 2240 2242
f 2116 2242 2118
f 2119 2243 2241
f 2119 2241 2117
f 2118 2242 2244
f 2118 2244 2120
f 2121 2245 2243
f 2121 2243 2119
f 2120 2244 2246
f 2120 2246 2122
f 2123 2247 2245
f 2123 2245 2121
f 2122 2246 2248
f 2122 2248 2124
f 2125 2249 2247
f 2125 2247 2123
f 2124 2248 2250
f 2124 2250 2126
f 2127 2251 2249
f 2127 2249 2125
f 2126 2250 2252
f 2126 2252 2128
f 2129 2253 2251
f 2129 2251 2127
f 2128 2252 2254
f 2128 2254 2130
f 2131 2255 2253
f 2131 2253 2129
f 2130 2254 2256
f 2130 2256 2132
f 2133 2257 2255
f 2133 2255 2131
f 2132 2256 2258
f 2132 2258 2134
f 2135 2259 2257
f 2135 2257 2133
f 2134 2258 2260
f 2134 2260 2136
f 2137 2261 2259
f 2137 2259 2135
f 2136 2260 2262
f 2136 2262 2138
f 2139 2263 2261
f 2139 2261 2137
f 2138 2262 2264
f 2138 2264 2140
f 2141 2265 2263
f 2141 2263 2139
f 2140 2264 2266
f 2140 2266 2142
f 2143 2267 2265
f 2143 2265 2141
f 2142 2266 2268
f 2142 2268 2144
f 2145 2269 2267
f 2145 2267 2143
f 2144 2268 2270
f 2144 2270 2146
f 2147 2271 2269
f 2147 2269 2145
f 2146 2270 2272
f 2146 2272 2148
f 2149 2273 2271
f 2149 2271 2147
f 2148 2272 2274
f 2148 2274 2150
f 2151 2275 2273
f 2151 2273 2149
f 2150 2274 2276
f 2150 2276 2152
f 2153 2277 2275
f 2153 2275 2151
f 2152 2276 2278
f 2152 2278 2154
f 2155 2279 2277
f 2155 2277 2153
f 2154 2278 2280
f 2154 2280 2156
f 2157 2281 2279
f 2157 2279 2155
f 2156 2280 2282
f 2156 2282 2158
f 2159 2283 2281
f 2159 2281 2157
f 2158 2282 2284
f 2158 2284 2160
f 2161 2285 2283
f 2161 2283 2159
f 2160 2284 2286
f 2160 2286 2162
f 2163 2287 2285
f 2163 2285 2161
f 2162 2286 2288
f 2162 2288 2164
f 2165 2289 2287
f 2165 2287 2163
f 2164 2288 2290
f 2164 2290 2166
f 2167 2291 2289
f 2167 2289 2165
f 2166 2290 2292
f 2166 2292 2168
f 2169 2293 2291
f 2169 2291 2167
f 2168 2292 2294
f 2168 2294 2170
f 2171 2295 2293
f 2171 2293 2169
f 2170 2294 2296
f 2170 2296 2172
f 2173 2297 2295
f 2173 2295 2171
f 2172 2296 2298
f 2172 2298 2174
f 2175 2299 2297
f 2175 2297 2173
f 2174 2298 2300
f 2174 2300 2176
f 2177 2301 2299
f 2177 2299 2175
f 2176 2300 2302
f 2176 2302 2178
f 2179 2303 2301
f 2179 2301 2177
f 2178 2302 2304
f 2178 2304 2180
f 2181 2305 2303
f 2181 2303 2179
f 2180 2304 2306
f 2180 2306 2182
f 2183 2307 2305
f 2183 2305 2181
f 2182 2306 2308
f 2182 2308 2184
f 2185 2309 2307
f 2185 2307 2183
f 2184 2308 2310
f 2184 2310 2186
f 2187 2311 2309
f 2187 2309 2185
f 2310 2312 2188
f 2310 2188 2186
f 2188 2312 2313
f 2188 2313 2189
f 2190 2314 2311
f 2190 2311 2187
f 2189 2313 2315
f 2189 2315 2191
f 2193 2192 2316
f 2193 2316 2317
f 2193 2317 2314
f 2193 2314 2190
f 2192 2194 2318
f 2192 2318 2316
f 2194 2195 2319
f 2194 2319 2318
f 2195 2196 2320
f 2195 2320 2319
f 2191 2315 2320
f 2191 2320 2196
f 2322 2321 2197
f 2322 2197 2198
f 2199 2323 2322
f 2199 2322 2198
f 2321 2324 2200
f 2321 2200 2197
f 2324 2325 2201
f 2324 2201 2200
f 2325 2326 2202
f 2325 2202 2201
f 2202 2326 2327
f 2202 2327 2203
f 2204 2328 2323
f 2204 2323 2199
f 2203 2327 2329
f 2203 2329 2205
f 2206 2330 2328
f 2206 2328 2204
f 2208 2207 2331
f 2208 2331 2332
f 2205 2329 2331
f 2205 2331 2207
f 2209 2333 2330
f 2209 2330 2206
f 2208 2332 2334
f 2208 2334 2210
f 2211 2335 2333
f 2211 2333 2209
f 2210 2334 2336
f 2210 2336 2212
f 2213 2337 2335
f 2213 2335 2211
f 2212 2336 2338
f 2212 2338 2214
f 2215 2339 2337
f 2215 2337 2213
f 2214 2338 2340
f 2214 2340 2216
f 2217 2341 2339
f 2217 2339 2215
f 2216 2340 2342
f 2216 2342 2218
f 2219 2343 2341
f 2219 2341 2217
f 2218 2342 2344
f 2218 2344 2220
f 2221 2345 2343
f 2221 2343 2219
f 2220 2344 2346
f 2220 2346 2222
f 2223 2347 2345
f 2223 2345 2221
f 2222 2346 2348
f 2222 2348 2224
f 2225 2349 2347
f 2225 2347 2223
f 2224 2348 2350
f 2224 2350 2226
f 2227 2351 2349
f 2227 2349 2225
f 2226 2350 2352
f 2226 2352 2228
f 2229 2353 2351
f 2229 2351 2227
f 2228 2352 2354
f 2228 2354 2230
f 2231 2355 2353
f 2231 2353 2229
f 2230 2354 2356
f 2230 2356 2232
f 2233 2357 2355
f 2233 2355 2231
f 2232 2356 2358
f 2232 2358 2234
f 2235 2359 2357
f 2235 2357 2233
f 2234 2358 2360
f 2234 2360 2236
f 2237 2361 2359
f 2237 2359 2235
f 2236 2360 2362
f 2236 2362 2238
f 2239 2363 2361
f 2239 2361 2237
f 2238 2362 2364
f 2238 2364 2240
f 2241 2365 2363
f 2241 2363 2239
f 2240 2364 2366
f 2240 2366 2242
f 2243 2367 2365
f 2243 2365 2241
f 2242 2366 2368
f 2242 2368 2244
f 2245 2369 2367
f 2245 2367 2243
f 2244 2368 2370
f 2244 2370 2246
f 2247 2371 2369
f 2247 2369 2245
f 2246 2370 2372
f 2246 2372 2248
f 2249 2373 2371
f 2249 2371 2247
f 2248 2372 2374
f 2248 2374 2250
f 2251 2375 2373
f 2251 2373 2249
f 2250 2374 2376
f 2250 2376 2252
f 2253 2377 2375
f 2253 2375 2251
f 2252 2376 2378
f 2252 2378 2254
f 2255 2379 2377
f 2255 2377 2253
f 2254 2378 2380
f 2254 2380 2256
f 2257 2381 2379
f 2257 2379 2255
f 2256 2380 2382
f 2256 2382 2258
f 2259 2383 2381
f 2259 2381 2257
f 2258 2382 2384
f 2258 2384 2260
f 2261 2385 2383
f 2261 2383 2259
f 2260 2384 2386
f 2260 2386 2262
f 2263 2387 2385
f 2263 2385 2261
f 2262 2386 2388
f 2262 2388 2264
f 2265 2389 2387
f 2265 2387 2263
f 2264 2388 2390
f 2264 2390 2266
f 2267 2391 2389
f 2267 2389 2265
f 2266 2390 2392
f 2266 2392 2268
f 2269 2393 2391
f 2269 2391 2267
f 2268 2392 2394
f 2268 2394 2270
f 2271 2395 2393
f 2271 2393 2269
f 2270 2394 2396
f 2270 2396 2272
f 2273 2397 2395
f 2273 2395 2271
f 2272 2396 2398
f 2272 2398 2274
f 2275 2399 2397
f 2275 2397 2273
f 2274 2398 2400
f 2274 2400 2276
f 2277 2401 2399
f 2277 2399 2275
f 2276 2400 2402
f 2276 2402 2278
f 2279 2403 2401
f 2279 2401 2277
f 2278 2402 2404
f 2278 2404 2280
f 2281 2405 2403
f 2281 2403 2279
f 2280 2404 2406
f 2280 2406 2282
f 2283 2407 2405
f 2283 2405 2281
f 2282 2406 2408
f 2282 2408 2284
f 2285 2409 2407
f 2285 2407 2283
f 2284 2408 2410
f 2284 2410 2286
f 2287 2411 2409
f 2287 2409 2285
f 2286 2410 2412
f 2286 2412 2288
f 2289 2413 2411
f 2289 2411 2287
f 2288 2412 2414
f 2288 2414 2290
f 2291 2415 2413
f 2291 2413 2289
f 2290 2414 2416
f 2290 2416 2292
f 2293 2417 2415
f 2293 2415 2291
f 2292 2416 2418
f 2292 2418 2294
f 2295 2419 2417
f 2295 2417 2293
f 2294 2418 2420
f 2294 2420 2296
f 2297 2421 2419
f 2297 2419 2295
f 2296 2420 2422
f 2296 2422 2298
f 2299 2423 2421
f 2299 2421 2297
f 2298 2422 2424
f 2298 2424 2300
f 2301 2425 2423
f 2301 2423 2299
f 2300 2424 2426
f 2300 2426 2302
f 2303 2427 2425
f 2303 2425 2301
f 2302 2426 2428
f 2302 2428 2304
f 2305 2429 2427
f 2305 2427 2303
f 2304 2428 2430
f 2304 2430 2306
f 2307 2431 2429
f 2307 2429 2305
f 2306 2430 2432
f 2306 2432 2308
f 2309 2433 2431
f 2309 2431 2307
f 2308 2432 2434
f 2308 2434 2310
f 2311 2435 2433
f 2311 2433 2309
f 2434 2436 2312
f 2434 2312 2310
f 2312 2436 2437
f 2312 2437 2313
f 2314 2438 2435
f 2314 2435 2311
f 2313 2437 2439
f 2313 2439 2315
f 2317 2316 2440
f 2317 2440 2441
f 2317 2441 2438
f 2317 2438 2314
f 2316 2318 2442
f 2316 2442 2440
f 2318 2319 2443
f 2318 2443 2442
f 2319 2320 2444
f 2319 2444 2443
f 2315 2439 2444
f 2315 2444 2320
f 2446 2445 2321
f 2446 2321 2322
f 2323 2447 2446
f 2323 2446 2322
f 2445 2448 2324
f 2445 2324 2321
f 2448 2449 2325
f 2448 2325 2324
f 2449 2450 2326
f 2449 2326 2325
f 2326 2450 2451
f 2326 2451 2327
f 2328 2452 2447
f 2328 2447 2323
f 2327 2451 2453
f 2327 2453 2329
f 2330 2454 2452
f 2330 2452 2328
f 2332 2331 2455
f 2332 2455 2456
f 2329 2453 2455
f 2329 2455 2331
f 2333 2457 2454
f 2333 2454 2330
f 2332 2456 2458
f 2332 2458 2334
f 2335 2459 2457
f 2335 2457 2333
f 2334 2458 2460
f 2334 2460 2336
f 2337 2461 2459
f 2337 2459 2335
f 2336 2460 2462
f 2336 2462 2338
f 2339 2463 2461
f 2339 2461 2337
f 2338 2462 2464
f 2338 2464 2340
f 2341 2465 2463
f 2341 2463 2339
f 2340 2464 2466
f 2340 2466 2342
f 2343 2467 2465
f 2343 2465 2341
f 2342 2466 2468
f 2342 2468 2344
f 2345 2469 2467
f 2345 2467 2343
f 2344 2468 2470
f 2344 2470 2346
f 2347 2471 2469
f 2347 2469 2345
f 2346 2470 2472
f 2346 2472 2348
f 2349 2473 2471
f 2349 2471 2347
f 2348 2472 2474
f 2348 2474 2350
f 2351 2475 2473
f 2351 2473 2349
f 2350 2474 2476
f 2350 2476 2352
f 2353 2477 2475
f 2353 2475 2351
f 2352 2476 2478
f 2352 2478 2354
f 2355 2479 2477
f 2355 2477 2353
f 2354 2478 2480
f 2354 2480 2356
f 2357 2481 2479
f 2357 2479 2355
f 2356 2480 2482
f 2356 2482 2358
f 2359 2483 2481
f 2359 2481 2357
f 2358 2482 2484
f 2358 2484 2360
f 2361 2485 2483
f 2361 2483 2359
f 2360 2484 2486
f 2360 2486 2362
f 2363 2487 2485
f 2363 2485 2361
f 2362 2486 2488
f 2362 2488 2364
f 2365 2489 2487
f 2365 2487 2363
f 2364 2488 2490
f 2364 2490 2366
f 2367 2491 2489
f 2367 2489 2365
f 2366 2490 2492
f 2366 2492 2368
f 2369 2493 2491
f 2369 2491 2367
f 2368 2492 2494
f 2368 2494 2370
f 2371 2495 2493
f 2371 2493 2369
f 2370 2494 2496
f 2370 2496 2372
f 2373 2497 2495
f 2373 2495 2371
f 2372 2496 2498
f 2372 2498 2374
f 2375 2499 2497
f 2375 2497 2373
f 2374 2498 2500
f 2374 2500 2376
f 2377 2501 2499
f 2377 2499 2375
f 2376 2500 2502
f 2376 2502 2378
f 2379 2503 2501
f 2379 2501 2377
f 2378 2502 2504
f 2378 2504 2380
f 2381 2505 2503
f 2381 2503 2379
f 2380 2504 2506
f 2380 2506 2382
f 2383 2507 2505
f 2383 2505 2381
f 2382 2506 2508
f 2382 2508 2384
f 2385 2509 2507
f 2385 2507 2383
f 2384 2508 2510
f 2384 2510 2386
f 2387 2511 2509
f 2387 2509 2385
f 2386 2510 2512
f 2386 2512 2388
f 2389 2513 2511
f 2389 2511 2387
f 2388 2512 2514
f 2388 2514 2390
f 2391 2515 2513
f 2391 2513 2389
f 2390 2514 2516
f 2390 2516 2392
f 2393 2517 2515
f 2393 2515 2391
f 2392 2516 2518
f 2392 2518 2394
f 2395 2519 2517
f 2395 2517 2393
f 2394 2518 2520
f 2394 2520 2396
f 2397 2521 2519
f 2397 2519 2395
f 2396 2520 2522
f 2396 2522 2398
f 2399 2523 2521
f 2399 2521 2397
f 2398 2522 2524
f 2398 2524 2400
f 2401 2525 2523
f 2401 2523 2399
f 2400 2524 2526
f 2400 2526 2402
f 2403 2527 2525
f 2403 2525 2401
f 2402 2526 2528
f 2402 2528 2404
f 2405 2529 2527
f 2405 2527 2403
f 2404 2528 2530
f 2404 2530 2406
f 2407 2531 2529
f 2407 2529 2405
f 2406 2530 2532
f 2406 2532 2408
f 2409 2533 2531
f 2409 2531 2407
f 2408 2532 2534
f 2408 2534 2410
f 2411 2535 2533
f 2411 2533 2409
f 2410 2534 2536
f 2410 2536 2412
f 2413 2537 2535
f 2413 2535 2411
f 2412 2536 2538
f 2412 2538 2414
f 2415 2539 2537
f 2415 2537 2413
f 2414 2538 2540
f 2414 2540 2416
f 2417 2541 2539
f 2417 2539 2415
f 2416 2540 2542
f 2416 2542 2418
f 2419 2543 2541
f 2419 2541 2417
f 2418 2542 2544
f 2418 2544 2420
f 2421 2545 2543
f 2421 2543 2419
f 2420 2544 2546
f 2420 2546 2422
f 2423 2547 2545
f 2423 2545 2421
f 2422 2546 2548
f 2422 2548 2424
f 2425 2549 2547
f 2425 2547 2423
f 2424 2548 2550
f 2424 2550 2426
f 2427 2551 2549
f 2427 2549 2425
f 2426 2550 2552
f 2426 2552 2428
f 2429 2553 2551
f 2429 2551 2427
f 2428 2552 2554
f 2428 2554 2430
f 2431 2555 2553
f 2431 2553 2429
f 2430 2554 2556
f 2430 2556 2432
f 2433 2557 2555
f 2433 2555 2431
f 2432 2556 2558
f 2432 2558 2434
f 2435 2559 2557
f 2435 2557 2433
f 2558 2560 2436
f 2558 2436 2434
f 2436 2560 2561
f 2436 2561 2437
f 2438 2562 2559
f 2438 2559 2435
f 2437 2561 2563
f 2437 2563 2439
f 2441 2440 2564
f 2441 2564 2565
f 2441 2565 2562
f 2441 2562 2438
f 2440 2442 2566
f 2440 2566 2564
f 2442 2443 2567
f 2442 2567 2566
f 2443 2444 2568
f 2443 2568 2567
f 2439 2563 2568
f 2439 2568 2444
f 2570 2569 2445
f 2570 2445 2446
f 2447 2571 2570
f 2447 2570 2446
f 2569 2572 2448
f 2569 2448 2445
f 2572 2573 2449
f 2572 2449 2448
f 2573 2574 2450
f 2573 2450 2449
f 2450 2574 2575
f 2450 2575 2451
f 2452 2576 2571
f 2452 2571 2447
f 2451 2575 2577
f 2451 2577 2453
f 2454 2578 2576
f 2454 2576 2452
f 2456 2455 2579
f 2456 2579 2580
f 2453 2577 2579
f 2453 2579 2455
f 2457 2581 2578
f 2457 2578 2454
f 2456 2580 2582
f 2456 2582 2458
f 2459 2583 2581
f 2459 2581 2457
f 2458 2582 2584
f 2458 2584 2460
f 2461 2585 2583
f 2461 2583 2459
f 2460 2584 2586
f 2460 2586 2462
f 2463 2587 2585
f 2463 2585 2461
f 2462 2586 2588
f 2462 2588 2464
f 2465 2589 2587
f 2465 2587 2463
f 2464 2588 2590
f 2464 2590 2466
f 2467 2591 2589
f 2467 2589 2465
f 2466 2590 2592
f 2466 2592 2468
f 2469 2593 2591
f 2469 2591 2467
f 2468 2592 2594
f 2468 2594 2470
f 2471 2595 2593
f 2471 2593 2469
f 2470 2594 2596
f 2470 2596 2472
f 2473 2597 2595
f 2473 2595 2471
f 2472 2596 2598
f 2472 2598 2474
f 2475 2599 2597
f 2475 2597 2473
f 2474 2598 2600
f 2474 2600 2476
f 2477 2601 2599
f 2477 2599 2475
f 2476 2600 2602
f 2476 2602 2478
f 2479 2603 2601
f 2479 2601 2477
f 2478 2602 2604
f 2478 2604 2480
f 2481 2605 2603
f 2481 2603 2479
f 2480 2604 2606
f 2480 2606 2482
f 2483 2607 2605
f 2483 2605 2481
f 2482 2606 2608
f 2482 2608 2484
f 2485 2609 2607
f 2485 2607 2483
f 2484 2608 2610
f 2484 2610 2486
f 2487 2611 2609
f 2487 2609 2485
f 2486 2610 2612
f 2486 2612 2488
f 2489 2613 2611
f 2489 2611 2487
f 2488 2612 2614
f 2488 2614 2490
f 2491 2615 2613
f 2491 2613 2489
f 2490 2614 2616
f 2490 2616 2492
f 2493 2617 2615
f 2493 2615 2491
f 2492 2616 2618
f 2492 2618 2494
f 2495 2619 2617
f 2495 2617 2493
f 2494 2618 2620
f 2494 2620 2496
f 2497 2621 2619
f 2497 2619 2495
f 2496 2620 2622
f 2496 2622 2498
f 2499 2623 2621
f 2499 2621 2497
f 2498 2622 2624
f 2498 2624 2500
f 2501 2625 2623
f 2501 2623 2499
f 2500 2624 2626
f 2500 2626 2502
f 2503 2627 2625
f 2503 2625 2501
f 2502 2626 2628
f 2502 2628 2504
f 2505 2629 2627
f 2505 2627 2503
f 2504 2628 2630
f 2504 2630 2506
f 2507 2631 2629
f 2507 2629 2505
f 2506 2630 2632
f 2506 2632 2508
f 2509 2633 2631
f 2509 2631 2507
f 2508 2632 2634
f 2508 2634 2510
f 2511 2635 2633
f 2511 2633 2509
f 2510 2634 2636
f 2510 2636 2512
f 2513 2637 2635
f 2513 2635 2511
f 2512 2636 2638
f 2512 2638 2514
f 2515 2639 2637
f 2515 2637 2513
f 2514 2638 2640
f 2514 2640 2516
f 2517 2641 2639
f 2517 2639 2515
f 2516 2640 2642
f 2516 2642 2518
f 2519 2643 2641
f 2519 2641 2517
f 2518 2642 2644
f 2518 2644 2520
f 2521 2645 2643
f 2521 2643 2519
f 2520 2644 2646
f 2520 2646 2522
f 2523 2647 2645
f 2523 2645 2521
f 2522 2646 2648
f 2522 2648 2524
f 2525 2649 2647
f 2525 2647 2523
f 2524 2648 2650
f 2524 2650 2526
f 2527 2651 2649
f 2527 2649 2525
f 2526 2650 2652
f 2526 2652 2528
f 2529 2653 2651
f 2529 2651 2527
f 2528 2652 2654
f 2528 2654 2530
f 2531 2655 2653
f 2531 2653 2529
f 2530 2654 2656
f 2530 2656 2532
f 2533 2657 2655
f 2533 2655 2531
f 2532 2656 2658
f 2532 2658 2534
f 2535 2659 2657
f 2535 2657 2533
f 2534 2658 2660
f 2534 2660 2536
f 2537 2661 2659
f 2537 2659 2535
f 2536 2660 2662
f 2536 2662 2538
f 2539 2663 2661
f 2539 2661 2537
f 2538 2662 2664
f 2538 2664 2540
f 2541 2665 2663
f 2541 2663 2539
f 2540 2664 2666
f 2540 2666 2542
f 2543 2667 2665
f 2543 2665 2541
f 2542 2666 2668
f 2542 2668 2544
f 2545 2669 2667
f 2545 2667 2543
f 2544 2668 2670
f 2544 2670 2546
f 2547 2671 2669
f 2547 2669 2545
f 2546 2670 2672
f 2546 2672 2548
f 2549 2673 2671
f 2549 2671 2547
f 2548 2672 2674
f 2548 2674 2550
f 2551 2675 2673
f 2551 2673 2549
f 2550 2674 2676
f 2550 2676 2552
f 2553 2677 2675
f 2553 2675 2551
f 2552 2676 2678
f 2552 2678 2554
f 2555 2679 2677
f 2555 2677 2553
f 2554 2678 2680
f 2554 2680 2556
f 2557 2681 2679
f 2557 2679 2555
f 2556 2680 2682
f 2556 2682 2558
f 2559 2683 2681
f 2559 2681 2557
f 2682 2684 2560
f 2682 2560 2558
f 2560 2684 2685
f 2560 2685 2561
f 2562 2686 2683
f 2562 2683 2559
f 2561 2685 2687
f 2561 2687 2563
f 2565 2564 2688
f 2565 2688 2689
f 2565 2689 2686
f 2565 2686 2562
f 2564 2566 2690
f 2564 2690 2688
f 2566 2567 2691
f 2566 2691 2690
f 2567 2568 2692
f 2567 2692 2691
f 2563 2687 2692
f 2563 2692 2568
f 2694 2693 2569
f 2694 2569 2570
f 2571 2695 2694
f 2571 2694 2570
f 2693 2696 2572
f 2693 2572 2569
f 2696 2697 2573
f 2696 2573 2572
f 2697 2698 2574
f 2697 2574 2573
f 2574 2698 2699
f 2574 2699 2575
f 2576 2700 2695
f 2576 2695 2571
f 2575 2699 2701
f 2575 2701 2577
f 2578 2702 2700
f 2578 2700 2576
f 2580 2579 2703
f 2580 2703 2704
f 2577 2701 2703
f 2577 2703 2579
f 2581 2705 2702
f 2581 2702 2578
f 2580 2704 2706
f 2580 2706 2582
f 2583 2707 2705
f 2583 2705 2581
f 2582 2706 2708
f 2582 2708 2584
f 2585 2709 2707
f 2585 2707 2583
f 2584 2708 2710
f 2584 2710 2586
f 2587 2711 2709
f 2587 2709 2585
f 2586 2710 2712
f 2586 2712 2588
f 2589 2713 2711
f 2589 2711 2587
f 2588 2712 2714
f 2588 2714 2590
f 2591 2715 2713
f 2591 2713 2589
f 2590 2714 2716
f 2590 2716 2592
f 2593 2717 2715
f 2593 2715 2591
f 2592 2716 2718
f 2592 2718 2594
f 2595 2719 2717
f 2595 2717 2593
f 2594 2718 2720
f 2594 2720 2596
f 2597 2721 2719
f 2597 2719 2595
f 2596 2720 2722
f 2596 2722 2598
f 2599 2723 2721
f 2599 2721 2597
f 2598 2722 2724
f 2598 2724 2600
f 2601 2725 2723
f 2601 2723 2599
f 2600 2724 2726
f 2600 2726 2602
f 2603 2727 2725
f 2603 2725 2601
f 2602 2726 2728
f 2602 2728 2604
f 2605 2729 2727
f 2605 2727 2603
f 2604 2728 2730
f 2604 2730 2606
f 2607 2731 2729
f 2607 2729 2605
f 2606 2730 2732
f 2606 2732 2608
f 2609 2733 2731
f 2609 2731 2607
f 2608 2732 2734
f 2608 2734 2610
f 2611 2735 2733
f 2611 2733 2609
f 2610 2734 2736
f 2610 2736 2612
f 2613 2737 2735
f 2613 2735 2611
f 2612 2736 2738
f 2612 2738 2614
f 2615 2739 2737
f 2615 2737 2613
f 2614 2738 2740
f 2614 2740 2616
f 2617 2741 2739
f 2617 2739 2615
f 2616 2740 2742
f 2616 2742 2618
f 2619 2743 2741
f 2619 2741 2617
f 2618 2742 2744
f 2618 2744 2620
f 2621 2745 2743
f 2621 2743 2619
f 2620 2744 2746
f 2620 2746 2622
f 2623 2747 2745
f 2623 2745 2621
f 2622 2746 2748
f 2622 2748 2624
f 2625 2749 2747
f 2625 2747 2623
f 2624 2748 2750
f 2624 2750 2626
f 2627 2751 2749
f 2627 2749 2625
f 2626 2750 2752
f 2626 2752 2628
f 2629 2753 2751
f 2629 2751 2627
f 2628 2752 2754
f 2628 2754 2630
f 2631 2755 2753
f 2631 2753 2629
f 2630 2754 2756
f 2630 2756 2632
f 2633 2757 2755
f 2633 2755 2631
f 2632 2756 2758
f 2632 2758 2634
f 2635 2759 2757
f 2635 2757 2633
f 2634 2758 2760
f 2634 2760 2636
f 2637 2761 2759
f 2637 2759 2635
f 2636 2760 2762
f 2636 2762 2638
f 2639 2763 2761
f 2639 2761 2637
f 2638 2762 2764
f 2638 2764 2640
f 2641 2765 2763
f 2641 2763 2639
f 2640 2764 2766
f 2640 2766 2642
f 2643 2767 2765
f 2643 2765 2641
f 2642 2766 2768
f 2642 2768 2644
f 2645 2769 2767
f 2645 2767 2643
f 2644 2768 2770
f 2644 2770 2646
f 2647 2771 2769
f 2647 2769 2645
f 2646 2770 2772
f 2646 2772 2648
f 2649 2773 2771
f 2649 2771 2647
f 2648 2772 2774
f 2648 2774 2650
f 2651 2775 2773
f 2651 2773 2649
f 2650 2774 2776
f 2650 2776 2652
f 2653 2777 2775
f 2653 2775 2651
f 2652 2776 2778
f 2652 2778 2654
f 2655 2779 2777
f 2655 2777 2653
f 2654 2778 2780
f 2654 2780 2656
f 2657 2781 2779
f 2657 2779 2655
f 2656 2780 2782
f 2656 2782 2658
f 2659 2783 2781
f 2659 2781 2657
f 2658 2782 2784
f 2658 2784 2660
f 2661 2785 2783
f 2661 2783 2659
f 2660 2784 2786
f 2660 2786 2662
f 2663 2787 2785
f 2663 2785 2661
f 2662 2786 2788
f 2662 2788 2664
f 2665 2789 2787
f 2665 2787 2663
f 2664 2788 2790
f 2664 2790 2666
f 2667 2791 2789
f 2667 2789 2665
f 2666 2790 2792
f 2666 2792 2668
f 2669 2793 2791
f 2669 2791 2667
f 2668 2792 2794
f 2668 2794 2670
f 2671 2795 2793
f 2671 2793 2669
f 2670 2794 2796
f 2670 2796 2672
f 2673 2797 2795
f 2673 2795 2671
f 2672 2796 2798
f 2672 2798 2674
f 2675 2799 2797
f 2675 2797 2673
f 2674 2798 2800
f 2674 2800 2676
f 2677 2801 2799
f 2677 2799 2675
f 2676 2800 2802
f 2676 2802 2678
f 2679 2803 2801
f 2679 2801 2677
f 2678 2802 2804
f 2678 2804 2680
f 2681 2805 2803
f 2681 2803 2679
f 2680 2804 2806
f 2680 2806 2682
f 2683 2807 2805
f 2683 2805 2681
f 2806 2808 2684
f 2806 2684 2682
f 2684 2808 2809
f 2684 2809 2685
f 2686 2810 2807
f 2686 2807 2683
f 2685 2809 2811
f 2685 2811 2687
f 2689 2688 2812
f 2689 2812 2813
f 2689 2813 2810
f 2689 2810 2686
f 2688 2690 2814
f 2688 2814 2812
f 2690 2691 2815
f 2690 2815 2814
f 2691 2692 2816
f 2691 2816 2815
f 2687 2811 2816
f 2687 2816 2692
f 2818 2817 2693
f 2818 2693 2694
f 2695 2819 2818
f 2695 2818 2694
f 2817 2820 2696
f 2817 2696 2693
f 2820 2821 2697
f 2820 2697 2696
f 2821 2822 2698
f 2821 2698 2697
f 2698 2822 2823
f 2698 2823 2699
f 2700 2824 2819
f 2700 2819 2695
f 2699 2823 2825
f 2699 2825 2701
f 2702 2826 2824
f 2702 2824 2700
f 2704 2703 2827
f 2704 2827 2828
f 2701 2825 2827
f 2701 2827 2703
f 2705 2829 2826
f 2705 2826 2702
f 2704 2828 2830
f 2704 2830 2706
f 2707 2831 2829
f 2707 2829 2705
f 2706 2830 2832
f 2706 2832 2708
f 2709 2833 2831
f 2709 2831 2707
f 2708 2832 2834
f 2708 2834 2710
f 2711 2835 2833
f 2711 2833 2709
f 2710 2834 2836
f 2710 2836 2712
f 2713 2837 2835
f 2713 2835 2711
f 2712 2836 2838
f 2712 2838 2714
f 2715 2839 2837
f 2715 2837 2713
f 2714 2838 2840
f 2714 2840 2716
f 2717 2841 2839
f 2717 2839 2715
f 2716 2840 2842
f 2716 2842 2718
f 2719 2843 2841
f 2719 2841 2717
f 2718 2842 2844
f 2718 2844 2720
f 2721 2845 2843
f 2721 2843 2719
f 2720 2844 2846
f 2720 2846 2722
f 2723 2847 2845
f 2723 2845 2721
f 2722 2846 2848
f 2722 2848 2724
f 2725 2849 2847
f 2725 2847 2723
f 2724 2848 2850
f 2724 2850 2726
f 2727 2851 2849
f 2727 2849 2725
f 2726 2850 2852
f 2726 2852 2728
f 2729 2853 2851
f 2729 2851 2727
f 2728 2852 2854
f 2728 2854 2730
f 2731 2855 2853
f 2731 2853 2729
f 2730 2854 2856
f 2730 2856 2732
f 2733 2857 2855
f 2733 2855 2731
f 2732 2856 2858
f 2732 2858 2734
f 2735 2859 2857
f 2735 2857 2733
f 2734 2858 2860
f 2734 2860 2736
f 2737 2861 2859
f 2737 2859 2735
f 2736 2860 2862
f 2736 2862 2738
f 2739 2863 2861
f 2739 2861 2737
f 2738 2862 2864
f 2738 2864 2740
f 2741 2865 2863
f 2741 2863 2739
f 2740 2864 2866
f 2740 2866 2742
f 2743 2867 2865
f 2743 2865 2741
f 2742 2866 2868
f 2742 2868 2744
f 2745 2869 2867
f 2745 2867 2743
f 2744 2868 2870
f 2744 2870 2746
f 2747 2871 2869
f 2747 2869 2745
f 2746 2870 2872
f 2746 2872 2748
f 2749 2873 2871
f 2749 2871 2747
f 2748 2872 2874
f 2748 2874 2750
f 2751 2875 2873
f 2751 2873 2749
f 2750 2874 2876
f 2750 2876 2752
f 2753 2877 2875
f 2753 2875 2751
f 2752 2876 2878
f 2752 2878 2754
f 2755 2879 2877
f 2755 2877 2753
f 2754 2878 2880
f 2754 2880 2756
f 2757 2881 2879
f 2757 2879 2755
f 2756 2880 2882
f 2756 2882 2758
f 2759 2883 2881
f 2759 2881 2757
f 2758 2882 2884
f 2758 2884 2760
f 2761 2885 2883
f 2761 2883 2759
f 2760 2884 2886
f 2760 2886 2762
f 2763 2887 2885
f 2763 2885 2761
f 2762 2886 2888
f 2762 2888 2764
f 2765 2889 2887
f 2765 2887 2763
f 2764 2888 2890
f 2764 2890 2766
f 2767 2891 2889
f 2767 2889 2765
f 2766 2890 2892
f 2766 2892 2768
f 2769 2893 2891
f 2769 2891 2767
f 2768 2892 2894
f 2768 2894 2770
f 2771 2895 2893
f 2771 2893 2769
f 2770 2894 2896
f 2770 2896 2772
f 2773 2897 2895
f 2773 2895 2771
f 2772 2896 2898
f 2772 2898 2774
f 2775 2899 2897
f 2775 2897 2773
f 2774 2898 2900
f 2774 2900 2776
f 2777 2901 2899
f 2777 2899 2775
f 2776 2900 2902
f 2776 2902 2778
f 2779 2903 2901
f 2779 2901 2777
f 2778 2902 2904
f 2778 2904 2780
f 2781 2905 2903
f 2781 2903 2779
f 2780 2904 2906
f 2780 2906 2782
f 2783 2907 2905
f 2783 2905 2781
f 2782 2906 2908
f 2782 2908 2784
f 2785 2909 2907
f 2785 2907 2783
f 2784 2908 2910
f 2784 2910 2786
f 2787 2911 2909
f 2787 2909 2785
f 2786 2910 2912
f 2786 2912 2788
f 2789 2913 2911
f 2789 2911 2787
f 2788 2912 2914
f 2788 2914 2790
f 2791 2915 2913
f 2791 2913 2789
f 2790 2914 2916
f 2790 2916 2792
f 2793 2917 2915
f 2793 2915 2791
f 2792 2916 2918
f 2792 2918 2794
f 2795 2919 2917
f 2795 2917 2793
f 2794 2918 2920
f 2794 2920 2796
f 2797 2921 2919
f 2797 2919 2795
f 2796 2920 2922
f 2796 2922 2798
f 2799 2923 2921
f 2799 2921 2797
f 2798 2922 2924
f 2798 2924 2800
f 2801 2925 2923
f 2801 2923 2799
f 2800 2924 2926
f 2800 2926 2802
f 2803 2927 2925
f 2803 2925 2801
f 2802 2926 2928
f 2802 2928 2804
f 2805 2929 2927
f 2805 2927 2803
f 2804 2928 2930
f 2804 2930 2806
f 2807 2931 2929
f 2807 2929 2805
f 2930 2932 2808
f 2930 2808 2806
f 2808 2932 2933
f 2808 2933 2809
f 2810 2934 2931
f 2810 2931 2807
f 2809 2933 2935
f 2809 2935 2811
f 2813 2812 2936
f 2813 2936 2937
f 2813 2937 2934
f 2813 2934 2810
f 2812 2814 2938
f 2812 2938 2936
f 2814 2815 2939
f 2814 2939 2938
f 2815 2816 2940
f 2815 2940 2939
f 2811 2935 2940
f 2811 2940 2816
f 2942 2941 2817
f 2942 2817 2818
f 2819 2943 2942
f 2819 2942 2818
f 2941 2944 2820
f 2941 2820 2817
f 2944 2945 2821
f 2944 2821 2820
f 2945 2946 2822
f 2945 2822 2821
f 2822 2946 2947
f 2822 2947 2823
f 2824 2948 2943
f 2824 2943 2819
f 2823 2947 2949
f 2823 2949 2825
f 2826 2950 2948
f 2826 2948 2824
f 2828 2827 2951
f 2828 2951 2952
f 2825 2949 2951
f 2825 2951 2827
f 2829 2953 2950
f 2829 2950 2826
f 2828 2952 2954
f 2828 2954 2830
f 2831 2955 2953
f 2831 2953 2829
f 2830 2954 2956
f 2830 2956 2832
f 2833 2957 2955
f 2833 2955 2831
f 2832 2956 2958
f 2832 2958 2834
f 2835 2959 2957
f 2835 2957 2833
f 2834 2958 2960
f 2834 2960 2836
f 2837 2961 2959
f 2837 2959 2835
f 2836 2960 2962
f 2836 2962 2838
f 2839 2963 2961
f 2839 2961 2837
f 2838 2962 2964
f 2838 2964 2840
f 2841 2965 2963
f 2841 2963 2839
f 2840 2964 2966
f 2840 2966 2842
f 2843 2967 2965
f 2843 2965 2841
f 2842 2966 2968
f 2842 2968 2844
f 2845 2969 2967
f 2845 2967 2843
f 2844 2968 2970
f 2844 2970 2846
f 2847 2971 2969
f 2847 2969 2845
f 2846 2970 2972
f 2846 2972 2848
f 2849 2973 2971
f 2849 2971 2847
f 2848 2972 2974
f 2848 2974 2850
f 2851 2975 2973
f 2851 2973 2849
f 2850 2974 2976
f 2850 2976 2852
f 2853 2977 2975
f 2853 2975 2851
f 2852 2976 2978
f 2852 2978 2854
f 2855 2979 2977
f 2855 2977 2853
f 2854 2978 2980
f 2854 2980 2856
f 2857 2981 2979
f 2857 2979 2855
f 2856 2980 2982
f 2856 2982 2858
f 2859 2983 2981
f 2859 2981 2857
f 2858 2982 2984
f 2858 2984 2860
f 2861 2985 2983
f 2861 2983 2859
f 2860 2984 2986
f 2860 2986 2862
f 2863 2987 2985
f 2863 2985 2861
f 2862 2986 2988
f 2862 2988 2864
f 2865 2989 2987
f 2865 2987 2863
f 2864 2988 2990
f 2864 2990 2866
f 2867 2991 2989
f 2867 2989 2865
f 2866 2990 2992
f 2866 2992 2868
f 2869 2993 2991
f 2869 2991 2867
f 2868 2992 2994
f 2868 2994 2870
f 2871 2995 2993
f 2871 2993 2869
f 2870 2994 2996
f 2870 2996 2872
f 2873 2997 2995
f 2873 2995 2871
f 2872 2996 2998
f 2872 2998 2874
f 2875 2999 2997
f 2875 2997 2873
f 2874 2998 3000
f 2874 3000 2876
f 2877 3001 2999
f 2877 2999 2875
f 2876 3000 3002
f 2876 3002 2878
f 2879 3003 3001
f 2879 3001 2877
f 2878 3002 3004
f 2878 3004 2880
f 2881 3005 3003
f 2881 3003 2879
f 2880 3004 3006
f 2880 3006 2882
f 2883 3007 3005
f 2883 3005 2881
f 2882 3006 3008
f 2882 3008 2884
f 2885 3009 3007
f 2885 3007 2883
f 2884 3008 3010
f 2884 3010 2886
f 2887 3011 3009
f 2887 3009 2885
f 2886 3010 3012
f 2886 3012 2888
f 2889 3013 3011
f 2889 3011 2887
f 2888 3012 3014
f 2888 3014 2890
f 2891 3015 3013
f 2891 3013 2889
f 2890 3014 3016
f 2890 3016 2892
f 2893 3017 3015
f 2893 3015 2891
f 2892 3016 3018
f 2892 3018 2894
f 2895 3019 3017
f 2895 3017 2893
f 2894 3018 3020
f 2894 3020 2896
f 2897 3021 3019
f 2897 3019 2895
f 2896 3020 3022
f 2896 3022 2898
f 2899 3023 3021
f 2899 3021 2897
f 2898 3022 3024
f 2898 3024 2900
f 2901 3025 3023
f 2901 3023 2899
f 2900 3024 3026
f 2900 3026 2902
f 2903 3027 3025
f 2903 3025 2901
f 2902 3026 3028
f 2902 3028 2904
f 2905 3029 3027
f 2905 3027 2903
f 2904 3028 3030
f 2904 3030 2906
f 2907 3031 3029
f 2907 3029 2905
f 2906 3030 3032
f 2906 3032 2908
f 2909 3033 3031
f 2909 3031 2907
f 2908 3032 3034
f 2908 3034 2910
f 2911 3035 3033
f 2911 3033 2909
f 2910 3034 3036
f 2910 3036 2912
f 2913 3037 3035
f 2913 3035 2911
f 2912 3036 3038
f 2912 3038 2914
f 2915 3039 3037
f 2915 3037 2913
f 2914 3038 3040
f 2914 3040 2916
f 2917 3041 3039
f 2917 3039 2915
f 2916 3040 3042
f 2916 3042 2918
f 2919 3043 3041
f 2919 3041 2917
f 2918 3042 3044
f 2918 3044 2920
f 2921 3045 3043
f 2921 3043 2919
f 2920 3044 3046
f 2920 3046 2922
f 2923 3047 3045
f 2923 3045 2921
f 2922 3046 3048
f 2922 3048 2924
f 2925 3049 3047
f 2925 3047 2923
f 2924 3048 3050
f 2924 3050 2926
f 2927 3051 3049
f 2927 3049 2925
f 2926 3050 3052
f 2926 3052 2928
f 2929 3053 3051
f 2929 3051 2927
f 2928 3052 3054
f 2928 3054 2930
f 2931 3055 3053
f 2931 3053 2929
f 3054 3056 2932
f 3054 2932 2930
f 2932 3056 3057
f 2932 3057 2933
f 2934 3058 3055
f 2934 3055 2931
f 2933 3057 3059
f 2933 3059 2935
f 2937 2936 3060
f 2937 3060 3061
f 2937 3061 3058
f 2937 3058 2934
f 2936 2938 3062
f 2936 3062 3060
f 2938 2939 3063
f 2938 3063 3062
f 2939 2940 3064
f 2939 3064 3063
f 2935 3059 3064
f 2935 3064 2940
f 3066 3065 2941
f 3066 2941 2942
f 2943 3067 3066
f 2943 3066 2942
f 3065 3068 2944
f 3065 2944 2941
f 3068 3069 2945
f 3068 2945 2944
f 3069 3070 2946
f 3069 2946 2945
f 2946 3070 3071
f 2946 3071 2947
f 2948 3072 3067
f 2948 3067 2943
f 2947 3071 3073
f 2947 3073 2949
f 2950 3074 3072
f 2950 3072 2948
f 2952 2951 3075
f 2952 3075 3076
f 2949 3073 3075
f 2949 3075 2951
f 2953 3077 3074
f 2953 3074 2950
f 2952 3076 3078
f 2952 3078 2954
f 2955 3079 3077
f 2955 3077 2953
f 2954 3078 3080
f 2954 3080 2956
f 2957 3081 3079
f 2957 3079 2955
f 2956 3080 3082
f 2956 3082 2958
f 2959 3083 3081
f 2959 3081 2957
f 2958 3082 3084
f 2958 3084 2960
f 2961 3085 3083
f 2961 3083 2959
f 2960 3084 3086
f 2960 3086 2962
f 2963 3087 3085
f 2963 3085 2961
f 2962 3086 3088
f 2962 3088 2964
f 2965 3089 3087
f 2965 3087 2963
f 2964 3088 3090
f 2964 3090 2966
f 2967 3091 3089
f 2967 3089 2965
f 2966 3090 3092
f 2966 3092 2968
f 2969 3093 3091
f 2969 3091 2967
f 2968 3092 3094
f 2968 3094 2970
f 2971 3095 3093
f 2971 3093 2969
f 2970 3094 3096
f 2970 3096 2972
f 2973 3097 3095
f 2973 3095 2971
f 2972 3096 3098
f 2972 3098 2974
f 2975 3099 3097
f 2975 3097 2973
f 2974 3098 3100
f 2974 3100 2976
f 2977 3101 3099
f 2977 3099 2975
f 2976 3100 3102
f 2976 3102 2978
f 2979 3103 3101
f 2979 3101 2977
f 2978 3102 3104
f 2978 3104 2980
f 2981 3105 3103
f 2981 3103 2979
f 2980 3104 3106
f 2980 3106 2982
f 2983 3107 3105
f 2983 3105 2981
f 2982 3106 3108
f 2982 3108 2984
f 2985 3109 3107
f 2985 3107 2983
f 2984 3108 3110
f 2984 3110 2986
f 2987 3111 3109
f 2987 3109 2985
f 2986 3110 3112
f 2986 3112 2988
f 2989 3113 3111
f 2989 3111 2987
f 2988 3112 3114
f 2988 3114 2990
f 2991 3115 3113
f 2991 3113 2989
f 2990 3114 3116
f 2990 3116 2992
f 2993 3117 3115
f 2993 3115 2991
f 2992 3116 3118
f 2992 3118 2994
f 2995 3119 3117
f 2995 3117 2993
f 2994 3118 3120
f 2994 3120 2996
f 2997 3121 3119
f 2997 3119 2995
f 2996 3120 3122
f 2996 3122 2998
f 2999 3123 3121
f 2999 3121 2997
f 2998 3122 3124
f 2998 3124 3000
f 3001 3125 3123
f 3001 3123 2999
f 3000 3124 3126
f 3000 3126 3002
f 3003 3127 3125
f 3003 3125 3001
f 3002 3126 3128
f 3002 3128 3004
f 3005 3129 3127
f 3005 3127 3003
f 3004 3128 3130
f 3004 3130 3006
f 3007 3131 3129
f 3007 3129 3005
f 3006 3130 3132
f 3006 3132 3008
f 3009 3133 3131
f 3009 3131 3007
f 3008 3132 3134
f 3008 3134 3010
f 3011 3135 3133
f 3011 3133 3009
f 3010 3134 3136
f 3010 3136 3012
f 3013 3137 3135
f 3013 3135 3011
f 3012 3136 3138
f 3012 3138 3014
f 3015 3139 3137
f 3015 3137 3013
f 3014 3138 3140
f 3014 3140 3016
f 3017 3141 3139
f 3017 3139 3015
f 3016 3140 3142
f 3016 3142 3018
f 3019 3143 3141
f 3019 3141 3017
f 3018 3142 3144
f 3018 3144 3020
f 3021 3145 3143
f 3021 3143 3019
f 3020 3144 3146
f 3020 3146 3022
f 3023 3147 3145
f 3023 3145 3021
f 3022 3146 3148
f 3022 3148 3024
f 3025 3149 3147
f 3025 3147 3023
f 3024 3148 3150
f 3024 3150 3026
f 3027 3151 3149
f 3027 3149 3025
f 3026 3150 3152
f 3026 3152 3028
f 3029 3153 3151
f 3029 3151 3027
f 3028 3152 3154
f 3028 3154 3030
f 3031 3155 3153
f 3031 3153 3029
f 3030 3154 3156
f 3030 3156 3032
f 3033 3157 3155
f 3033 3155 3031
f 3032 3156 3158
f 3032 3158 3034
f 3035 3159 3157
f 3035 3157 3033
f 3034 3158 3160
f 3034 3160 3036
f 3037 3161 3159
f 3037 3159 3035
f 3036 3160 3162
f 3036 3162 3038
f 3039 3163 3161
f 3039 3161 3037
f 3038 3162 3164
f 3038 3164 3040
f 3041 3165 3163
f 3041 3163 3039
f 3040 3164 3166
f 3040 3166 3042
f 3043 3167 3165
f 3043 3165 3041
f 3042 3166 3168
f 3042 3168 3044
f 3045 3169 3167
f 3045 3167 3043
f 3044 3168 3170
f 3044 3170 3046
f 3047 3171 3169
f 3047 3169 3045
f 3046 3170 3172
f 3046 3172 3048
f 3049 3173 3171
f 3049 3171 3047
f 3048 3172 3174
f 3048 3174 3050
f 3051 3175 3173
f 3051 3173 3049
f 3050 3174 3176
f 3050 3176 3052
f 3053 3177 3175
f 3053 3175 3051
f 3052 3176 3178
f 3052 3178 3054
f 3055 3179 3177
f 3055 3177 3053
f 3178 3180 3056
f 3178 3056 3054
f 3056 3180 3181
f 3056 3181 3057
f 3058 3182 3179
f 3058 3179 3055
f 3057 3181 3183
f 3057 3183 3059
f 3061 3060 3184
f 3061 3184 3185
f 3061 3185 3182
f 3061 3182 3058
f 3060 3062 3186
f 3060 3186 3184
f 3062 3063 3187
f 3062 3187 3186
f 3063 3064 3188
f 3063 3188 3187
f 3059 3183 3188
f 3059 3188 3064
f 3190 3189 3065
f 3190 3065 3066
f 3067 3191 3190
f 3067 3190 3066
f 3189 3192 3068
f 3189 3068 3065
f 3192 3193 3069
f 3192 3069 3068
f 3193 3194 3070
f 3193 3070 3069
f 3070 3194 3195
f 3070 3195 3071
f 3072 3196 3191
f 3072 3191 3067
f 3071 3195 3197
f 3071 3197 3073
f 3074 3198 3196
f 3074 3196 3072
f 3076 3075 3199
f 3076 3199 3200
f 3073 3197 3199
f 3073 3199 3075
f 3077 3201 3198
f 3077 3198 3074
f 3076 3200 3202
f 3076 3202 3078
f 3079 3203 3201
f 3079 3201 3077
f 3078 3202 3204
f 3078 3204 3080
f 3081 3205 3203
f 3081 3203 3079
f 3080 3204 3206
f 3080 3206 3082
f 3083 3207 3205
f 3083 3205 3081
f 3082 3206 3208
f 3082 3208 3084
f 3085 3209 3207
f 3085 3207 3083
f 3084 3208 3210
f 3084 3210 3086
f 3087 3211 3209
f 3087 3209 3085
f 3086 3210 3212
f 3086 3212 3088
f 3089 3213 3211
f 3089 3211 3087
f 3088 3212 3214
f 3088 3214 3090
f 3091 3215 3213
f 3091 3213 3089
f 3090 3214 3216
f 3090 3216 3092
f 3093 3217 3215
f 3093 3215 3091
f 3092 3216 3218
f 3092 3218 3094
f 3095 3219 3217
f 3095 3217 3093
f 3094 3218 3220
f 3094 3220 3096
f 3097 3221 3219
f 3097 3219 3095
f 3096 3220 3222
f 3096 3222 3098
f 3099 3223 3221
f 3099 3221 3097
f 3098 3222 3224
f 3098 3224 3100
f 3101 3225 3223
f 3101 3223 3099
f 3100 3224 3226
f 3100 3226 3102
f 3103 3227 3225
f 3103 3225 3101
f 3102 3226 3228
f 3102 3228 3104
f 3105 3229 3227
f 3105 3227 3103
f 3104 3228 3230
f 3104 3230 3106
f 3107 3231 3229
f 3107 3229 3105
f 3106 3230 3232
f 3106 3232 3108
f 3109 3233 3231
f 3109 3231 3107
f 3108 3232 3234
f 3108 3234 3110
f 3111 3235 3233
f 3111 3233 3109
f 3110 3234 3236
f 3110 3236 3112
f 3113 3237 3235
f 3113 3235 3111
f 3112 3236 3238
f 3112 3238 3114
f 3115 3239 3237
f 3115 3237 3113
f 3114 3238 3240
f 3114 3240 3116
f 3117 3241 3239
f 3117 3239 3115
f 3116 3240 3242
f 3116 3242 3118
f 3119 3243 3241
f 3119 3241 3117
f 3118 3242 3244
f 3118 3244 3120
f 3121 3245 3243
f 3121 3243 3119
f 3120 3244 3246
f 3120 3246 3122
f 3123 3247 3245
f 3123 3245 3121
f 3122 3246 3248
f 3122 3248 3124
f 3125 3249 3247
f 3125 3247 3123
f 3124 3248 3250
f 3124 3250 3126
f 3127 3251 3249
f 3127 3249 3125
f 3126 3250 3252
f 3126 3252 3128
f 3129 3253 3251
f 3129 3251 3127
f 3128 3252 3254
f 3128 3254 3130
f 3131 3255 3253
f 3131 3253 3129
f 3130 3254 3256
f 3130 3256 3132
f 3133 3257 3255
f 3133 3255 3131
f 3132 3256 3258
f 3132 3258 3134
f 3135 3259 3257
f 3135 3257 3133
f 3134 3258 3260
f 3134 3260 3136
f 3137 3261 3259
f 3137 3259 3135
f 3136 3260 3262
f 3136 3262 3138
f 3139 3263 3261
f 3139 3261 3137
f 3138 3262 3264
f 3138 3264 3140
f 3141 3265 3263
f 3141 3263 3139
f 3140 3264 3266
f 3140 3266 3142
f 3143 3267 3265
f 3143 3265 3141
f 3142 3266 3268
f 3142 3268 3144
f 3145 3269 3267
f 3145 3267 3143
f 3144 3268 3270
f 3144 3270 3146
f 3147 3271 3269
f 3147 3269 3145
f 3146 3270 3272
f 3146 3272 3148
f 3149 3273 3271
f 3149 3271 3147
f 3148 3272 3274
f 3148 3274 3150
f 3151 3275 3273
f 3151 3273 3149
f 3150 3274 3276
f 3150 3276 3152
f 3153 3277 3275
f 3153 3275 3151
f 3152 3276 3278
f 3152 3278 3154
f 3155 3279 3277
f 3155 3277 3153
f 3154 3278 3280
f 3154 3280 3156
f 3157 3281 3279
f 3157 3279 3155
f 3156 3280 3282
f 3156 3282 3158
f 3159 3283 3281
f 3159 3281 3157
f 3158 3282 3284
f 3158 3284 3160
f 3161 3285 3283
f 3161 3283 3159
f 3160 3284 3286
f 3160 3286 3162
f 3163 3287 3285
f 3163 3285 3161
f 3162 3286 3288
f 3162 3288 3164
f 3165 3289 3287
f 3165 3287 3163
f 3164 3288 3290
f 3164 3290 3166
f 3167 3291 3289
f 3167 3289 3165
f 3166 3290 3292
f 3166 3292 3168
f 3169 3293 3291
f 3169 3291 3167
f 3168 3292 3294
f 3168 3294 3170
f 3171 3295 3293
f 3171 3293 3169
f 3170 3294 3296
f 3170 3296 3172
f 3173 3297 3295
f 3173 3295 3171
f 3172 3296 3298
f 3172 3298 3174
f 3175 3299 3297
f 3175 3297 3173
f 3174 3298 3300
f 3174 3300 3176
f 3177 3301 3299
f 3177 3299 3175
f 3176 3300 3302
f 3176 3302 3178
f 3179 3303 3301
f 3179 3301 3177
f 3302 3304 3180
f 3302 3180 3178
f 3180 3304 3305
f 3180 3305 3181
f 3182 3306 3303
f 3182 3303 3179
f 3181 3305 3307
f 3181 3307 3183
f 3185 3184 3308
f 3185 3308 3309
f 3185 3309 3306
f 3185 3306 3182
f 3184 3186 3310
f 3184 3310 3308
f 3186 3187 3311
f 3186 3311 3310
f 3187 3188 3312
f 3187 3312 3311
f 3183 3307 3312
f 3183 3312 3188
f 3314 3313 3189
f 3314 3189 3190
f 3191 3315 3314
f 3191 3314 3190
f 3313 3316 3192
f 3313 3192 3189
f 3316 3317 3193
f 3316 3193 3192
f 3317 3318 3194
f 3317 3194 3193
f 3194 3318 3319
f 3194 3319 3195
f 3196 3320 3315
f 3196 3315 3191
f 3195 3319 3321
f 3195 3321 3197
f 3198 3322 3320
f 3198 3320 3196
f 3200 3199 3323
f 3200 3323 3324
f 3197 3321 3323
f 3197 3323 3199
f 3201 3325 3322
f 3201 3322 3198
f 3200 3324 3326
f 3200 3326 3202
f 3203 3327 3325
f 3203 3325 3201
f 3202 3326 3328
f 3202 3328 3204
f 3205 3329 3327
f 3205 3327 3203
f 3204 3328 3330
f 3204 3330 3206
f 3207 3331 3329
f 3207 3329 3205
f 3206 3330 3332
f 3206 3332 3208
f 3209 3333 3331
f 3209 3331 3207
f 3208 3332 3334
f 3208 3334 3210
f 3211 3335 3333
f 3211 3333 3209
f 3210 3334 3336
f 3210 3336 3212
f 3213 3337 3335
f 3213 3335 3211
f 3212 3336 3338
f 3212 3338 3214
f 3215 3339 3337
f 3215 3337 3213
f 3214 3338 3340
f 3214 3340 3216
f 3217 3341 3339
f 3217 3339 3215
f 3216 3340 3342
f 3216 3342 3218
f 3219 3343 3341
f 3219 3341 3217
f 3218 3342 3344
f 3218 3344 3220
f 3221 3345 3343
f 3221 3343 3219
f 3220 3344 3346
f 3220 3346 3222
f 3223 3347 3345
f 3223 3345 3221
f 3222 3346 3348
f 3222 3348 3224
f 3225 3349 3347
f 3225 3347 3223
f 3224 3348 3350
f 3224 3350 3226
f 3227 3351 3349
f 3227 3349 3225
f 3226 3350 3352
f 3226 3352 3228
f 3229 3353 3351
f 3229 3351 3227
f 3228 3352 3354
f 3228 3354 3230
f 3231 3355 3353
f 3231 3353 3229
f 3230 3354 3356
f 3230 3356 3232
f 3233 3357 3355
f 3233 3355 3231
f 3232 3356 3358
f 3232 3358 3234
f 3235 3359 3357
f 3235 3357 3233
f 3234 3358 3360
f 3234 3360 3236
f 3237 3361 3359
f 3237 3359 3235
f 3236 3360 3362
f 3236 3362 3238
f 3239 3363 3361
f 3239 3361 3237
f 3238 3362 3364
f 3238 3364 3240
f 3241 3365 3363
f 3241 3363 3239
f 3240 3364 3366
f 3240 3366 3242
f 3243 3367 3365
f 3243 3365 3241
f 3242 3366 3368
f 3242 3368 3244
f 3245 3369 3367
f 3245 3367 3243
f 3244 3368 3370
f 3244 3370 3246
f 3247 3371 3369
f 3247 3369 3245
f 3246 3370 3372
f 3246 3372 3248
f 3249 3373 3371
f 3249 3371 3247
f 3248 3372 3374
f 3248 3374 3250
f 3251 3375 3373
f 3251 3373 3249
f 3250 3374 3376
f 3250 3376 3252
f 3253 3377 3375
f 3253 3375 3251
f 3252 3376 3378
f 3252 3378 3254
f 3255 3379 3377
f 3255 3377 3253
f 3254 3378 3380
f 3254 3380 3256
f 3257 3381 3379
f 3257 3379 3255
f 3256 3380 3382
f 3256 3382 3258
f 3259 3383 3381
f 3259 3381 3257
f 3258 3382 3384
f 3258 3384 3260
f 3261 3385 3383
f 3261 3383 3259
f 3260 3384 3386
f 3260 3386 3262
f 3263 3387 3385
f 3263 3385 3261
f 3262 3386 3388
f 3262 3388 3264
f 3265 3389 3387
f 3265 3387 3263
f 3264 3388 3390
f 3264 3390 3266
f 3267 3391 3389
f 3267 3389 3265
f 3266 3390 3392
f 3266 3392 3268
f 3269 3393 3391
f 3269 3391 3267
f 3268 3392 3394
f 3268 3394 3270
f 3271 3395 3393
f 3271 3393 3269
f 3270 3394 3396
f 3270 3396 3272
f 3273 3397 3395
f 3273 3395 3271
f 3272 3396 3398
f 3272 3398 3274
f 3275 3399 3397
f 3275 3397 3273
f 3274 3398 3400
f 3274 3400 3276
f 3277 3401 3399
f 3277 3399 3275
f 3276 3400 3402
f 3276 3402 3278
f 3279 3403 3401
f 3279 3401 3277
f 3278 3402 3404
f 3278 3404 3280
f 3281 3405 3403
f 3281 3403 3279
f 3280 3404 3406
f 3280 3406 3282
f 3283 3407 3405
f 3283 3405 3281
f 3282 3406 3408
f 3282 3408 3284
f 3285 3409 3407
f 3285 3407 3283
f 3284 3408 3410
f 3284 3410 3286
f 3287 3411 3409
f 3287 3409 3285
f 3286 3410 3412
f 3286 3412 3288
f 3289 3413 3411
f 3289 3411 3287
f 3288 3412 3414
f 3288 3414 3290
f 3291 3415 3413
f 3291 3413 3289
f 3290 3414 3416
f 3290 3416 3292
f 3293 3417 3415
f 3293 3415 3291
f 3292 3416 3418
f 3292 3418 3294
f 3295 3419 3417
f 3295 3417 3293
f 3294 3418 3420
f 3294 3420 3296
f 3297 3421 3419
f 3297 3419 3295
f 3296 3420 3422
f 3296 3422 3298
f 3299 3423 3421
f 3299 3421 3297
f 3298 3422 3424
f 3298 3424 3300
f 3301 3425 3423
f 3301 3423 3299
f 3300 3424 3426
f 3300 3426 3302
f 3303 3427 3425
f 3303 3425 3301
f 3426 3428 3304
f 3426 3304 3302
f 3304 3428 3429
f 3304 3429 3305
f 3306 3430 3427
f 3306 3427 3303
f 3305 3429 3431
f 3305 3431 3307
f 3309 3308 3432
f 3309 3432 3433
f 3309 3433 3430
f 3309 3430 3306
f 3308 3310 3434
f 3308 3434 3432
f 3310 3311 3435
f 3310 3435 3434
f 3311 3312 3436
f 3311 3436 3435
f 3307 3431 3436
f 3307 3436 3312
f 3438 3437 3313
f 3438 3313 3314
f 3315 3439 3438
f 3315 3438 3314
f 3437 3440 3316
f 3437 3316 3313
f 3440 3441 3317
f 3440 3317 3316
f 3441 3442 3318
f 3441 3318 3317
f 3318 3442 3443
f 3318 3443 3319
f 3320 3444 3439
f 3320 3439 3315
f 3319 3443 3445
f 3319 3445 3321
f 3322 3446 3444
f 3322 3444 3320
f 3324 3323 3447
f 3324 3447 3448
f 3321 3445 3447
f 3321 3447 3323
f 3325 3449 3446
f 3325 3446 3322
f 3324 3448 3450
f 3324 3450 3326
f 3327 3451 3449
f 3327 3449 3325
f 3326 3450 3452
f 3326 3452 3328
f 3329 3453 3451
f 3329 3451 3327
f 3328 3452 3454
f 3328 3454 3330
f 3331 3455 3453
f 3331 3453 3329
f 3330 3454 3456
f 3330 3456 3332
f 3333 3457 3455
f 3333 3455 3331
f 3332 3456 3458
f 3332 3458 3334
f 3335 3459 3457
f 3335 3457 3333
f 3334 3458 3460
f 3334 3460 3336
f 3337 3461 3459
f 3337 3459 3335
f 3336 3460 3462
f 3336 3462 3338
f 3339 3463 3461
f 3339 3461 3337
f 3338 3462 3464
f 3338 3464 3340
f 3341 3465 3463
f 3341 3463 3339
f 3340 3464 3466
f 3340 3466 3342
f 3343 3467 3465
f 3343 3465 3341
f 3342 3466 3468
f 3342 3468 3344
f 3345 3469 3467
f 3345 3467 3343
f 3344 3468 3470
f 3344 3470 3346
f 3347 3471 3469
f 3347 3469 3345
f 3346 3470 3472
f 3346 3472 3348
f 3349 3473 3471
f 3349 3471 3347
f 3348 3472 3474
f 3348 3474 3350
f 3351 3475 3473
f 3351 3473 3349
f 3350 3474 3476
f 3350 3476 3352
f 3353 3477 3475
f 3353 3475 3351
f 3352 3476 3478
f 3352 3478 3354
f 3355 3479 3477
f 3355 3477 3353
f 3354 3478 3480
f 3354 3480 3356
f 3357 3481 3479
f 3357 3479 3355
f 3356 3480 3482
f 3356 3482 3358
f 3359 3483 3481
f 3359 3481 3357
f 3358 3482 3484
f 3358 3484 3360
f 3361 3485 3483
f 3361 3483 3359
f 3360 3484 3486
f 3360 3486 3362
f 3363 3487 3485
f 3363 3485 3361
f 3362 3486 3488
f 3362 3488 3364
f 3365 3489 3487
f 3365 3487 3363
f 3364 3488 3490
f 3364 3490 3366
f 3367 3491 3489
f 3367 3489 3365
f 3366 3490 3492
f 3366 3492 3368
f 3369 3493 3491
f 3369 3491 3367
f 3368 3492 3494
f 3368 3494 3370
f 3371 3495 3493
f 3371 3493 3369
f 3370 3494 3496
f 3370 3496 3372
f 3373 3497 3495
f 3373 3495 3371
f 3372 3496 3498
f 3372 3498 3374
f 3375 3499 3497
f 3375 3497 3373
f 3374 3498 3500
f 3374 3500 3376
f 3377 3501 3499
f 3377 3499 3375
f 3376 3500 3502
f 3376 3502 3378
f 3379 3503 3501
f 3379 3501 3377
f 3378 3502 3504
f 3378 3504 3380
f 3381 3505 3503
f 3381 3503 3379
f 3380 3504 3506
f 3380 3506 3382
f 3383 3507 3505
f 3383 3505 3381
f 3382 3506 3508
f 3382 3508 3384
f 3385 3509 3507
f 3385 3507 3383
f 3384 3508 3510
f 3384 3510 3386
f 3387 3511 3509
f 3387 3509 3385
f 3386 3510 3512
f 3386 3512 3388
f 3389 3513 3511
f 3389 3511 3387
f 3388 3512 3514
f 3388 3514 3390
f 3391 3515 3513
f 3391 3513 3389
f 3390 3514 3516
f 3390 3516 3392
f 3393 3517 3515
f 3393 3515 3391
f 3392 3516 3518
f 3392 3518 3394
f 3395 3519 3517
f 3395 3517 3393
f 3394 3518 3520
f 3394 3520 3396
f 3397 3521 3519
f 3397 3519 3395
f 3396 3520 3522
f 3396 3522 3398
f 3399 3523 3521
f 3399 3521 3397
f 3398 3522 3524
f 3398 3524 3400
f 3401 3525 3523
f 3401 3523 3399
f 3400 3524 3526
f 3400 3526 3402
f 3403 3527 3525
f 3403 3525 3401
f 3402 3526 3528
f 3402 3528 3404
f 3405 3529 3527
f 3405 3527 3403
f 3404 3528 3530
f 3404 3530 3406
f 3407 3531 3529
f 3407 3529 3405
f 3406 3530 3532
f 3406 3532 3408
f 3409 3533 3531
f 3409 3531 3407
f 3408 3532 3534
f 3408 3534 3410
f 3411 3535 3533
f 3411 3533 3409
f 3410 3534 3536
f 3410 3536 3412
f 3413 3537 3535
f 3413 3535 3411
f 3412 3536 3538
f 3412 3538 3414
f 3415 3539 3537
f 3415 3537 3413
f 3414 3538 3540
f 3414 3540 3416
f 3417 3541 3539
f 3417 3539 3415
f 3416 3540 3542
f 3416 3542 3418
f 3419 3543 3541
f 3419 3541 3417
f 3418 3542 3544
f 3418 3544 3420
f 3421 3545 3543
f 3421 3543 3419
f 3420 3544 3546
f 3420 3546 3422
f 3423 3547 3545
f 3423 3545 3421
f 3422 3546 3548
f 3422 3548 3424
f 3425 3549 3547
f 3425 3547 3423
f 3424 3548 3550
f 3424 3550 3426
f 3427 3551 3549
f 3427 3549 3425
f 3550 3552 3428
f 3550 3428 3426
f 3428 3552 3553
f 3428 3553 3429
f 3430 3554 3551
f 3430 3551 3427
f 3429 3553 3555
f 3429 3555 3431
f 3433 3432 3556
f 3433 3556 3557
f 3433 3557 3554
f 3433 3554 3430
f 3432 3434 3558
f 3432 3558 3556
f 3434 3435 3559
f 3434 3559 3558
f 3435 3436 3560
f 3435 3560 3559
f 3431 3555 3560
f 3431 3560 3436
f 3562 3561 3437
f 3562 3437 3438
f 3439 3563 3562
f 3439 3562 3438
f 3561 3564 3440
f 3561 3440 3437
f 3564 3565 3441
f 3564 3441 3440
f 3565 3566 3442
f 3565 3442 3441
f 3442 3566 3567
f 3442 3567 3443
f 3444 3568 3563
f 3444 3563 3439
f 3443 3567 3569
f 3443 3569 3445
f 3446 3570 3568
f 3446 3568 3444
f 3448 3447 3571
f 3448 3571 3572
f 3445 3569 3571
f 3445 3571 3447
f 3449 3573 3570
f 3449 3570 3446
f 3448 3572 3574
f 3448 3574 3450
f 3451 3575 3573
f 3451 3573 3449
f 3450 3574 3576
f 3450 3576 3452
f 3453 3577 3575
f 3453 3575 3451
f 3452 3576 3578
f 3452 3578 3454
f 3455 3579 3577
f 3455 3577 3453
f 3454 3578 3580
f 3454 3580 3456
f 3457 3581 3579
f 3457 3579 3455
f 3456 3580 3582
f 3456 3582 3458
f 3459 3583 3581
f 3459 3581 3457
f 3458 3582 3584
f 3458 3584 3460
f 3461 3585 3583
f 3461 3583 3459
f 3460 3584 3586
f 3460 3586 3462
f 3463 3587 3585
f 3463 3585 3461
f 3462 3586 3588
f 3462 3588 3464
f 3465 3589 3587
f 3465 3587 3463
f 3464 3588 3590
f 3464 3590 3466
f 3467 3591 3589
f 3467 3589 3465
f 3466 3590 3592
f 3466 3592 3468
f 3469 3593 3591
f 3469 3591 3467
f 3468 3592 3594
f 3468 3594 3470
f 3471 3595 3593
f 3471 3593 3469
f 3470 3594 3596
f 3470 3596 3472
f 3473 3597 3595
f 3473 3595 3471
f 3472 3596 3598
f 3472 3598 3474
f 3475 3599 3597
f 3475 3597 3473
f 3474 3598 3600
f 3474 3600 3476
f 3477 3601 3599
f 3477 3599 3475
f 3476 3600 3602
f 3476 3602 3478
f 3479 3603 3601
f 3479 3601 3477
f 3478 3602 3604
f 3478 3604 3480
f 3481 3605 3603
f 3481 3603 3479
f 3480 3604 3606
f 3480 3606 3482
f 3483 3607 3605
f 3483 3605 3481
f 3482 3606 3608
f 3482 3608 3484
f 3485 3609 3607
f 3485 3607 3483
f 3484 3608 3610
f 3484 3610 3486
f 3487 3611 3609
f 3487 3609 3485
f 3486 3610 3612
f 3486 3612 3488
f 3489 3613 3611
f 3489 3611 3487
f 3488 3612 3614
f 3488 3614 3490
f 3491 3615 3613
f 3491 3613 3489
f 3490 3614 3616
f 3490 3616 3492
f 3493 3617 3615
f 3493 3615 3491
f 3492 3616 3618
f 3492 3618 3494
f 3495 3619 3617
f 3495 3617 3493
f 3494 3618 3620
f 3494 3620 3496
f 3497 3621 3619
f 3497 3619 3495
f 3496 3620 3622
f 3496 3622 3498
f 3499 3623 3621
f 3499 3621 3497
f 3498 3622 3624
f 3498 3624 3500
f 3501 3625 3623
f 3501 3623 3499
f 3500 3624 3626
f 3500 3626 3502
f 3503 3627 3625
f 3503 3625 3501
f 3502 3626 3628
f 3502 3628 3504
f 3505 3629 3627
f 3505 3627 3503
f 3504 3628 3630
f 3504 3630 3506
f 3507 3631 3629
f 3507 3629 3505
f 3506 3630 3632
f 3506 3632 3508
f 3509 3633 3631
f 3509 3631 3507
f 3508 3632 3634
f 3508 3634 3510
f 3511 3635 3633
f 3511 3633 3509
f 3510 3634 3636
f 3510 3636 3512
f 3513 3637 3635
f 3513 3635 3511
f 3512 3636 3638
f 3512 3638 3514
f 3515 3639 3637
f 3515 3637 3513
f 3514 3638 3640
f 3514 3640 3516
f 3517 3641 3639
f 3517 3639 3515
f 3516 3640 3642
f 3516 3642 3518
f 3519 3643 3641
f 3519 3641 3517
f 3518 3642 3644
f 3518 3644 3520
f 3521 3645 3643
f 3521 3643 3519
f 3520 3644 3646
f 3520 3646 3522
f 3523 3647 3645
f 3523 3645 3521
f 3522 3646 3648
f 3522 3648 3524
f 3525 3649 3647
f 3525 3647 3523
f 3524 3648 3650
f 3524 3650 3526
f 3527 3651 3649
f 3527 3649 3525
f 3526 3650 3652
f 3526 3652 3528
f 3529 3653 3651
f 3529 3651 3527
f 3528 3652 3654
f 3528 3654 3530
f 3531 3655 3653
f 3531 3653 3529
f 3530 3654 3656
f 3530 3656 3532
f 3533 3657 3655
f 3533 3655 3531
f 3532 3656 3658
f 3532 3658 3534
f 3535 3659 3657
f 3535 3657 3533
f 3534 3658 3660
f 3534 3660 3536
f 3537 3661 3659
f 3537 3659 3535
f 3536 3660 3662
f 3536 3662 3538
f 3539 3663 3661
f 3539 3661 3537
f 3538 3662 3664
f 3538 3664 3540
f 3541 3665 3663
f 3541 3663 3539
f 3540 3664 3666
f 3540 3666 3542
f 3543 3667 3665
f 3543 3665 3541
f 3542 3666 3668
f 3542 3668 3544
f 3545 3669 3667
f 3545 3667 3543
f 3544 3668 3670
f 3544 3670 3546
f 3547 3671 3669
f 3547 3669 3545
f 3546 3670 3672
f 3546 3672 3548
f 3549 3673 3671
f 3549 3671 3547
f 3548 3672 3674
f 3548 3674 3550
f 3551 3675 3673
f 3551 3673 3549
f 3674 3676 3552
f 3674 3552 3550
f 3552 3676 3677
f 3552 3677 3553
f 3554 3678 3675
f 3554 3675 3551
f 3553 3677 3679
f 3553 3679 3555
f 3557 3556 3680
f 3557 3680 3681
f 3557 3681 3678
f 3557 3678 3554
f 3556 3558 3682
f 3556 3682 3680
f 3558 3559 3683
f 3558 3683 3682
f 3559 3560 3684
f 3559 3684 3683
f 3555 3679 3684
f 3555 3684 3560
f 3686 3685 3561
f 3686 3561 3562
f 3563 3687 3686
f 3563 3686 3562
f 3685 3688 3564
f 3685 3564 3561
f 3688 3689 3565
f 3688 3565 3564
f 3689 3690 3566
f 3689 3566 3565
f 3566 3690 3691
f 3566 3691 3567
f 3568 3692 3687
f 3568 3687 3563
f 3567 3691 3693
f 3567 3693 3569
f 3570 3694 3692
f 3570 3692 3568
f 3572 3571 3695
f 3572 3695 3696
f 3569 3693 3695
f 3569 3695 3571
f 3573 3697 3694
f 3573 3694 3570
f 3572 3696 3698
f 3572 3698 3574
f 3575 3699 3697
f 3575 3697 3573
f 3574 3698 3700
f 3574 3700 3576
f 3577 3701 3699
f 3577 3699 3575
f 3576 3700 3702
f 3576 3702 3578
f 3579 3703 3701
f 3579 3701 3577
f 3578 3702 3704
f 3578 3704 3580
f 3581 3705 3703
f 3581 3703 3579
f 3580 3704 3706
f 3580 3706 3582
f 3583 3707 3705
f 3583 3705 3581
f 3582 3706 3708
f 3582 3708 3584
f 3585 3709 3707
f 3585 3707 3583
f 3584 3708 3710
f 3584 3710 3586
f 3587 3711 3709
f 3587 3709 3585
f 3586 3710 3712
f 3586 3712 3588
f 3589 3713 3711
f 3589 3711 3587
f 3588 3712 3714
f 3588 3714 3590
f 3591 3715 3713
f 3591 3713 3589
f 3590 3714 3716
f 3590 3716 3592
f 3593 3717 3715
f 3593 3715 3591
f 3592 3716 3718
f 3592 3718 3594
f 3595 3719 3717
f 3595 3717 3593
f 3594 3718 3720
f 3594 3720 3596
f 3597 3721 3719
f 3597 3719 3595
f 3596 3720 3722
f 3596 3722 3598
f 3599 3723 3721
f 3599 3721 3597
f 3598 3722 3724
f 3598 3724 3600
f 3601 3725 3723
f 3601 3723 3599
f 3600 3724 3726
f 3600 3726 3602
f 3603 3727 3725
f 3603 3725 3601
f 3602 3726 3728
f 3602 3728 3604
f 3605 3729 3727
f 3605 3727 3603
f 3604 3728 3730
f 3604 3730 3606
f 3607 3731 3729
f 3607 3729 3605
f 3606 3730 3732
f 3606 3732 3608
f 3609 3733 3731
f 3609 3731 3607
f 3608 3732 3734
f 3608 3734 3610
f 3611 3735 3733
f 3611 3733 3609
f 3610 3734 3736
f 3610 3736 3612
f 3613 3737 3735
f 3613 3735 3611
f 3612 3736 3738
f 3612 3738 3614
f 3615 3739 3737
f 3615 3737 3613
f 3614 3738 3740
f 3614 3740 3616
f 3617 3741 3739
f 3617 3739 3615
f 3616 3740 3742
f 3616 3742 3618
f 3619 3743 3741
f 3619 3741 3617
f 3618 3742 3744
f 3618 3744 3620
f 3621 3745 3743
f 3621 3743 3619
f 3620 3744 3746
f 3620 3746 3622
f 3623 3747 3745
f 3623 3745 3621
f 3622 3746 3748
f 3622 3748 3624
f 3625 3749 3747
f 3625 3747 3623
f 3624 3748 3750
f 3624 3750 3626
f 3627 3751 3749
f 3627 3749 3625
f 3626 3750 3752
f 3626 3752 3628
f 3629 3753 3751
f 3629 3751 3627
f 3628 3752 3754
f 3628 3754 3630
f 3631 3755 3753
f 3631 3753 3629
f 3630 3754 3756
f 3630 3756 3632
f 3633 3757 3755
f 3633 3755 3631
f 3632 3756 3758
f 3632 3758 3634
f 3635 3759 3757
f 3635 3757 3633
f 3634 3758 3760
f 3634 3760 3636
f 3637 3761 3759
f 3637 3759 3635
f 3636 3760 3762
f 3636 3762 3638
f 3639 3763 3761
f 3639 3761 3637
f 3638 3762 3764
f 3638 3764 3640
f 3641 3765 3763
f 3641 3763 3639
f 3640 3764 3766
f 3640 3766 3642
f 3643 3767 3765
f 3643 3765 3641
f 3642 3766 3768
f 3642 3768 3644
f 3645 3769 3767
f 3645 3767 3643
f 3644 3768 3770
f 3644 3770 3646
f 3647 3771 3769
f 3647 3769 3645
f 3646 3770 3772
f 3646 3772 3648
f 3649 3773 3771
f 3649 3771 3647
f 3648 3772 3774
f 3648 3774 3650
f 3651 3775 3773
f 3651 3773 3649
f 3650 3774 3776
f 3650 3776 3652
f 3653 3777 3775
f 3653 3775 3651
f 3652 3776 3778
f 3652 3778 3654
f 3655 3779 3777
f 3655 3777 3653
f 3654 3778 3780
f 3654 3780 3656
f 3657 3781 3779
f 3657 3779 3655
f 3656 3780 3782
f 3656 3782 3658
f 3659 3783 3781
f 3659 3781 3657
f 3658 3782 3784
f 3658 3784 3660
f 3661 3785 3783
f 3661 3783 3659
f 3660 3784 3786
f 3660 3786 3662
f 3663 3787 3785
f 3663 3785 3661
f 3662 3786 3788
f 3662 3788 3664
f 3665 3789 3787
f 3665 3787 3663
f 3664 3788 3790
f 3664 3790 3666
f 3667 3791 3789
f 3667 3789 3665
f 3666 3790 3792
f 3666 3792 3668
f 3669 3793 3791
f 3669 3791 3667
f 3668 3792 3794
f 3668 3794 3670
f 3671 3795 3793
f 3671 3793 3669
f 3670 3794 3796
f 3670 3796 3672
f 3673 3797 3795
f 3673 3795 3671
f 3672 3796 3798
f 3672 3798 3674
f 3675 3799 3797
f 3675 3797 3673
f 3798 3800 3676
f 3798 3676 3674
f 3676 3800 3801
f 3676 3801 3677
f 3678 3802 3799
f 3678 3799 3675
f 3677 3801 3803
f 3677 3803 3679
f 3681 3680 3804
f 3681 3804 3805
f 3681 3805 3802
f 3681 3802 3678
f 3680 3682 3806
f 3680 3806 3804
f 3682 3683 3807
f 3682 3807 3806
f 3683 3684 3808
f 3683 3808 3807
f 3679 3803 3808
f 3679 3808 3684
f 3810 3809 3685
f 3810 3685 3686
f 3687 3811 3810
f 3687 3810 3686
f 3809 3812 3688
f 3809 3688 3685
f 3812 3813 3689
f 3812 3689 3688
f 3813 3814 3690
f 3813 3690 3689
f 3690 3814 3815
f 3690 3815 3691
f 3692 3816 3811
f 3692 3811 3687
f 3691 3815 3817
f 3691 3817 3693
f 3694 3818 3816
f 3694 3816 3692
f 3696 3695 3819
f 3696 3819 3820
f 3693 3817 3819
f 3693 3819 3695
f 3697 3821 3818
f 3697 3818 3694
f 3696 3820 3822
f 3696 3822 3698
f 3699 3823 3821
f 3699 3821 3697
f 3698 3822 3824
f 3698 3824 3700
f 3701 3825 3823
f 3701 3823 3699
f 3700 3824 3826
f 3700 3826 3702
f 3703 3827 3825
f 3703 3825 3701
f 3702 3826 3828
f 3702 3828 3704
f 3705 3829 3827
f 3705 3827 3703
f 3704 3828 3830
f 3704 3830 3706
f 3707 3831 3829
f 3707 3829 3705
f 3706 3830 3832
f 3706 3832 3708
f 3709 3833 3831
f 3709 3831 3707
f 3708 3832 3834
f 3708 3834 3710
f 3711 3835 3833
f 3711 3833 3709
f 3710 3834 3836
f 3710 3836 3712
f 3713 3837 3835
f 3713 3835 3711
f 3712 3836 3838
f 3712 3838 3714
f 3715 3839 3837
f 3715 3837 3713
f 3714 3838 3840
f 3714 3840 3716
f 3717 3841 3839
f 3717 3839 3715
f 3716 3840 3842
f 3716 3842 3718
f 3719 3843 3841
f 3719 3841 3717
f 3718 3842 3844
f 3718 3844 3720
f 3721 3845 3843
f 3721 3843 3719
f 3720 3844 3846
f 3720 3846 3722
f 3723 3847 3845
f 3723 3845 3721
f 3722 3846 3848
f 3722 3848 3724
f 3725 3849 3847
f 3725 3847 3723
f 3724 3848 3850
f 3724 3850 3726
f 3727 3851 3849
f 3727 3849 3725
f 3726 3850 3852
f 3726 3852 3728
f 3729 3853 3851
f 3729 3851 3727
f 3728 3852 3854
f 3728 3854 3730
f 3731 3855 3853
f 3731 3853 3729
f 3730 3854 3856
f 3730 3856 3732
f 3733 3857 3855
f 3733 3855 3731
f 3732 3856 3858
f 3732 3858 3734
f 3735 3859 3857
f 3735 3857 3733
f 3734 3858 3860
f 3734 3860 3736
f 3737 3861 3859
f 3737 3859 3735
f 3736 3860 3862
f 3736 3862 3738
f 3739 3863 3861
f 3739 3861 3737
f 3738 3862 3864
f 3738 3864 3740
f 3741 3865 3863
f 3741 3863 3739
f 3740 3864 3866
f 3740 3866 3742
f 3743 3867 3865
f 3743 3865 3741
f 3742 3866 3868
f 3742 3868 3744
f 3745 3869 3867
f 3745 3867 3743
f 3744 3868 3870
f 3744 3870 3746
f 3747 3871 3869
f 3747 3869 3745
f 3746 3870 3872
f 3746 3872 3748
f 3749 3873 3871
f 3749 3871 3747
f 3748 3872 3874
f 3748 3874 3750
f 3751 3875 3873
f 3751 3873 3749
f 3750 3874 3876
f 3750 3876 3752
f 3753 3877 3875
f 3753 3875 3751
f 3752 3876 3878
f 3752 3878 3754
f 3755 3879 3877
f 3755 3877 3753
f 3754 3878 3880
f 3754 3880 3756
f 3757 3881 3879
f 3757 3879 3755
f 3756 3880 3882
f 3756 3882 3758
f 3759 3883 3881
f 3759 3881 3757
f 3758 3882 3884
f 3758 3884 3760
f 3761 3885 3883
f 3761 3883 3759
f 3760 3884 3886
f 3760 3886 3762
f 3763 3887 3885
f 3763 3885 3761
f 3762 3886 3888
f 3762 3888 3764
f 3765 3889 3887
f 3765 3887 3763
f 3764 3888 3890
f 3764 3890 3766
f 3767 3891 3889
f 3767 3889 3765
f 3766 3890 3892
f 3766 3892 3768
f 3769 3893 3891
f 3769 3891 3767
f 3768 3892 3894
f 3768 3894 3770
f 3771 3895 3893
f 3771 3893 3769
f 3770 3894 3896
f 3770 3896 3772
f 3773 3897 3895
f 3773 3895 3771
f 3772 3896 3898
f 3772 3898 3774
f 3775 3899 3897
f 3775 3897 3773
f 3774 3898 3900
f 3774 3900 3776
f 3777 3901 3899
f 3777 3899 3775
f 3776 3900 3902
f 3776 3902 3778
f 3779 3903 3901
f 3779 3901 3777
f 3778 3902 3904
f 3778 3904 3780
f 3781 3905 3903
f 3781 3903 3779
f 3780 3904 3906
f 3780 3906 3782
f 3783 3907 3905
f 3783 3905 3781
f 3782 3906 3908
f 3782 3908 3784
f 3785 3909 3907
f 3785 3907 3783
f 3784 3908 3910
f 3784 3910 3786
f 3787 3911 3909
f 3787 3909 3785
f 3786 3910 3912
f 3786 3912 3788
f 3789 3913 3911
f 3789 3911 3787
f 3788 3912 3914
f 3788 3914 3790
f 3791 3915 3913
f 3791 3913 3789
f 3790 3914 3916
f 3790 3916 3792
f 3793 3917 3915
f 3793 3915 3791
f 3792 3916 3918
f 3792 3918 3794
f 3795 3919 3917
f 3795 3917 3793
f 3794 3918 3920
f 3794 3920 3796
f 3797 3921 3919
f 3797 3919 3795
f 3796 3920 3922
f 3796 3922 3798
f 3799 3923 3921
f 3799 3921 3797
f 3922 3924 3800
f 3922 3800 3798
f 3800 3924 3925
f 3800 3925 3801
f 3802 3926 3923
f 3802 3923 3799
f 3801 3925 3927
f 3801 3927 3803
f 3805 3804 3928
f 3805 3928 3929
f 3805 3929 3926
f 3805 3926 3802
f 3804 3806 3930
f 3804 3930 3928
f 3806 3807 3931
f 3806 3931 3930
f 3807 3808 3932
f 3807 3932 3931
f 3803 3927 3932
f 3803 3932 3808
f 3934 3933 3809
f 3934 3809 3810
f 3811 3935 3934
f 3811 3934 3810
f 3933 3936 3812
f 3933 3812 3809
f 3936 3937 3813
f 3936 3813 3812
f 3937 3938 3814
f 3937 3814 3813
f 3814 3938 3939
f 3814 3939 3815
f 3816 3940 3935
f 3816 3935 3811
f 3815 3939 3941
f 3815 3941 3817
f 3818 3942 3940
f 3818 3940 3816
f 3820 3819 3943
f 3820 3943 3944
f 3817 3941 3943
f 3817 3943 3819
f 3821 3945 3942
f 3821 3942 3818
f 3820 3944 3946
f 3820 3946 3822
f 3823 3947 3945
f 3823 3945 3821
f 3822 3946 3948
f 3822 3948 3824
f 3825 3949 3947
f 3825 3947 3823
f 3824 3948 3950
f 3824 3950 3826
f 3827 3951 3949
f 3827 3949 3825
f 3826 3950 3952
f 3826 3952 3828
f 3829 3953 3951
f 3829 3951 3827
f 3828 3952 3954
f 3828 3954 3830
f 3831 3955 3953
f 3831 3953 3829
f 3830 3954 3956
f 3830 3956 3832
f 3833 3957 3955
f 3833 3955 3831
f 3832 3956 3958
f 3832 3958 3834
f 3835 3959 3957
f 3835 3957 3833
f 3834 3958 3960
f 3834 3960 3836
f 3837 3961 3959
f 3837 3959 3835
f 3836 3960 3962
f 3836 3962 3838
f 3839 3963 3961
f 3839 3961 3837
f 3838 3962 3964
f 3838 3964 3840
f 3841 3965 3963
f 3841 3963 3839
f 3840 3964 3966
f 3840 3966 3842
f 3843 3967 3965
f 3843 3965 3841
f 3842 3966 3968
f 3842 3968 3844
f 3845 3969 3967
f 3845 3967 3843
f 3844 3968 3970
f 3844 3970 3846
f 3847 3971 3969
f 3847 3969 3845
f 3846 3970 3972
f 3846 3972 3848
f 3849 3973 3971
f 3849 3971 3847
f 3848 3972 3974
f 3848 3974 3850
f 3851 3975 3973
f 3851 3973 3849
f 3850 3974 3976
f 3850 3976 3852
f 3853 3977 3975
f 3853 3975 3851
f 3852 3976 3978
f 3852 3978 3854
f 3855 3979 3977
f 3855 3977 3853
f 3854 3978 3980
f 3854 3980 3856
f 3857 3981 3979
f 3857 3979 3855
f 3856 3980 3982
f 3856 3982 3858
f 3859 3983 3981
f 3859 3981 3857
f 3858 3982 3984
f 3858 3984 3860
f 3861 3985 3983
f 3861 3983 3859
f 3860 3984 3986
f 3860 3986 3862
f 3863 3987 3985
f 3863 3985 3861
f 3862 3986 3988
f 3862 3988 3864
f 3865 3989 3987
f 3865 3987 3863
f 3864 3988 3990
f 3864 3990 3866
f 3867 3991 3989
f 3867 3989 3865
f 3866 3990 3992
f 3866 3992 3868
f 3869 3993 3991
f 3869 3991 3867
f 3868 3992 3994
f 3868 3994 3870
f 3871 3995 3993
f 3871 3993 3869
f 3870 3994 3996
f 3870 3996 3872
f 3873 3997 3995
f 3873 3995 3871
f 3872 3996 3998
f 3872 3998 3874
f 3875 3999 3997
f 3875 3997 3873
f 3874 3998 4000
f 3874 4000 3876
f 3877 4001 3999
f 3877 3999 3875
f 3876 4000 4002
f 3876 4002 3878
f 3879 4003 4001
f 3879 4001 3877
f 3878 4002 4004
f 3878 4004 3880
f 3881 4005 4003
f 3881 4003 3879
f 3880 4004 4006
f 3880 4006 3882
f 3883 4007 4005
f 3883 4005 3881
f 3882 4006 4008
f 3882 4008 3884
f 3885 4009 4007
f 3885 4007 3883
f 3884 4008 4010
f 3884 4010 3886
f 3887 4011 4009
f 3887 4009 3885
f 3886 4010 4012
f 3886 4012 3888
f 3889 4013 4011
f 3889 4011 3887
f 3888 4012 4014
f 3888 4014 3890
f 3891 4015 4013
f 3891 4013 3889
f 3890 4014 4016
f 3890 4016 3892
f 3893 4017 4015
f 3893 4015 3891
f 3892 4016 4018
f 3892 4018 3894
f 3895 4019 4017
f 3895 4017 3893
f 3894 4018 4020
f 3894 4020 3896
f 3897 4021 4019
f 3897 4019 3895
f 3896 4020 4022
f 3896 4022 3898
f 3899 4023 4021
f 3899 4021 3897
f 3898 4022 4024
f 3898 4024 3900
f 3901 4025 4023
f 3901 4023 3899
f 3900 4024 4026
f 3900 4026 3902
f 3903 4027 4025
f 3903 4025 3901
f 3902 4026 4028
f 3902 4028 3904
f 3905 4029 4027
f 3905 4027 3903
f 3904 4028 4030
f 3904 4030 3906
f 3907 4031 4029
f 3907 4029 3905
f 3906 4030 4032
f 3906 4032 3908
f 3909 4033 4031
f 3909 4031 3907
f 3908 4032 4034
f 3908 4034 3910
f 3911 4035 4033
f 3911 4033 3909
f 3910 4034 4036
f 3910 4036 3912
f 3913 4037 4035
f 3913 4035 3911
f 3912 4036 4038
f 3912 4038 3914
f 3915 4039 4037
f 3915 4037 3913
f 3914 4038 4040
f 3914 4040 3916
f 3917 4041 4039
f 3917 4039 3915
f 3916 4040 4042
f 3916 4042 3918
f 3919 4043 4041
f 3919 4041 3917
f 3918 4042 4044
f 3918 4044 3920
f 3921 4045 4043
f 3921 4043 3919
f 3920 4044 4046
f 3920 4046 3922
f 3923 4047 4045
f 3923 4045 3921
f 4046 4048 3924
f 4046 3924 3922
f 3924 4048 4049
f 3924 4049 3925
f 3926 4050 4047
f 3926 4047 3923
f 3925 4049 4051
f 3925 4051 3927
f 3929 3928 4052
f 3929 4052 4053
f 3929 4053 4050
f 3929 4050 3926
f 3928 3930 4054
f 3928 4054 4052
f 3930 3931 4055
f 3930 4055 4054
f 3931 3932 4056
f 3931 4056 4055
f 3927 4051 4056
f 3927 4056 3932
f 4058 4057 3933
f 4058 3933 3934
f 3935 4059 4058
f 3935 4058 3934
f 4057 4060 3936
f 4057 3936 3933
f 4060 4061 3937
f 4060 3937 3936
f 4061 4062 3938
f 4061 3938 3937
f 3938 4062 4063
f 3938 4063 3939
f 3940 4064 4059
f 3940 4059 3935
f 3939 4063 4065
f 3939 4065 3941
f 3942 4066 4064
f 3942 4064 3940
f 3944 3943 4067
f 3944 4067 4068
f 3941 4065 4067
f 3941 4067 3943
f 3945 4069 4066
f 3945 4066 3942
f 3944 4068 4070
f 3944 4070 3946
f 3947 4071 4069
f 3947 4069 3945
f 3946 4070 4072
f 3946 4072 3948
f 3949 4073 4071
f 3949 4071 3947
f 3948 4072 4074
f 3948 4074 3950
f 3951 4075 4073
f 3951 4073 3949
f 3950 4074 4076
f 3950 4076 3952
f 3953 4077 4075
f 3953 4075 3951
f 3952 4076 4078
f 3952 4078 3954
f 3955 4079 4077
f 3955 4077 3953
f 3954 4078 4080
f 3954 4080 3956
f 3957 4081 4079
f 3957 4079 3955
f 3956 4080 4082
f 3956 4082 3958
f 3959 4083 4081
f 3959 4081 3957
f 3958 4082 4084
f 3958 4084 3960
f 3961 4085 4083
f 3961 4083 3959
f 3960 4084 4086
f 3960 4086 3962
f 3963 4087 4085
f 3963 4085 3961
f 3962 4086 4088
f 3962 4088 3964
f 3965 4089 4087
f 3965 4087 3963
f 3964 4088 4090
f 3964 4090 3966
f 3967 4091 4089
f 3967 4089 3965
f 3966 4090 4092
f 3966 4092 3968
f 3969 4093 4091
f 3969 4091 3967
f 3968 4092 4094
f 3968 4094 3970
f 3971 4095 4093
f 3971 4093 3969
f 3970 4094 4096
f 3970 4096 3972
f 3973 4097 4095
f 3973 4095 3971
f 3972 4096 4098
f 3972 4098 3974
f 3975 4099 4097
f 3975 4097 3973
f 3974 4098 4100
f 3974 4100 3976
f 3977 4101 4099
f 3977 4099 3975
f 3976 4100 4102
f 3976 4102 3978
f 3979 4103 4101
f 3979 4101 3977
f 3978 4102 4104
f 3978 4104 3980
f 3981 4105 4103
f 3981 4103 3979
f 3980 4104 4106
f 3980 4106 3982
f 3983 4107 4105
f 3983 4105 3981
f 3982 4106 4108
f 3982 4108 3984
f 3985 4109 4107
f 3985 4107 3983
f 3984 4108 4110
f 3984 4110 3986
f 3987 4111 4109
f 3987 4109 3985
f 3986 4110 4112
f 3986 4112 3988
f 3989 4113 4111
f 3989 4111 3987
f 3988 4112 4114
f 3988 4114 3990
f 3991 4115 4113
f 3991 4113 3989
f 3990 4114 4116
f 3990 4116 3992
f 3993 4117 4115
f 3993 4115 3991
f 3992 4116 4118
f 3992 4118 3994
f 3995 4119 4117
f 3995 4117 3993
f 3994 4118 4120
f 3994 4120 3996
f 3997 4121 4119
f 3997 4119 3995
f 3996 4120 4122
f 3996 4122 3998
f 3999 4123 4121
f 3999 4121 3997
f 3998 4122 4124
f 3998 4124 4000
f 4001 4125 4123
f 4001 4123 3999
f 4000 4124 4126
f 4000 4126 4002
f 4003 4127 4125
f 4003 4125 4001
f 4002 4126 4128
f 4002 4128 4004
f 4005 4129 4127
f 4005 4127 4003
f 4004 4128 4130
f 4004 4130 4006
f 4007 4131 4129
f 4007 4129 4005
f 4006 4130 4132
f 4006 4132 4008
f 4009 4133 4131
f 4009 4131 4007
f 4008 4132 4134
f 4008 4134 4010
f 4011 4135 4133
f 4011 4133 4009
f 4010 4134 4136
f 4010 4136 4012
f 4013 4137 4135
f 4013 4135 4011
f 4012 4136 4138
f 4012 4138 4014
f 4015 4139 4137
f 4015 4137 4013
f 4014 4138 4140
f 4014 4140 4016
f 4017 4141 4139
f 4017 4139 4015
f 4016 4140 4142
f 4016 4142 4018
f 4019 4143 4141
f 4019 4141 4017
f 4018 4142 4144
f 4018 4144 4020
f 4021 4145 4143
f 4021 4143 4019
f 4020 4144 4146
f 4020 4146 4022
f 4023 4147 4145
f 4023 4145 4021
f 4022 4146 4148
f 4022 4148 4024
f 4025 4149 4147
f 4025 4147 4023
f 4024 4148 4150
f 4024 4150 4026
f 4027 4151 4149
f 4027 4149 4025
f 4026 4150 4152
f 4026 4152 4028
f 4029 4153 4151
f 4029 4151 4027
f 4028 4152 4154
f 4028 4154 4030
f 4031 4155 4153
f 4031 4153 4029
f 4030 4154 4156
f 4030 4156 4032
f 4033 4157 4155
f 4033 4155 4031
f 4032 4156 4158
f 4032 4158 4034
f 4035 4159 4157
f 4035 4157 4033
f 4034 4158 4160
f 4034 4160 4036
f 4037 4161 4159
f 4037 4159 4035
f 4036 4160 4162
f 4036 4162 4038
f 4039 4163 4161
f 4039 4161 4037
f 4038 4162 4164
f 4038 4164 4040
f 4041 4165 4163
f 4041 4163 4039
f 4040 4164 4166
f 4040 4166 4042
f 4043 4167 4165
f 4043 4165 4041
f 4042 4166 4168
f 4042 4168 4044
f 4045 4169 4167
f 4045 4167 4043
f 4044 4168 4170
f 4044 4170 4046
f 4047 4171 4169
f 4047 4169 4045
f 4170 4172 4048
f 4170 4048 4046
f 4048 4172 4173
f 4048 4173 4049
f 4050 4174 4171
f 4050 4171 4047
f 4049 4173 4175
f 4049 4175 4051
f 4053 4052 4176
f 4053 4176 4177
f 4053 4177 4174
f 4053 4174 4050
f 4052 4054 4178
f 4052 4178 4176
f 4054 4055 4179
f 4054 4179 4178
f 4055 4056 4180
f 4055 4180 4179
f 4051 4175 4180
f 4051 4180 4056
f 4182 4181 4057
f 4182 4057 4058
f 4059 4183 4182
f 4059 4182 4058
f 4181 4184 4060
f 4181 4060 4057
f 4184 4185 4061
f 4184 4061 4060
f 4185 4186 4062
f 4185 4062 4061
f 4062 4186 4187
f 4062 4187 4063
f 4064 4188 4183
f 4064 4183 4059
f 4063 4187 4189
f 4063 4189 4065
f 4066 4190 4188
f 4066 4188 4064
f 4068 4067 4191
f 4068 4191 4192
f 4065 4189 4191
f 4065 4191 4067
f 4069 4193 4190
f 4069 4190 4066
f 4068 4192 4194
f 4068 4194 4070
f 4071 4195 4193
f 4071 4193 4069
f 4070 4194 4196
f 4070 4196 4072
f 4073 4197 4195
f 4073 4195 4071
f 4072 4196 4198
f 4072 4198 4074
f 4075 4199 4197
f 4075 4197 4073
f 4074 4198 4200
f 4074 4200 4076
f 4077 4201 4199
f 4077 4199 4075
f 4076 4200 4202
f 4076 4202 4078
f 4079 4203 4201
f 4079 4201 4077
f 4078 4202 4204
f 4078 4204 4080
f 4081 4205 4203
f 4081 4203 4079
f 4080 4204 4206
f 4080 4206 4082
f 4083 4207 4205
f 4083 4205 4081
f 4082 4206 4208
f 4082 4208 4084
f 4085 4209 4207
f 4085 4207 4083
f 4084 4208 4210
f 4084 4210 4086
f 4087 4211 4209
f 4087 4209 4085
f 4086 4210 4212
f 4086 4212 4088
f 4089 4213 4211
f 4089 4211 4087
f 4088 4212 4214
f 4088 4214 4090
f 4091 4215 4213
f 4091 4213 4089
f 4090 4214 4216
f 4090 4216 4092
f 4093 4217 4215
f 4093 4215 4091
f 4092 4216 4218
f 4092 4218 4094
f 4095 4219 4217
f 4095 4217 4093
f 4094 4218 4220
f 4094 4220 4096
f 4097 4221 4219
f 4097 4219 4095
f 4096 4220 4222
f 4096 4222 4098
f 4099 4223 4221
f 4099 4221 4097
f 4098 4222 4224
f 4098 4224 4100
f 4101 4225 4223
f 4101 4223 4099
f 4100 4224 4226
f 4100 4226 4102
f 4103 4227 4225
f 4103 4225 4101
f 4102 4226 4228
f 4102 4228 4104
f 4105 4229 4227
f 4105 4227 4103
f 4104 4228 4230
f 4104 4230 4106
f 4107 4231 4229
f 4107 4229 4105
f 4106 4230 4232
f 4106 4232 4108
f 4109 4233 4231
f 4109 4231 4107
f 4108 4232 4234
f 4108 4234 4110
f 4111 4235 4233
f 4111 4233 4109
f 4110 4234 4236
f 4110 4236 4112
f 4113 4237 4235
f 4113 4235 4111
f 4112 4236 4238
f 4112 4238 4114
f 4115 4239 4237
f 4115 4237 4113
f 4114 4238 4240
f 4114 4240 4116
f 4117 4241 4239
f 4117 4239 4115
f 4116 4240 4242
f 4116 4242 4118
f 4119 4243 4241
f 4119 4241 4117
f 4118 4242 4244
f 4118 4244 4120
f 4121 4245 4243
f 4121 4243 4119
f 4120 4244 4246
f 4120 4246 4122
f 4123 4247 4245
f 4123 4245 4121
f 4122 4246 4248
f 4122 4248 4124
f 4125 4249 4247
f 4125 4247 4123
f 4124 4248 4250
f 4124 4250 4126
f 4127 4251 4249
f 4127 4249 4125
f 4126 4250 4252
f 4126 4252 4128
f 4129 4253 4251
f 4129 4251 4127
f 4128 4252 4254
f 4128 4254 4130
f 4131 4255 4253
f 4131 4253 4129
f 4130 4254 4256
f 4130 4256 4132
f 4133 4257 4255
f 4133 4255 4131
f 4132 4256 4258
f 4132 4258 4134
f 4135 4259 4257
f 4135 4257 4133
f 4134 4258 4260
f 4134 4260 4136
f 4137 4261 4259
f 4137 4259 4135
f 4136 4260 4262
f 4136 4262 4138
f 4139 4263 4261
f 4139 4261 4137
f 4138 4262 4264
f 4138 4264 4140
f 4141 4265 4263
f 4141 4263 4139
f 4140 4264 4266
f 4140 4266 4142
f 4143 4267 4265
f 4143 4265 4141
f 4142 4266 4268
f 4142 4268 4144
f 4145 4269 4267
f 4145 4267 4143
f 4144 4268 4270
f 4144 4270 4146
f 4147 4271 4269
f 4147 4269 4145
f 4146 4270 4272
f 4146 4272 4148
f 4149 4273 4271
f 4149 4271 4147
f 4148 4272 4274
f 4148 4274 4150
f 4151 4275 4273
f 4151 4273 4149
f 4150 4274 4276
f 4150 4276 4152
f 4153 4277 4275
f 4153 4275 4151
f 4152 4276 4278
f 4152 4278 4154
f 4155 4279 4277
f 4155 4277 4153
f 4154 4278 4280
f 4154 4280 4156
f 4157 4281 4279
f 4157 4279 4155
f 4156 4280 4282
f 4156 4282 4158
f 4159 4283 4281
f 4159 4281 4157
f 4158 4282 4284
f 4158 4284 4160
f 4161 4285 4283
f 4161 4283 4159
f 4160 4284 4286
f 4160 4286 4162
f 4163 4287 4285
f 4163 4285 4161
f 4162 4286 4288
f 4162 4288 4164
f 4165 4289 4287
f 4165 4287 4163
f 4164 4288 4290
f 4164 4290 4166
f 4167 4291 4289
f 4167 4289 4165
f 4166 4290 4292
f 4166 4292 4168
f 4169 4293 4291
f 4169 4291 4167
f 4168 4292 4294
f 4168 4294 4170
f 4171 4295 4293
f 4171 4293 4169
f 4294 4296 4172
f 4294 4172 4170
f 4172 4296 4297
f 4172 4297 4173
f 4174 4298 4295
f 4174 4295 4171
f 4173 4297 4299
f 4173 4299 4175
f 4177 4176 4300
f 4177 4300 4301
f 4177 4301 4298
f 4177 4298 4174
f 4176 4178 4302
f 4176 4302 4300
f 4178 4179 4303
f 4178 4303 4302
f 4179 4180 4304
f 4179 4304 4303
f 4175 4299 4304
f 4175 4304 4180
f 4306 4305 4181
f 4306 4181 4182
f 4183 4307 4306
f 4183 4306 4182
f 4305 4308 4184
f 4305 4184 4181
f 4308 4309 4185
f 4308 4185 4184
f 4309 4310 4186
f 4309 4186 4185
f 4186 4310 4311
f 4186 4311 4187
f 4188 4312 4307
f 4188 4307 4183
f 4187 4311 4313
f 4187 4313 4189
f 4190 4314 4312
f 4190 4312 4188
f 4192 4191 4315
f 4192 4315 4316
f 4189 4313 4315
f 4189 4315 4191
f 4193 4317 4314
f 4193 4314 4190
f 4192 4316 4318
f 4192 4318 4194
f 4195 4319 4317
f 4195 4317 4193
f 4194 4318 4320
f 4194 4320 4196
f 4197 4321 4319
f 4197 4319 4195
f 4196 4320 4322
f 4196 4322 4198
f 4199 4323 4321
f 4199 4321 4197
f 4198 4322 4324
f 4198 4324 4200
f 4201 4325 4323
f 4201 4323 4199
f 4200 4324 4326
f 4200 4326 4202
f 4203 4327 4325
f 4203 4325 4201
f 4202 4326 4328
f 4202 4328 4204
f 4205 4329 4327
f 4205 4327 4203
f 4204 4328 4330
f 4204 4330 4206
f 4207 4331 4329
f 4207 4329 4205
f 4206 4330 4332
f 4206 4332 4208
f 4209 4333 4331
f 4209 4331 4207
f 4208 4332 4334
f 4208 4334 4210
f 4211 4335 4333
f 4211 4333 4209
f 4210 4334 4336
f 4210 4336 4212
f 4213 4337 4335
f 4213 4335 4211
f 4212 4336 4338
f 4212 4338 4214
f 4215 4339 4337
f 4215 4337 4213
f 4214 4338 4340
f 4214 4340 4216
f 4217 4341 4339
f 4217 4339 4215
f 4216 4340 4342
f 4216 4342 4218
f 4219 4343 4341
f 4219 4341 4217
f 4218 4342 4344
f 4218 4344 4220
f 4221 4345 4343
f 4221 4343 4219
f 4220 4344 4346
f 4220 4346 4222
f 4223 4347 4345
f 4223 4345 4221
f 4222 4346 4348
f 4222 4348 4224
f 4225 4349 4347
f 4225 4347 4223
f 4224 4348 4350
f 4224 4350 4226
f 4227 4351 4349
f 4227 4349 4225
f 4226 4350 4352
f 4226 4352 4228
f 4229 4353 4351
f 4229 4351 4227
f 4228 4352 4354
f 4228 4354 4230
f 4231 4355 4353
f 4231 4353 4229
f 4230 4354 4356
f 4230 4356 4232
f 4233 4357 4355
f 4233 4355 4231
f 4232 4356 4358
f 4232 4358 4234
f 4235 4359 4357
f 4235 4357 4233
f 4234 4358 4360
f 4234 4360 4236
f 4237 4361 4359
f 4237 4359 4235
f 4236 4360 4362
f 4236 4362 4238
f 4239 4363 4361
f 4239 4361 4237
f 4238 4362 4364
f 4238 4364 4240
f 4241 4365 4363
f 4241 4363 4239
f 4240 4364 4366
f 4240 4366 4242
f 4243 4367 4365
f 4243 4365 4241
f 4242 4366 4368
f 4242 4368 4244
f 4245 4369 4367
f 4245 4367 4243
f 4244 4368 4370
f 4244 4370 4246
f 4247 4371 4369
f 4247 4369 4245
f 4246 4370 4372
f 4246 4372 4248
f 4249 4373 4371
f 4249 4371 4247
f 4248 4372 4374
f 4248 4374 4250
f 4251 4375 4373
f 4251 4373 4249
f 4250 4374 4376
f 4250 4376 4252
f 4253 4377 4375
f 4253 4375 4251
f 4252 4376 4378
f 4252 4378 4254
f 4255 4379 4377
f 4255 4377 4253
f 4254 4378 4380
f 4254 4380 4256
f 4257 4381 4379
f 4257 4379 4255
f 4256 4380 4382
f 4256 4382 4258
f 4259 4383 4381
f 4259 4381 4257
f 4258 4382 4384
f 4258 4384 4260
f 4261 4385 4383
f 4261 4383 4259
f 4260 4384 4386
f 4260 4386 4262
f 4263 4387 4385
f 4263 4385 4261
f 4262 4386 4388
f 4262 4388 4264
f 4265 4389 4387
f 4265 4387 4263
f 4264 4388 4390
f 4264 4390 4266
f 4267 4391 4389
f 4267 4389 4265
f 4266 4390 4392
f 4266 4392 4268
f 4269 4393 4391
f 4269 4391 4267
f 4268 4392 4394
f 4268 4394 4270
f 4271 4395 4393
f 4271 4393 4269
f 4270 4394 4396
f 4270 4396 4272
f 4273 4397 4395
f 4273 4395 4271
f 4272 4396 4398
f 4272 4398 4274
f 4275 4399 4397
f 4275 4397 4273
f 4274 4398 4400
f 4274 4400 4276
f 4277 4401 4399
f 4277 4399 4275
f 4276 4400 4402
f 4276 4402 4278
f 4279 4403 4401
f 4279 4401 4277
f 4278 4402 4404
f 4278 4404 4280
f 4281 4405 4403
f 4281 4403 4279
f 4280 4404 4406
f 4280 4406 4282
f 4283 4407 4405
f 4283 4405 4281
f 4282 4406 4408
f 4282 4408 4284
f 4285 4409 4407
f 4285 4407 4283
f 4284 4408 4410
f 4284 4410 4286
f 4287 4411 4409
f 4287 4409 4285
f 4286 4410 4412
f 4286 4412 4288
f 4289 4413 4411
f 4289 4411 4287
f 4288 4412 4414
f 4288 4414 4290
f 4291 4415 4413
f 4291 4413 4289
f 4290 4414 4416
f 4290 4416 4292
f 4293 4417 4415
f 4293 4415 4291
f 4292 4416 4418
f 4292 4418 4294
f 4295 4419 4417
f 4295 4417 4293
f 4418 4420 4296
f 4418 4296 4294
f 4296 4420 4421
f 4296 4421 4297
f 4298 4422 4419
f 4298 4419 4295
f 4297 4421 4423
f 4297 4423 4299
f 4301 4300 4424
f 4301 4424 4425
f 4301 4425 4422
f 4301 4422 4298
f 4300 4302 4426
f 4300 4426 4424
f 4302 4303 4427
f 4302 4427 4426
f 4303 4304 4428
f 4303 4428 4427
f 4299 4423 4428
f 4299 4428 4304
f 4430 4429 4305
f 4430 4305 4306
f 4307 4431 4430
f 4307 4430 4306
f 4429 4432 4308
f 4429 4308 4305
f 4432 4433 4309
f 4432 4309 4308
f 4433 4434 4310
f 4433 4310 4309
f 4310 4434 4435
f 4310 4435 4311
f 4312 4436 4431
f 4312 4431 4307
f 4311 4435 4437
f 4311 4437 4313
f 4314 4438 4436
f 4314 4436 4312
f 4316 4315 4439
f 4316 4439 4440
f 4313 4437 4439
f 4313 4439 4315
f 4317 4441 4438
f 4317 4438 4314
f 4316 4440 4442
f 4316 4442 4318
f 4319 4443 4441
f 4319 4441 4317
f 4318 4442 4444
f 4318 4444 4320
f 4321 4445 4443
f 4321 4443 4319
f 4320 4444 4446
f 4320 4446 4322
f 4323 4447 4445
f 4323 4445 4321
f 4322 4446 4448
f 4322 4448 4324
f 4325 4449 4447
f 4325 4447 4323
f 4324 4448 4450
f 4324 4450 4326
f 4327 4451 4449
f 4327 4449 4325
f 4326 4450 4452
f 4326 4452 4328
f 4329 4453 4451
f 4329 4451 4327
f 4328 4452 4454
f 4328 4454 4330
f 4331 4455 4453
f 4331 4453 4329
f 4330 4454 4456
f 4330 4456 4332
f 4333 4457 4455
f 4333 4455 4331
f 4332 4456 4458
f 4332 4458 4334
f 4335 4459 4457
f 4335 4457 4333
f 4334 4458 4460
f 4334 4460 4336
f 4337 4461 4459
f 4337 4459 4335
f 4336 4460 4462
f 4336 4462 4338
f 4339 4463 4461
f 4339 4461 4337
f 4338 4462 4464
f 4338 4464 4340
f 4341 4465 4463
f 4341 4463 4339
f 4340 4464 4466
f 4340 4466 4342
f 4343 4467 4465
f 4343 4465 4341
f 4342 4466 4468
f 4342 4468 4344
f 4345 4469 4467
f 4345 4467 4343
f 4344 4468 4470
f 4344 4470 4346
f 4347 4471 4469
f 4347 4469 4345
f 4346 4470 4472
f 4346 4472 4348
f 4349 4473 4471
f 4349 4471 4347
f 4348 4472 4474
f 4348 4474 4350
f 4351 4475 4473
f 4351 4473 4349
f 4350 4474 4476
f 4350 4476 4352
f 4353 4477 4475
f 4353 4475 4351
f 4352 4476 4478
f 4352 4478 4354
f 4355 4479 4477
f 4355 4477 4353
f 4354 4478 4480
f 4354 4480 4356
f 4357 4481 4479
f 4357 4479 4355
f 4356 4480 4482
f 4356 4482 4358
f 4359 4483 4481
f 4359 4481 4357
f 4358 4482 4484
f 4358 4484 4360
f 4361 4485 4483
f 4361 4483 4359
f 4360 4484 4486
f 4360 4486 4362
f 4363 4487 4485
f 4363 4485 4361
f 4362 4486 4488
f 4362 4488 4364
f 4365 4489 4487
f 4365 4487 4363
f 4364 4488 4490
f 4364 4490 4366
f 4367 4491 4489
f 4367 4489 4365
f 4366 4490 4492
f 4366 4492 4368
f 4369 4493 4491
f 4369 4491 4367
f 4368 4492 4494
f 4368 4494 4370
f 4371 4495 4493
f 4371 4493 4369
f 4370 4494 4496
f 4370 4496 4372
f 4373 4497 4495
f 4373 4495 4371
f 4372 4496 4498
f 4372 4498 4374
f 4375 4499 4497
f 4375 4497 4373
f 4374 4498 4500
f 4374 4500 4376
f 4377 4501 4499
f 4377 4499 4375
f 4376 4500 4502
f 4376 4502 4378
f 4379 4503 4501
f 4379 4501 4377
f 4378 4502 4504
f 4378 4504 4380
f 4381 4505 4503
f 4381 4503 4379
f 4380 4504 4506
f 4380 4506 4382
f 4383 4507 4505
f 4383 4505 4381
f 4382 4506 4508
f 4382 4508 4384
f 4385 4509 4507
f 4385 4507 4383
f 4384 4508 4510
f 4384 4510 4386
f 4387 4511 4509
f 4387 4509 4385
f 4386 4510 4512
f 4386 4512 4388
f 4389 4513 4511
f 4389 4511 4387
f 4388 4512 4514
f 4388 4514 4390
f 4391 4515 4513
f 4391 4513 4389
f 4390 4514 4516
f 4390 4516 4392
f 4393 4517 4515
f 4393 4515 4391
f 4392 4516 4518
f 4392 4518 4394
f 4395 4519 4517
f 4395 4517 4393
f 4394 4518 4520
f 4394 4520 4396
f 4397 4521 4519
f 4397 4519 4395
f 4396 4520 4522
f 4396 4522 4398
f 4399 4523 4521
f 4399 4521 4397
f 4398 4522 4524
f 4398 4524 4400
f 4401 4525 4523
f 4401 4523 4399
f 4400 4524 4526
f 4400 4526 4402
f 4403 4527 4525
f 4403 4525 4401
f 4402 4526 4528
f 4402 4528 4404
f 4405 4529 4527
f 4405 4527 4403
f 4404 4528 4530
f 4404 4530 4406
f 4407 4531 4529
f 4407 4529 4405
f 4406 4530 4532
f 4406 4532 4408
f 4409 4533 4531
f 4409 4531 4407
f 4408 4532 4534
f 4408 4534 4410
f 4411 4535 4533
f 4411 4533 4409
f 4410 4534 4536
f 4410 4536 4412
f 4413 4537 4535
f 4413 4535 4411
f 4412 4536 4538
f 4412 4538 4414
f 4415 4539 4537
f 4415 4537 4413
f 4414 4538 4540
f 4414 4540 4416
f 4417 4541 4539
f 4417 4539 4415
f 4416 4540 4542
f 4416 4542 4418
f 4419 4543 4541
f 4419 4541 4417
f 4542 4544 4420
f 4542 4420 4418
f 4420 4544 4545
f 4420 4545 4421
f 4422 4546 4543
f 4422 4543 4419
f 4421 4545 4547
f 4421 4547 4423
f 4425 4424 4548
f 4425 4548 4549
f 4425 4549 4546
f 4425 4546 4422
f 4424 4426 4550
f 4424 4550 4548
f 4426 4427 4551
f 4426 4551 4550
f 4427 4428 4552
f 4427 4552 4551
f 4423 4547 4552
f 4423 4552 4428
f 4554 4553 4429
f 4554 4429 4430
f 4431 4555 4554
f 4431 4554 4430
f 4553 4556 4432
f 4553 4432 4429
f 4556 4557 4433
f 4556 4433 4432
f 4557 4558 4434
f 4557 4434 4433
f 4434 4558 4559
f 4434 4559 4435
f 4436 4560 4555
f 4436 4555 4431
f 4435 4559 4561
f 4435 4561 4437
f 4438 4562 4560
f 4438 4560 4436
f 4440 4439 4563
f 4440 4563 4564
f 4437 4561 4563
f 4437 4563 4439
f 4441 4565 4562
f 4441 4562 4438
f 4440 4564 4566
f 4440 4566 4442
f 4443 4567 4565
f 4443 4565 4441
f 4442 4566 4568
f 4442 4568 4444
f 4445 4569 4567
f 4445 4567 4443
f 4444 4568 4570
f 4444 4570 4446
f 4447 4571 4569
f 4447 4569 4445
f 4446 4570 4572
f 4446 4572 4448
f 4449 4573 4571
f 4449 4571 4447
f 4448 4572 4574
f 4448 4574 4450
f 4451 4575 4573
f 4451 4573 4449
f 4450 4574 4576
f 4450 4576 4452
f 4453 4577 4575
f 4453 4575 4451
f 4452 4576 4578
f 4452 4578 4454
f 4455 4579 4577
f 4455 4577 4453
f 4454 4578 4580
f 4454 4580 4456
f 4457 4581 4579
f 4457 4579 4455
f 4456 4580 4582
f 4456 4582 4458
f 4459 4583 4581
f 4459 4581 4457
f 4458 4582 4584
f 4458 4584 4460
f 4461 4585 4583
f 4461 4583 4459
f 4460 4584 4586
f 4460 4586 4462
f 4463 4587 4585
f 4463 4585 4461
f 4462 4586 4588
f 4462 4588 4464
f 4465 4589 4587
f 4465 4587 4463
f 4464 4588 4590
f 4464 4590 4466
f 4467 4591 4589
f 4467 4589 4465
f 4466 4590 4592
f 4466 4592 4468
f 4469 4593 4591
f 4469 4591 4467
f 4468 4592 4594
f 4468 4594 4470
f 4471 4595 4593
f 4471 4593 4469
f 4470 4594 4596
f 4470 4596 4472
f 4473 4597 4595
f 4473 4595 4471
f 4472 4596 4598
f 4472 4598 4474
f 4475 4599 4597
f 4475 4597 4473
f 4474 4598 4600
f 4474 4600 4476
f 4477 4601 4599
f 4477 4599 4475
f 4476 4600 4602
f 4476 4602 4478
f 4479 4603 4601
f 4479 4601 4477
f 4478 4602 4604
f 4478 4604 4480
f 4481 4605 4603
f 4481 4603 4479
f 4480 4604 4606
f 4480 4606 4482
f 4483 4607 4605
f 4483 4605 4481
f 4482 4606 4608
f 4482 4608 4484
f 4485 4609 4607
f 4485 4607 4483
f 4484 4608 4610
f 4484 4610 4486
f 4487 4611 4609
f 4487 4609 4485
f 4486 4610 4612
f 4486 4612 4488
f 4489 4613 4611
f 4489 4611 4487
f 4488 4612 4614
f 4488 4614 4490
f 4491 4615 4613
f 4491 4613 4489
f 4490 4614 4616
f 4490 4616 4492
f 4493 4617 4615
f 4493 4615 4491
f 4492 4616 4618
f 4492 4618 4494
f 4495 4619 4617
f 4495 4617 4493
f 4494 4618 4620
f 4494 4620 4496
f 4497 4621 4619
f 4497 4619 4495
f 4496 4620 4622
f 4496 4622 4498
f 4499 4623 4621
f 4499 4621 4497
f 4498 4622 4624
f 4498 4624 4500
f 4501 4625 4623
f 4501 4623 4499
f 4500 4624 4626
f 4500 4626 4502
f 4503 4627 4625
f 4503 4625 4501
f 4502 4626 4628
f 4502 4628 4504
f 4505 4629 4627
f 4505 4627 4503
f 4504 4628 4630
f 4504 4630 4506
f 4507 4631 4629
f 4507 4629 4505
f 4506 4630 4632
f 4506 4632 4508
f 4509 4633 4631
f 4509 4631 4507
f 4508 4632 4634
f 4508 4634 4510
f 4511 4635 4633
f 4511 4633 4509
f 4510 4634 4636
f 4510 4636 4512
f 4513 4637 4635
f 4513 4635 4511
f 4512 4636 4638
f 4512 4638 4514
f 4515 4639 4637
f 4515 4637 4513
f 4514 4638 4640
f 4514 4640 4516
f 4517 4641 4639
f 4517 4639 4515
f 4516 4640 4642
f 4516 4642 4518
f 4519 4643 4641
f 4519 4641 4517
f 4518 4642 4644
f 4518 4644 4520
f 4521 4645 4643
f 4521 4643 4519
f 4520 4644 4646
f 4520 4646 4522
f 4523 4647 4645
f 4523 4645 4521
f 4522 4646 4648
f 4522 4648 4524
f 4525 4649 4647
f 4525 4647 4523
f 4524 4648 4650
f 4524 4650 4526
f 4527 4651 4649
f 4527 4649 4525
f 4526 4650 4652
f 4526 4652 4528
f 4529 4653 4651
f 4529 4651 4527
f 4528 4652 4654
f 4528 4654 4530
f 4531 4655 4653
f 4531 4653 4529
f 4530 4654 4656
f 4530 4656 4532
f 4533 4657 4655
f 4533 4655 4531
f 4532 4656 4658
f 4532 4658 4534
f 4535 4659 4657
f 4535 4657 4533
f 4534 4658 4660
f 4534 4660 4536
f 4537 4661 4659
f 4537 4659 4535
f 4536 4660 4662
f 4536 4662 4538
f 4539 4663 4661
f 4539 4661 4537
f 4538 4662 4664
f 4538 4664 4540
f 4541 4665 4663
f 4541 4663 4539
f 4540 4664 4666
f 4540 4666 4542
f 4543 4667 4665
f 4543 4665 4541
f 4666 4668 4544
f 4666 4544 4542
f 4544 4668 4669
f 4544 4669 4545
f 4546 4670 4667
f 4546 4667 4543
f 4545 4669 4671
f 4545 4671 4547
f 4549 4548 4672
f 4549 4672 4673
f 4549 4673 4670
f 4549 4670 4546
f 4548 4550 4674
f 4548 4674 4672
f 4550 4551 4675
f 4550 4675 4674
f 4551 4552 4676
f 4551 4676 4675
f 4547 4671 4676
f 4547 4676 4552
f 4678 4677 4553
f 4678 4553 4554
f 4555 4679 4678
f 4555 4678 4554
f 4677 4680 4556
f 4677 4556 4553
f 4680 4681 4557
f 4680 4557 4556
f 4681 4682 4558
f 4681 4558 4557
f 4558 4682 4683
f 4558 4683 4559
f 4560 4684 4679
f 4560 4679 4555
f 4559 4683 4685
f 4559 4685 4561
f 4562 4686 4684
f 4562 4684 4560
f 4564 4563 4687
f 4564 4687 4688
f 4561 4685 4687
f 4561 4687 4563
f 4565 4689 4686
f 4565 4686 4562
f 4564 4688 4690
f 4564 4690 4566
f 4567 4691 4689
f 4567 4689 4565
f 4566 4690 4692
f 4566 4692 4568
f 4569 4693 4691
f 4569 4691 4567
f 4568 4692 4694
f 4568 4694 4570
f 4571 4695 4693
f 4571 4693 4569
f 4570 4694 4696
f 4570 4696 4572
f 4573 4697 4695
f 4573 4695 4571
f 4572 4696 4698
f 4572 4698 4574
f 4575 4699 4697
f 4575 4697 4573
f 4574 4698 4700
f 4574 4700 4576
f 4577 4701 4699
f 4577 4699 4575
f 4576 4700 4702
f 4576 4702 4578
f 4579 4703 4701
f 4579 4701 4577
f 4578 4702 4704
f 4578 4704 4580
f 4581 4705 4703
f 4581 4703 4579
f 4580 4704 4706
f 4580 4706 4582
f 4583 4707 4705
f 4583 4705 4581
f 4582 4706 4708
f 4582 4708 4584
f 4585 4709 4707
f 4585 4707 4583
f 4584 4708 4710
f 4584 4710 4586
f 4587 4711 4709
f 4587 4709 4585
f 4586 4710 4712
f 4586 4712 4588
f 4589 4713 4711
f 4589 4711 4587
f 4588 4712 4714
f 4588 4714 4590
f 4591 4715 4713
f 4591 4713 4589
f 4590 4714 4716
f 4590 4716 4592
f 4593 4717 4715
f 4593 4715 4591
f 4592 4716 4718
f 4592 4718 4594
f 4595 4719 4717
f 4595 4717 4593
f 4594 4718 4720
f 4594 4720 4596
f 4597 4721 4719
f 4597 4719 4595
f 4596 4720 4722
f 4596 4722 4598
f 4599 4723 4721
f 4599 4721 4597
f 4598 4722 4724
f 4598 4724 4600
f 4601 4725 4723
f 4601 4723 4599
f 4600 4724 4726
f 4600 4726 4602
f 4603 4727 4725
f 4603 4725 4601
f 4602 4726 4728
f 4602 4728 4604
f 4605 4729 4727
f 4605 4727 4603
f 4604 4728 4730
f 4604 4730 4606
f 4607 4731 4729
f 4607 4729 4605
f 4606 4730 4732
f 4606 4732 4608
f 4609 4733 4731
f 4609 4731 4607
f 4608 4732 4734
f 4608 4734 4610
f 4611 4735 4733
f 4611 4733 4609
f 4610 4734 4736
f 4610 4736 4612
f 4613 4737 4735
f 4613 4735 4611
f 4612 4736 4738
f 4612 4738 4614
f 4615 4739 4737
f 4615 4737 4613
f 4614 4738 4740
f 4614 4740 4616
f 4617 4741 4739
f 4617 4739 4615
f 4616 4740 4742
f 4616 4742 4618
f 4619 4743 4741
f 4619 4741 4617
f 4618 4742 4744
f 4618 4744 4620
f 4621 4745 4743
f 4621 4743 4619
f 4620 4744 4746
f 4620 4746 4622
f 4623 4747 4745
f 4623 4745 4621
f 4622 4746 4748
f 4622 4748 4624
f 4625 4749 4747
f 4625 4747 4623
f 4624 4748 4750
f 4624 4750 4626
f 4627 4751 4749
f 4627 4749 4625
f 4626 4750 4752
f 4626 4752 4628
f 4629 4753 4751
f 4629 4751 4627
f 4628 4752 4754
f 4628 4754 4630
f 4631 4755 4753
f 4631 4753 4629
f 4630 4754 4756
f 4630 4756 4632
f 4633 4757 4755
f 4633 4755 4631
f 4632 4756 4758
f 4632 4758 4634
f 4635 4759 4757
f 4635 4757 4633
f 4634 4758 4760
f 4634 4760 4636
f 4637 4761 4759
f 4637 4759 4635
f 4636 4760 4762
f 4636 4762 4638
f 4639 4763 4761
f 4639 4761 4637
f 4638 4762 4764
f 4638 4764 4640
f 4641 4765 4763
f 4641 4763 4639
f 4640 4764 4766
f 4640 4766 4642
f 4643 4767 4765
f 4643 4765 4641
f 4642 4766 4768
f 4642 4768 4644
f 4645 4769 4767
f 4645 4767 4643
f 4644 4768 4770
f 4644 4770 4646
f 4647 4771 4769
f 4647 4769 4645
f 4646 4770 4772
f 4646 4772 4648
f 4649 4773 4771
f 4649 4771 4647
f 4648 4772 4774
f 4648 4774 4650
f 4651 4775 4773
f 4651 4773 4649
f 4650 4774 4776
f 4650 4776 4652
f 4653 4777 4775
f 4653 4775 4651
f 4652 4776 4778
f 4652 4778 4654
f 4655 4779 4777
f 4655 4777 4653
f 4654 4778 4780
f 4654 4780 4656
f 4657 4781 4779
f 4657 4779 4655
f 4656 4780 4782
f 4656 4782 4658
f 4659 4783 4781
f 4659 4781 4657
f 4658 4782 4784
f 4658 4784 4660
f 4661 4785 4783
f 4661 4783 4659
f 4660 4784 4786
f 4660 4786 4662
f 4663 4787 4785
f 4663 4785 4661
f 4662 4786 4788
f 4662 4788 4664
f 4665 4789 4787
f 4665 4787 4663
f 4664 4788 4790
f 4664 4790 4666
f 4667 4791 4789
f 4667 4789 4665
f 4790 4792 4668
f 4790 4668 4666
f 4668 4792 4793
f 4668 4793 4669
f 4670 4794 4791
f 4670 4791 4667
f 4669 4793 4795
f 4669 4795 4671
f 4673 4672 4796
f 4673 4796 4797
f 4673 4797 4794
f 4673 4794 4670
f 4672 4674 4798
f 4672 4798 4796
f 4674 4675 4799
f 4674 4799 4798
f 4675 4676 4800
f 4675 4800 4799
f 4671 4795 4800
f 4671 4800 4676
f 4802 4801 4677
f 4802 4677 4678
f 4679 4803 4802
f 4679 4802 4678
f 4801 4804 4680
f 4801 4680 4677
f 4804 4805 4681
f 4804 4681 4680
f 4805 4806 4682
f 4805 4682 4681
f 4682 4806 4807
f 4682 4807 4683
f 4684 4808 4803
f 4684 4803 4679
f 4683 4807 4809
f 4683 4809 4685
f 4686 4810 4808
f 4686 4808 4684
f 4688 4687 4811
f 4688 4811 4812
f 4685 4809 4811
f 4685 4811 4687
f 4689 4813 4810
f 4689 4810 4686
f 4688 4812 4814
f 4688 4814 4690
f 4691 4815 4813
f 4691 4813 4689
f 4690 4814 4816
f 4690 4816 4692
f 4693 4817 4815
f 4693 4815 4691
f 4692 4816 4818
f 4692 4818 4694
f 4695 4819 4817
f 4695 4817 4693
f 4694 4818 4820
f 4694 4820 4696
f 4697 4821 4819
f 4697 4819 4695
f 4696 4820 4822
f 4696 4822 4698
f 4699 4823 4821
f 4699 4821 4697
f 4698 4822 4824
f 4698 4824 4700
f 4701 4825 4823
f 4701 4823 4699
f 4700 4824 4826
f 4700 4826 4702
f 4703 4827 4825
f 4703 4825 4701
f 4702 4826 4828
f 4702 4828 4704
f 4705 4829 4827
f 4705 4827 4703
f 4704 4828 4830
f 4704 4830 4706
f 4707 4831 4829
f 4707 4829 4705
f 4706 4830 4832
f 4706 4832 4708
f 4709 4833 4831
f 4709 4831 4707
f 4708 4832 4834
f 4708 4834 4710
f 4711 4835 4833
f 4711 4833 4709
f 4710 4834 4836
f 4710 4836 4712
f 4713 4837 4835
f 4713 4835 4711
f 4712 4836 4838
f 4712 4838 4714
f 4715 4839 4837
f 4715 4837 4713
f 4714 4838 4840
f 4714 4840 4716
f 4717 4841 4839
f 4717 4839 4715
f 4716 4840 4842
f 4716 4842 4718
f 4719 4843 4841
f 4719 4841 4717
f 4718 4842 4844
f 4718 4844 4720
f 4721 4845 4843
f 4721 4843 4719
f 4720 4844 4846
f 4720 4846 4722
f 4723 4847 4845
f 4723 4845 4721
f 4722 4846 4848
f 4722 4848 4724
f 4725 4849 4847
f 4725 4847 4723
f 4724 4848 4850
f 4724 4850 4726
f 4727 4851 4849
f 4727 4849 4725
f 4726 4850 4852
f 4726 4852 4728
f 4729 4853 4851
f 4729 4851 4727
f 4728 4852 4854
f 4728 4854 4730
f 4731 4855 4853
f 4731 4853 4729
f 4730 4854 4856
f 4730 4856 4732
f 4733 4857 4855
f 4733 4855 4731
f 4732 4856 4858
f 4732 4858 4734
f 4735 4859 4857
f 4735 4857 4733
f 4734 4858 4860
f 4734 4860 4736
f 4737 4861 4859
f 4737 4859 4735
f 4736 4860 4862
f 4736 4862 4738
f 4739 4863 4861
f 4739 4861 4737
f 4738 4862 4864
f 4738 4864 4740
f 4741 4865 4863
f 4741 4863 4739
f 4740 4864 4866
f 4740 4866 4742
f 4743 4867 4865
f 4743 4865 4741
f 4742 4866 4868
f 4742 4868 4744
f 4745 4869 4867
f 4745 4867 4743
f 4744 4868 4870
f 4744 4870 4746
f 4747 4871 4869
f 4747 4869 4745
f 4746 4870 4872
f 4746 4872 4748
f 4749 4873 4871
f 4749 4871 4747
f 4748 4872 4874
f 4748 4874 4750
f 4751 4875 4873
f 4751 4873 4749
f 4750 4874 4876
f 4750 4876 4752
f 4753 4877 4875
f 4753 4875 4751
f 4752 4876 4878
f 4752 4878 4754
f 4755 4879 4877
f 4755 4877 4753
f 4754 4878 4880
f 4754 4880 4756
f 4757 4881 4879
f 4757 4879 4755
f 4756 4880 4882
f 4756 4882 4758
f 4759 4883 4881
f 4759 4881 4757
f 4758 4882 4884
f 4758 4884 4760
f 4761 4885 4883
f 4761 4883 4759
f 4760 4884 4886
f 4760 4886 4762
f 4763 4887 4885
f 4763 4885 4761
f 4762 4886 4888
f 4762 4888 4764
f 4765 4889 4887
f 4765 4887 4763
f 4764 4888 4890
f 4764 4890 4766
f 4767 4891 4889
f 4767 4889 4765
f 4766 4890 4892
f 4766 4892 4768
f 4769 4893 4891
f 4769 4891 4767
f 4768 4892 4894
f 4768 4894 4770
f 4771 4895 4893
f 4771 4893 4769
f 4770 4894 4896
f 4770 4896 4772
f 4773 4897 4895
f 4773 4895 4771
f 4772 4896 4898
f 4772 4898 4774
f 4775 4899 4897
f 4775 4897 4773
f 4774 4898 4900
f 4774 4900 4776
f 4777 4901 4899
f 4777 4899 4775
f 4776 4900 4902
f 4776 4902 4778
f 4779 4903 4901
f 4779 4901 4777
f 4778 4902 4904
f 4778 4904 4780
f 4781 4905 4903
f 4781 4903 4779
f 4780 4904 4906
f 4780 4906 4782
f 4783 4907 4905
f 4783 4905 4781
f 4782 4906 4908
f 4782 4908 4784
f 4785 4909 4907
f 4785 4907 4783
f 4784 4908 4910
f 4784 4910 4786
f 4787 4911 4909
f 4787 4909 4785
f 4786 4910 4912
f 4786 4912 4788
f 4789 4913 4911
f 4789 4911 4787
f 4788 4912 4914
f 4788 4914 4790
f 4791 4915 4913
f 4791 4913 4789
f 4914 4916 4792
f 4914 4792 4790
f 4792 4916 4917
f 4792 4917 4793
f 4794 4918 4915
f 4794 4915 4791
f 4793 4917 4919
f 4793 4919 4795
f 4797 4796 4920
f 4797 4920 4921
f 4797 4921 4918
f 4797 4918 4794
f 4796 4798 4922
f 4796 4922 4920
f 4798 4799 4923
f 4798 4923 4922
f 4799 4800 4924
f 4799 4924 4923
f 4795 4919 4924
f 4795 4924 4800
f 4926 4925 4801
f 4926 4801 4802
f 4803 4927 4926
f 4803 4926 4802
f 4925 4928 4804
f 4925 4804 4801
f 4928 4929 4805
f 4928 4805 4804
f 4929 4930 4806
f 4929 4806 4805
f 4806 4930 4931
f 4806 4931 4807
f 4808 4932 4927
f 4808 4927 4803
f 4807 4931 4933
f 4807 4933 4809
f 4810 4934 4932
f 4810 4932 4808
f 4812 4811 4935
f 4812 4935 4936
f 4809 4933 4935
f 4809 4935 4811
f 4813 4937 4934
f 4813 4934 4810
f 4812 4936 4938
f 4812 4938 4814
f 4815 4939 4937
f 4815 4937 4813
f 4814 4938 4940
f 4814 4940 4816
f 4817 4941 4939
f 4817 4939 4815
f 4816 4940 4942
f 4816 4942 4818
f 4819 4943 4941
f 4819 4941 4817
f 4818 4942 4944
f 4818 4944 4820
f 4821 4945 4943
f 4821 4943 4819
f 4820 4944 4946
f 4820 4946 4822
f 4823 4947 4945
f 4823 4945 4821
f 4822 4946 4948
f 4822 4948 4824
f 4825 4949 4947
f 4825 4947 4823
f 4824 4948 4950
f 4824 4950 4826
f 4827 4951 4949
f 4827 4949 4825
f 4826 4950 4952
f 4826 4952 4828
f 4829 4953 4951
f 4829 4951 4827
f 4828 4952 4954
f 4828 4954 4830
f 4831 4955 4953
f 4831 4953 4829
f 4830 4954 4956
f 4830 4956 4832
f 4833 4957 4955
f 4833 4955 4831
f 4832 4956 4958
f 4832 4958 4834
f 4835 4959 4957
f 4835 4957 4833
f 4834 4958 4960
f 4834 4960 4836
f 4837 4961 4959
f 4837 4959 4835
f 4836 4960 4962
f 4836 4962 4838
f 4839 4963 4961
f 4839 4961 4837
f 4838 4962 4964
f 4838 4964 4840
f 4841 4965 4963
f 4841 4963 4839
f 4840 4964 4966
f 4840 4966 4842
f 4843 4967 4965
f 4843 4965 4841
f 4842 4966 4968
f 4842 4968 4844
f 4845 4969 4967
f 4845 4967 4843
f 4844 4968 4970
f 4844 4970 4846
f 4847 4971 4969
f 4847 4969 4845
f 4846 4970 4972
f 4846 4972 4848
f 4849 4973 4971
f 4849 4971 4847
f 4848 4972 4974
f 4848 4974 4850
f 4851 4975 4973
f 4851 4973 4849
f 4850 4974 4976
f 4850 4976 4852
f 4853 4977 4975
f 4853 4975 4851
f 4852 4976 4978
f 4852 4978 4854
f 4855 4979 4977
f 4855 4977 4853
f 4854 4978 4980
f 4854 4980 4856
f 4857 4981 4979
f 4857 4979 4855
f 4856 4980 4982
f 4856 4982 4858
f 4859 4983 4981
f 4859 4981 4857
f 4858 4982 4984
f 4858 4984 4860
f 4861 4985 4983
f 4861 4983 4859
f 4860 4984 4986
f 4860 4986 4862
f 4863 4987 4985
f 4863 4985 4861
f 4862 4986 4988
f 4862 4988 4864
f 4865 4989 4987
f 4865 4987 4863
f 4864 4988 4990
f 4864 4990 4866
f 4867 4991 4989
f 4867 4989 4865
f 4866 4990 4992
f 4866 4992 4868
f 4869 4993 4991
f 4869 4991 4867
f 4868 4992 4994
f 4868 4994 4870
f 4871 4995 4993
f 4871 4993 4869
f 4870 4994 4996
f 4870 4996 4872
f 4873 4997 4995
f 4873 4995 4871
f 4872 4996 4998
f 4872 4998 4874
f 4875 4999 4997
f 4875 4997 4873
f 4874 4998 5000
f 4874 5000 4876
f 4877 5001 4999
f 4877 4999 4875
f 4876 5000 5002
f 4876 5002 4878
f 4879 5003 5001
f 4879 5001 4877
f 4878 5002 5004
f 4878 5004 4880
f 4881 5005 5003
f 4881 5003 4879
f 4880 5004 5006
f 4880 5006 4882
f 4883 5007 5005
f 4883 5005 4881
f 4882 5006 5008
f 4882 5008 4884
f 4885 5009 5007
f 4885 5007 4883
f 4884 5008 5010
f 4884 5010 4886
f 4887 5011 5009
f 4887 5009 4885
f 4886 5010 5012
f 4886 5012 4888
f 4889 5013 5011
f 4889 5011 4887
f 4888 5012 5014
f 4888 5014 4890
f 4891 5015 5013
f 4891 5013 4889
f 4890 5014 5016
f 4890 5016 4892
f 4893 5017 5015
f 4893 5015 4891
f 4892 5016 5018
f 4892 5018 4894
f 4895 5019 5017
f 4895 5017 4893
f 4894 5018 5020
f 4894 5020 4896
f 4897 5021 5019
f 4897 5019 4895
f 4896 5020 5022
f 4896 5022 4898
f 4899 5023 5021
f 4899 5021 4897
f 4898 5022 5024
f 4898 5024 4900
f 4901 5025 5023
f 4901 5023 4899
f 4900 5024 5026
f 4900 5026 4902
f 4903 5027 5025
f 4903 5025 4901
f 4902 5026 5028
f 4902 5028 4904
f 4905 5029 5027
f 4905 5027 4903
f 4904 5028 5030
f 4904 5030 4906
f 4907 5031 5029
f 4907 5029 4905
f 4906 5030 5032
f 4906 5032 4908
f 4909 5033 5031
f 4909 5031 4907
f 4908 5032 5034
f 4908 5034 4910
f 4911 5035 5033
f 4911 5033 4909
f 4910 5034 5036
f 4910 5036 4912
f 4913 5037 5035
f 4913 5035 4911
f 4912 5036 5038
f 4912 5038 4914
f 4915 5039 5037
f 4915 5037 4913
f 5038 5040 4916
f 5038 4916 4914
f 4916 5040 5041
f 4916 5041 4917
f 4918 5042 5039
f 4918 5039 4915
f 4917 5041 5043
f 4917 5043 4919
f 4921 4920 5044
f 4921 5044 5045
f 4921 5045 5042
f 4921 5042 4918
f 4920 4922 5046
f 4920 5046 5044
f 4922 4923 5047
f 4922 5047 5046
f 4923 4924 5048
f 4923 5048 5047
f 4919 5043 5048
f 4919 5048 4924
f 5050 5049 4925
f 5050 4925 4926
f 4927 5051 5050
f 4927 5050 4926
f 5049 5052 4928
f 5049 4928 4925
f 5052 5053 4929
f 5052 4929 4928
f 5053 5054 4930
f 5053 4930 4929
f 4930 5054 5055
f 4930 5055 4931
f 4932 5056 5051
f 4932 5051 4927
f 4931 5055 5057
f 4931 5057 4933
f 4934 5058 5056
f 4934 5056 4932
f 4936 4935 5059
f 4936 5059 5060
f 4933 5057 5059
f 4933 5059 4935
f 4937 5061 5058
f 4937 5058 4934
f 4936 5060 5062
f 4936 5062 4938
f 4939 5063 5061
f 4939 5061 4937
f 4938 5062 5064
f 4938 5064 4940
f 4941 5065 5063
f 4941 5063 4939
f 4940 5064 5066
f 4940 5066 4942
f 4943 5067 5065
f 4943 5065 4941
f 4942 5066 5068
f 4942 5068 4944
f 4945 5069 5067
f 4945 5067 4943
f 4944 5068 5070
f 4944 5070 4946
f 4947 5071 5069
f 4947 5069 4945
f 4946 5070 5072
f 4946 5072 4948
f 4949 5073 5071
f 4949 5071 4947
f 4948 5072 5074
f 4948 5074 4950
f 4951 5075 5073
f 4951 5073 4949
f 4950 5074 5076
f 4950 5076 4952
f 4953 5077 5075
f 4953 5075 4951
f 4952 5076 5078
f 4952 5078 4954
f 4955 5079 5077
f 4955 5077 4953
f 4954 5078 5080
f 4954 5080 4956
f 4957 5081 5079
f 4957 5079 4955
f 4956 5080 5082
f 4956 5082 4958
f 4959 5083 5081
f 4959 5081 4957
f 4958 5082 5084
f 4958 5084 4960
f 4961 5085 5083
f 4961 5083 4959
f 4960 5084 5086
f 4960 5086 4962
f 4963 5087 5085
f 4963 5085 4961
f 4962 5086 5088
f 4962 5088 4964
f 4965 5089 5087
f 4965 5087 4963
f 4964 5088 5090
f 4964 5090 4966
f 4967 5091 5089
f 4967 5089 4965
f 4966 5090 5092
f 4966 5092 4968
f 4969 5093 5091
f 4969 5091 4967
f 4968 5092 5094
f 4968 5094 4970
f 4971 5095 5093
f 4971 5093 4969
f 4970 5094 5096
f 4970 5096 4972
f 4973 5097 5095
f 4973 5095 4971
f 4972 5096 5098
f 4972 5098 4974
f 4975 5099 5097
f 4975 5097 4973
f 4974 5098 5100
f 4974 5100 4976
f 4977 5101 5099
f 4977 5099 4975
f 4976 5100 5102
f 4976 5102 4978
f 4979 5103 5101
f 4979 5101 4977
f 4978 5102 5104
f 4978 5104 4980
f 4981 5105 5103
f 4981 5103 4979
f 4980 5104 5106
f 4980 5106 4982
f 4983 5107 5105
f 4983 5105 4981
f 4982 5106 5108
f 4982 5108 4984
f 4985 5109 5107
f 4985 5107 4983
f 4984 5108 5110
f 4984 5110 4986
f 4987 5111 5109
f 4987 5109 4985
f 4986 5110 5112
f 4986 5112 4988
f 4989 5113 5111
f 4989 5111 4987
f 4988 5112 5114
f 4988 5114 4990
f 4991 5115 5113
f 4991 5113 4989
f 4990 5114 5116
f 4990 5116 4992
f 4993 5117 5115
f 4993 5115 4991
f 4992 5116 5118
f 4992 5118 4994
f 4995 5119 5117
f 4995 5117 4993
f 4994 5118 5120
f 4994 5120 4996
f 4997 5121 5119
f 4997 5119 4995
f 4996 5120 5122
f 4996 5122 4998
f 4999 5123 5121
f 4999 5121 4997
f 4998 5122 5124
f 4998 5124 5000
f 5001 5125 5123
f 5001 5123 4999
f 5000 5124 5126
f 5000 5126 5002
f 5003 5127 5125
f 5003 5125 5001
f 5002 5126 5128
f 5002 5128 5004
f 5005 5129 5127
f 5005 5127 5003
f 5004 5128 5130
f 5004 5130 5006
f 5007 5131 5129
f 5007 5129 5005
f 5006 5130 5132
f 5006 5132 5008
f 5009 5133 5131
f 5009 5131 5007
f 5008 5132 5134
f 5008 5134 5010
f 5011 5135 5133
f 5011 5133 5009
f 5010 5134 5136
f 5010 5136 5012
f 5013 5137 5135
f 5013 5135 5011
f 5012 5136 5138
f 5012 5138 5014
f 5015 5139 5137
f 5015 5137 5013
f 5014 5138 5140
f 5014 5140 5016
f 5017 5141 5139
f 5017 5139 5015
f 5016 5140 5142
f 5016 5142 5018
f 5019 5143 5141
f 5019 5141 5017
f 5018 5142 5144
f 5018 5144 5020
f 5021 5145 5143
f 5021 5143 5019
f 5020 5144 5146
f 5020 5146 5022
f 5023 5147 5145
f 5023 5145 5021
f 5022 5146 5148
f 5022 5148 5024
f 5025 5149 5147
f 5025 5147 5023
f 5024 5148 5150
f 5024 5150 5026
f 5027 5151 5149
f 5027 5149 5025
f 5026 5150 5152
f 5026 5152 5028
f 5029 5153 5151
f 5029 5151 5027
f 5028 5152 5154
f 5028 5154 5030
f 5031 5155 5153
f 5031 5153 5029
f 5030 5154 5156
f 5030 5156 5032
f 5033 5157 5155
f 5033 5155 5031
f 5032 5156 5158
f 5032 5158 5034
f 5035 5159 5157
f 5035 5157 5033
f 5034 5158 5160
f 5034 5160 5036
f 5037 5161 5159
f 5037 5159 5035
f 5036 5160 5162
f 5036 5162 5038
f 5039 5163 5161
f 5039 5161 5037
f 5162 5164 5040
f 5162 5040 5038
f 5040 5164 5165
f 5040 5165 5041
f 5042 5166 5163
f 5042 5163 5039
f 5041 5165 5167
f 5041 5167 5043
f 5045 5044 5168
f 5045 5168 5169
f 5045 5169 5166
f 5045 5166 5042
f 5044 5046 5170
f 5044 5170 5168
f 5046 5047 5171
f 5046 5171 5170
f 5047 5048 5172
f 5047 5172 5171
f 5043 5167 5172
f 5043 5172 5048
f 5174 5173 5049
f 5174 5049 5050
f 5051 5175 5174
f 5051 5174 5050
f 5173 5176 5052
f 5173 5052 5049
f 5176 5177 5053
f 5176 5053 5052
f 5177 5178 5054
f 5177 5054 5053
f 5054 5178 5179
f 5054 5179 5055
f 5056 5180 5175
f 5056 5175 5051
f 5055 5179 5181
f 5055 5181 5057
f 5058 5182 5180
f 5058 5180 5056
f 5060 5059 5183
f 5060 5183 5184
f 5057 5181 5183
f 5057 5183 5059
f 5061 5185 5182
f 5061 5182 5058
f 5060 5184 5186
f 5060 5186 5062
f 5063 5187 5185
f 5063 5185 5061
f 5062 5186 5188
f 5062 5188 5064
f 5065 5189 5187
f 5065 5187 5063
f 5064 5188 5190
f 5064 5190 5066
f 5067 5191 5189
f 5067 5189 5065
f 5066 5190 5192
f 5066 5192 5068
f 5069 5193 5191
f 5069 5191 5067
f 5068 5192 5194
f 5068 5194 5070
f 5071 5195 5193
f 5071 5193 5069
f 5070 5194 5196
f 5070 5196 5072
f 5073 5197 5195
f 5073 5195 5071
f 5072 5196 5198
f 5072 5198 5074
f 5075 5199 5197
f 5075 5197 5073
f 5074 5198 5200
f 5074 5200 5076
f 5077 5201 5199
f 5077 5199 5075
f 5076 5200 5202
f 5076 5202 5078
f 5079 5203 5201
f 5079 5201 5077
f 5078 5202 5204
f 5078 5204 5080
f 5081 5205 5203
f 5081 5203 5079
f 5080 5204 5206
f 5080 5206 5082
f 5083 5207 5205
f 5083 5205 5081
f 5082 5206 5208
f 5082 5208 5084
f 5085 5209 5207
f 5085 5207 5083
f 5084 5208 5210
f 5084 5210 5086
f 5087 5211 5209
f 5087 5209 5085
f 5086 5210 5212
f 5086 5212 5088
f 5089 5213 5211
f 5089 5211 5087
f 5088 5212 5214
f 5088 5214 5090
f 5091 5215 5213
f 5091 5213 5089
f 5090 5214 5216
f 5090 5216 5092
f 5093 5217 5215
f 5093 5215 5091
f 5092 5216 5218
f 5092 5218 5094
f 5095 5219 5217
f 5095 5217 5093
f 5094 5218 5220
f 5094 5220 5096
f 5097 5221 5219
f 5097 5219 5095
f 5096 5220 5222
f 5096 5222 5098
f 5099 5223 5221
f 5099 5221 5097
f 5098 5222 5224
f 5098 5224 5100
f 5101 5225 5223
f 5101 5223 5099
f 5100 5224 5226
f 5100 5226 5102
f 5103 5227 5225
f 5103 5225 5101
f 5102 5226 5228
f 5102 5228 5104
f 5105 5229 5227
f 5105 5227 5103
f 5104 5228 5230
f 5104 5230 5106
f 5107 5231 5229
f 5107 5229 5105
f 5106 5230 5232
f 5106 5232 5108
f 5109 5233 5231
f 5109 5231 5107
f 5108 5232 5234
f 5108 5234 5110
f 5111 5235 5233
f 5111 5233 5109
f 5110 5234 5236
f 5110 5236 5112
f 5113 5237 5235
f 5113 5235 5111
f 5112 5236 5238
f 5112 5238 5114
f 5115 5239 5237
f 5115 5237 5113
f 5114 5238 5240
f 5114 5240 5116
f 5117 5241 5239
f 5117 5239 5115
f 5116 5240 5242
f 5116 5242 5118
f 5119 5243 5241
f 5119 5241 5117
f 5118 5242 5244
f 5118 5244 5120
f 5121 5245 5243
f 5121 5243 5119
f 5120 5244 5246
f 5120 5246 5122
f 5123 5247 5245
f 5123 5245 5121
f 5122 5246 5248
f 5122 5248 5124
f 5125 5249 5247
f 5125 5247 5123
f 5124 5248 5250
f 5124 5250 5126
f 5127 5251 5249
f 5127 5249 5125
f 5126 5250 5252
f 5126 5252 5128
f 5129 5253 5251
f 5129 5251 5127
f 5128 5252 5254
f 5128 5254 5130
f 5131 5255 5253
f 5131 5253 5129
f 5130 5254 5256
f 5130 5256 5132
f 5133 5257 5255
f 5133 5255 5131
f 5132 5256 5258
f 5132 5258 5134
f 5135 5259 5257
f 5135 5257 5133
f 5134 5258 5260
f 5134 5260 5136
f 5137 5261 5259
f 5137 5259 5135
f 5136 5260 5262
f 5136 5262 5138
f 5139 5263 5261
f 5139 5261 5137
f 5138 5262 5264
f 5138 5264 5140
f 5141 5265 5263
f 5141 5263 5139
f 5140 5264 5266
f 5140 5266 5142
f 5143 5267 5265
f 5143 5265 5141
f 5142 5266 5268
f 5142 5268 5144
f 5145 5269 5267
f 5145 5267 5143
f 5144 5268 5270
f 5144 5270 5146
f 5147 5271 5269
f 5147 5269 5145
f 5146 5270 5272
f 5146 5272 5148
f 5149 5273 5271
f 5149 5271 5147
f 5148 5272 5274
f 5148 5274 5150
f 5151 5275 5273
f 5151 5273 5149
f 5150 5274 5276
f 5150 5276 5152
f 5153 5277 5275
f 5153 5275 5151
f 5152 5276 5278
f 5152 5278 5154
f 5155 5279 5277
f 5155 5277 5153
f 5154 5278 5280
f 5154 5280 5156
f 5157 5281 5279
f 5157 5279 5155
f 5156 5280 5282
f 5156 5282 5158
f 5159 5283 5281
f 5159 5281 5157
f 5158 5282 5284
f 5158 5284 5160
f 5161 5285 5283
f 5161 5283 5159
f 5160 5284 5286
f 5160 5286 5162
f 5163 5287 5285
f 5163 5285 5161
f 5286 5288 5164
f 5286 5164 5162
f 5164 5288 5289
f 5164 5289 5165
f 5166 5290 5287
f 5166 5287 5163
f 5165 5289 5291
f 5165 5291 5167
f 5169 5168 5292
f 5169 5292 5293
f 5169 5293 5290
f 5169 5290 5166
f 5168 5170 5294
f 5168 5294 5292
f 5170 5171 5295
f 5170 5295 5294
f 5171 5172 5296
f 5171 5296 5295
f 5167 5291 5296
f 5167 5296 5172
f 5298 5297 5173
f 5298 5173 5174
f 5175 5299 5298
f 5175 5298 5174
f 5297 5300 5176
f 5297 5176 5173
f 5300 5301 5177
f 5300 5177 5176
f 5301 5302 5178
f 5301 5178 5177
f 5178 5302 5303
f 5178 5303 5179
f 5180 5304 5299
f 5180 5299 5175
f 5179 5303 5305
f 5179 5305 5181
f 5182 5306 5304
f 5182 5304 5180
f 5184 5183 5307
f 5184 5307 5308
f 5181 5305 5307
f 5181 5307 5183
f 5185 5309 5306
f 5185 5306 5182
f 5184 5308 5310
f 5184 5310 5186
f 5187 5311 5309
f 5187 5309 5185
f 5186 5310 5312
f 5186 5312 5188
f 5189 5313 5311
f 5189 5311 5187
f 5188 5312 5314
f 5188 5314 5190
f 5191 5315 5313
f 5191 5313 5189
f 5190 5314 5316
f 5190 5316 5192
f 5193 5317 5315
f 5193 5315 5191
f 5192 5316 5318
f 5192 5318 5194
f 5195 5319 5317
f 5195 5317 5193
f 5194 5318 5320
f 5194 5320 5196
f 5197 5321 5319
f 5197 5319 5195
f 5196 5320 5322
f 5196 5322 5198
f 5199 5323 5321
f 5199 5321 5197
f 5198 5322 5324
f 5198 5324 5200
f 5201 5325 5323
f 5201 5323 5199
f 5200 5324 5326
f 5200 5326 5202
f 5203 5327 5325
f 5203 5325 5201
f 5202 5326 5328
f 5202 5328 5204
f 5205 5329 5327
f 5205 5327 5203
f 5204 5328 5330
f 5204 5330 5206
f 5207 5331 5329
f 5207 5329 5205
f 5206 5330 5332
f 5206 5332 5208
f 5209 5333 5331
f 5209 5331 5207
f 5208 5332 5334
f 5208 5334 5210
f 5211 5335 5333
f 5211 5333 5209
f 5210 5334 5336
f 5210 5336 5212
f 5213 5337 5335
f 5213 5335 5211
f 5212 5336 5338
f 5212 5338 5214
f 5215 5339 5337
f 5215 5337 5213
f 5214 5338 5340
f 5214 5340 5216
f 5217 5341 5339
f 5217 5339 5215
f 5216 5340 5342
f 5216 5342 5218
f 5219 5343 5341
f 5219 5341 5217
f 5218 5342 5344
f 5218 5344 5220
f 5221 5345 5343
f 5221 5343 5219
f 5220 5344 5346
f 5220 5346 5222
f 5223 5347 5345
f 5223 5345 5221
f 5222 5346 5348
f 5222 5348 5224
f 5225 5349 5347
f 5225 5347 5223
f 5224 5348 5350
f 5224 5350 5226
f 5227 5351 5349
f 5227 5349 5225
f 5226 5350 5352
f 5226 5352 5228
f 5229 5353 5351
f 5229 5351 5227
f 5228 5352 5354
f 5228 5354 5230
f 5231 5355 5353
f 5231 5353 5229
f 5230 5354 5356
f 5230 5356 5232
f 5233 5357 5355
f 5233 5355 5231
f 5232 5356 5358
f 5232 5358 5234
f 5235 5359 5357
f 5235 5357 5233
f 5234 5358 5360
f 5234 5360 5236
f 5237 5361 5359
f 5237 5359 5235
f 5236 5360 5362
f 5236 5362 5238
f 5239 5363 5361
f 5239 5361 5237
f 5238 5362 5364
f 5238 5364 5240
f 5241 5365 5363
f 5241 5363 5239
f 5240 5364 5366
f 5240 5366 5242
f 5243 5367 5365
f 5243 5365 5241
f 5242 5366 5368
f 5242 5368 5244
f 5245 5369 5367
f 5245 5367 5243
f 5244 5368 5370
f 5244 5370 5246
f 5247 5371 5369
f 5247 5369 5245
f 5246 5370 5372
f 5246 5372 5248
f 5249 5373 5371
f 5249 5371 5247
f 5248 5372 5374
f 5248 5374 5250
f 5251 5375 5373
f 5251 5373 5249
f 5250 5374 5376
f 5250 5376 5252
f 5253 5377 5375
f 5253 5375 5251
f 5252 5376 5378
f 5252 5378 5254
f 5255 5379 5377
f 5255 5377 5253
f 5254 5378 5380
f 5254 5380 5256
f 5257 5381 5379
f 5257 5379 5255
f 5256 5380 5382
f 5256 5382 5258
f 5259 5383 5381
f 5259 5381 5257
f 5258 5382 5384
f 5258 5384 5260
f 5261 5385 5383
f 5261 5383 5259
f 5260 5384 5386
f 5260 5386 5262
f 5263 5387 5385
f 5263 5385 5261
f 5262 5386 5388
f 5262 5388 5264
f 5265 5389 5387
f 5265 5387 5263
f 5264 5388 5390
f 5264 5390 5266
f 5267 5391 5389
f 5267 5389 5265
f 5266 5390 5392
f 5266 5392 5268
f 5269 5393 5391
f 5269 5391 5267
f 5268 5392 5394
f 5268 5394 5270
f 5271 5395 5393
f 5271 5393 5269
f 5270 5394 5396
f 5270 5396 5272
f 5273 5397 5395
f 5273 5395 5271
f 5272 5396 5398
f 5272 5398 5274
f 5275 5399 5397
f 5275 5397 5273
f 5274 5398 5400
f 5274 5400 5276
f 5277 5401 5399
f 5277 5399 5275
f 5276 5400 5402
f 5276 5402 5278
f 5279 5403 5401
f 5279 5401 5277
f 5278 5402 5404
f 5278 5404 5280
f 5281 5405 5403
f 5281 5403 5279
f 5280 5404 5406
f 5280 5406 5282
f 5283 5407 5405
f 5283 5405 5281
f 5282 5406 5408
f 5282 5408 5284
f 5285 5409 5407
f 5285 5407 5283
f 5284 5408 5410
f 5284 5410 5286
f 5287 5411 5409
f 5287 5409 5285
f 5410 5412 5288
f 5410 5288 5286
f 5288 5412 5413
f 5288 5413 5289
f 5290 5414 5411
f 5290 5411 5287
f 5289 5413 5415
f 5289 5415 5291
f 5293 5292 5416
f 5293 5416 5417
f 5293 5417 5414
f 5293 5414 5290
f 5292 5294 5418
f 5292 5418 5416
f 5294 5295 5419
f 5294 5419 5418
f 5295 5296 5420
f 5295 5420 5419
f 5291 5415 5420
f 5291 5420 5296
f 5422 5421 5297
f 5422 5297 5298
f 5299 5423 5422
f 5299 5422 5298
f 5421 5424 5300
f 5421 5300 5297
f 5424 5425 5301
f 5424 5301 5300
f 5425 5426 5302
f 5425 5302 5301
f 5302 5426 5427
f 5302 5427 5303
f 5304 5428 5423
f 5304 5423 5299
f 5303 5427 5429
f 5303 5429 5305
f 5306 5430 5428
f 5306 5428 5304
f 5308 5307 5431
f 5308 5431 5432
f 5305 5429 5431
f 5305 5431 5307
f 5309 5433 5430
f 5309 5430 5306
f 5308 5432 5434
f 5308 5434 5310
f 5311 5435 5433
f 5311 5433 5309
f 5310 5434 5436
f 5310 5436 5312
f 5313 5437 5435
f 5313 5435 5311
f 5312 5436 5438
f 5312 5438 5314
f 5315 5439 5437
f 5315 5437 5313
f 5314 5438 5440
f 5314 5440 5316
f 5317 5441 5439
f 5317 5439 5315
f 5316 5440 5442
f 5316 5442 5318
f 5319 5443 5441
f 5319 5441 5317
f 5318 5442 5444
f 5318 5444 5320
f 5321 5445 5443
f 5321 5443 5319
f 5320 5444 5446
f 5320 5446 5322
f 5323 5447 5445
f 5323 5445 5321
f 5322 5446 5448
f 5322 5448 5324
f 5325 5449 5447
f 5325 5447 5323
f 5324 5448 5450
f 5324 5450 5326
f 5327 5451 5449
f 5327 5449 5325
f 5326 5450 5452
f 5326 5452 5328
f 5329 5453 5451
f 5329 5451 5327
f 5328 5452 5454
f 5328 5454 5330
f 5331 5455 5453
f 5331 5453 5329
f 5330 5454 5456
f 5330 5456 5332
f 5333 5457 5455
f 5333 5455 5331
f 5332 5456 5458
f 5332 5458 5334
f 5335 5459 5457
f 5335 5457 5333
f 5334 5458 5460
f 5334 5460 5336
f 5337 5461 5459
f 5337 5459 5335
f 5336 5460 5462
f 5336 5462 5338
f 5339 5463 5461
f 5339 5461 5337
f 5338 5462 5464
f 5338 5464 5340
f 5341 5465 5463
f 5341 5463 5339
f 5340 5464 5466
f 5340 5466 5342
f 5343 5467 5465
f 5343 5465 5341
f 5342 5466 5468
f 5342 5468 5344
f 5345 5469 5467
f 5345 5467 5343
f 5344 5468 5470
f 5344 5470 5346
f 5347 5471 5469
f 5347 5469 5345
f 5346 5470 5472
f 5346 5472 5348
f 5349 5473 5471
f 5349 5471 5347
f 5348 5472 5474
f 5348 5474 5350
f 5351 5475 5473
f 5351 5473 5349
f 5350 5474 5476
f 5350 5476 5352
f 5353 5477 5475
f 5353 5475 5351
f 5352 5476 5478
f 5352 5478 5354
f 5355 5479 5477
f 5355 5477 5353
f 5354 5478 5480
f 5354 5480 5356
f 5357 5481 5479
f 5357 5479 5355
f 5356 5480 5482
f 5356 5482 5358
f 5359 5483 5481
f 5359 5481 5357
f 5358 5482 5484
f 5358 5484 5360
f 5361 5485 5483
f 5361 5483 5359
f 5360 5484 5486
f 5360 5486 5362
f 5363 5487 5485
f 5363 5485 5361
f 5362 5486 5488
f 5362 5488 5364
f 5365 5489 5487
f 5365 5487 5363
f 5364 5488 5490
f 5364 5490 5366
f 5367 5491 5489
f 5367 5489 5365
f 5366 5490 5492
f 5366 5492 5368
f 5369 5493 5491
f 5369 5491 5367
f 5368 5492 5494
f 5368 5494 5370
f 5371 5495 5493
f 5371 5493 5369
f 5370 5494 5496
f 5370 5496 5372
f 5373 5497 5495
f 5373 5495 5371
f 5372 5496 5498
f 5372 5498 5374
f 5375 5499 5497
f 5375 5497 5373
f 5374 5498 5500
f 5374 5500 5376
f 5377 5501 5499
f 5377 5499 5375
f 5376 5500 5502
f 5376 5502 5378
f 5379 5503 5501
f 5379 5501 5377
f 5378 5502 5504
f 5378 5504 5380
f 5381 5505 5503
f 5381 5503 5379
f 5380 5504 5506
f 5380 5506 5382
f 5383 5507 5505
f 5383 5505 5381
f 5382 5506 5508
f 5382 5508 5384
f 5385 5509 5507
f 5385 5507 5383
f 5384 5508 5510
f 5384 5510 5386
f 5387 5511 5509
f 5387 5509 5385
f 5386 5510 5512
f 5386 5512 5388
f 5389 5513 5511
f 5389 5511 5387
f 5388 5512 5514
f 5388 5514 5390
f 5391 5515 5513
f 5391 5513 5389
f 5390 5514 5516
f 5390 5516 5392
f 5393 5517 5515
f 5393 5515 5391
f 5392 5516 5518
f 5392 5518 5394
f 5395 5519 5517
f 5395 5517 5393
f 5394 5518 5520
f 5394 5520 5396
f 5397 5521 5519
f 5397 5519 5395
f 5396 5520 5522
f 5396 5522 5398
f 5399 5523 5521
f 5399 5521 5397
f 5398 5522 5524
f 5398 5524 5400
f 5401 5525 5523
f 5401 5523 5399
f 5400 5524 5526
f 5400 5526 5402
f 5403 5527 5525
f 5403 5525 5401
f 5402 5526 5528
f 5402 5528 5404
f 5405 5529 5527
f 5405 5527 5403
f 5404 5528 5530
f 5404 5530 5406
f 5407 5531 5529
f 5407 5529 5405
f 5406 5530 5532
f 5406 5532 5408
f 5409 5533 5531
f 5409 5531 5407
f 5408 5532 5534
f 5408 5534 5410
f 5411 5535 5533
f 5411 5533 5409
f 5534 5536 5412
f 5534 5412 5410
f 5412 5536 5537
f 5412 5537 5413
f 5414 5538 5535
f 5414 5535 5411
f 5413 5537 5539
f 5413 5539 5415
f 5417 5416 5540
f 5417 5540 5541
f 5417 5541 5538
f 5417 5538 5414
f 5416 5418 5542
f 5416 5542 5540
f 5418 5419 5543
f 5418 5543 5542
f 5419 5420 5544
f 5419 5544 5543
f 5415 5539 5544
f 5415 5544 5420
f 5546 5545 5421
f 5546 5421 5422
f 5423 5547 5546
f 5423 5546 5422
f 5545 5548 5424
f 5545 5424 5421
f 5548 5549 5425
f 5548 5425 5424
f 5549 5550 5426
f 5549 5426 5425
f 5426 5550 5551
f 5426 5551 5427
f 5428 5552 5547
f 5428 5547 5423
f 5427 5551 5553
f 5427 5553 5429
f 5430 5554 5552
f 5430 5552 5428
f 5432 5431 5555
f 5432 5555 5556
f 5429 5553 5555
f 5429 5555 5431
f 5433 5557 5554
f 5433 5554 5430
f 5432 5556 5558
f 5432 5558 5434
f 5435 5559 5557
f 5435 5557 5433
f 5434 5558 5560
f 5434 5560 5436
f 5437 5561 5559
f 5437 5559 5435
f 5436 5560 5562
f 5436 5562 5438
f 5439 5563 5561
f 5439 5561 5437
f 5438 5562 5564
f 5438 5564 5440
f 5441 5565 5563
f 5441 5563 5439
f 5440 5564 5566
f 5440 5566 5442
f 5443 5567 5565
f 5443 5565 5441
f 5442 5566 5568
f 5442 5568 5444
f 5445 5569 5567
f 5445 5567 5443
f 5444 5568 5570
f 5444 5570 5446
f 5447 5571 5569
f 5447 5569 5445
f 5446 5570 5572
f 5446 5572 5448
f 5449 5573 5571
f 5449 5571 5447
f 5448 5572 5574
f 5448 5574 5450
f 5451 5575 5573
f 5451 5573 5449
f 5450 5574 5576
f 5450 5576 5452
f 5453 5577 5575
f 5453 5575 5451
f 5452 5576 5578
f 5452 5578 5454
f 5455 5579 5577
f 5455 5577 5453
f 5454 5578 5580
f 5454 5580 5456
f 5457 5581 5579
f 5457 5579 5455
f 5456 5580 5582
f 5456 5582 5458
f 5459 5583 5581
f 5459 5581 5457
f 5458 5582 5584
f 5458 5584 5460
f 5461 5585 5583
f 5461 5583 5459
f 5460 5584 5586
f 5460 5586 5462
f 5463 5587 5585
f 5463 5585 5461
f 5462 5586 5588
f 5462 5588 5464
f 5465 5589 5587
f 5465 5587 5463
f 5464 5588 5590
f 5464 5590 5466
f 5467 5591 5589
f 5467 5589 5465
f 5466 5590 5592
f 5466 5592 5468
f 5469 5593 5591
f 5469 5591 5467
f 5468 5592 5594
f 5468 5594 5470
f 5471 5595 5593
f 5471 5593 5469
f 5470 5594 5596
f 5470 5596 5472
f 5473 5597 5595
f 5473 5595 5471
f 5472 5596 5598
f 5472 5598 5474
f 5475 5599 5597
f 5475 5597 5473
f 5474 5598 5600
f 5474 5600 5476
f 5477 5601 5599
f 5477 5599 5475
f 5476 5600 5602
f 5476 5602 5478
f 5479 5603 5601
f 5479 5601 5477
f 5478 5602 5604
f 5478 5604 5480
f 5481 5605 5603
f 5481 5603 5479
f 5480 5604 5606
f 5480 5606 5482
f 5483 5607 5605
f 5483 5605 5481
f 5482 5606 5608
f 5482 5608 5484
f 5485 5609 5607
f 5485 5607 5483
f 5484 5608 5610
f 5484 5610 5486
f 5487 5611 5609
f 5487 5609 5485
f 5486 5610 5612
f 5486 5612 5488
f 5489 5613 5611
f 5489 5611 5487
f 5488 5612 5614
f 5488 5614 5490
f 5491 5615 5613
f 5491 5613 5489
f 5490 5614 5616
f 5490 5616 5492
f 5493 5617 5615
f 5493 5615 5491
f 5492 5616 5618
f 5492 5618 5494
f 5495 5619 5617
f 5495 5617 5493
f 5494 5618 5620
f 5494 5620 5496
f 5497 5621 5619
f 5497 5619 5495
f 5496 5620 5622
f 5496 5622 5498
f 5499 5623 5621
f 5499 5621 5497
f 5498 5622 5624
f 5498 5624 5500
f 5501 5625 5623
f 5501 5623 5499
f 5500 5624 5626
f 5500 5626 5502
f 5503 5627 5625
f 5503 5625 5501
f 5502 5626 5628
f 5502 5628 5504
f 5505 5629 5627
f 5505 5627 5503
f 5504 5628 5630
f 5504 5630 5506
f 5507 5631 5629
f 5507 5629 5505
f 5506 5630 5632
f 5506 5632 5508
f 5509 5633 5631
f 5509 5631 5507
f 5508 5632 5634
f 5508 5634 5510
f 5511 5635 5633
f 5511 5633 5509
f 5510 5634 5636
f 5510 5636 5512
f 5513 5637 5635
f 5513 5635 5511
f 5512 5636 5638
f 5512 5638 5514
f 5515 5639 5637
f 5515 5637 5513
f 5514 5638 5640
f 5514 5640 5516
f 5517 5641 5639
f 5517 5639 5515
f 5516 5640 5642
f 5516 5642 5518
f 5519 5643 5641
f 5519 5641 5517
f 5518 5642 5644
f 5518 5644 5520
f 5521 5645 5643
f 5521 5643 5519
f 5520 5644 5646
f 5520 5646 5522
f 5523 5647 5645
f 5523 5645 5521
f 5522 5646 5648
f 5522 5648 5524
f 5525 5649 5647
f 5525 5647 5523
f 5524 5648 5650
f 5524 5650 5526
f 5527 5651 5649
f 5527 5649 5525
f 5526 5650 5652
f 5526 5652 5528
f 5529 5653 5651
f 5529 5651 5527
f 5528 5652 5654
f 5528 5654 5530
f 5531 5655 5653
f 5531 5653 5529
f 5530 5654 5656
f 5530 5656 5532
f 5533 5657 5655
f 5533 5655 5531
f 5532 5656 5658
f 5532 5658 5534
f 5535 5659 5657
f 5535 5657 5533
f 5658 5660 5536
f 5658 5536 5534
f 5536 5660 5661
f 5536 5661 5537
f 5538 5662 5659
f 5538 5659 5535
f 5537 5661 5663
f 5537 5663 5539
f 5541 5540 5664
f 5541 5664 5665
f 5541 5665 5662
f 5541 5662 5538
f 5540 5542 5666
f 5540 5666 5664
f 5542 5543 5667
f 5542 5667 5666
f 5543 5544 5668
f 5543 5668 5667
f 5539 5663 5668
f 5539 5668 5544
f 5670 5669 5545
f 5670 5545 5546
f 5547 5671 5670
f 5547 5670 5546
f 5669 5672 5548
f 5669 5548 5545
f 5672 5673 5549
f 5672 5549 5548
f 5673 5674 5550
f 5673 5550 5549
f 5550 5674 5675
f 5550 5675 5551
f 5552 5676 5671
f 5552 5671 5547
f 5551 5675 5677
f 5551 5677 5553
f 5554 5678 5676
f 5554 5676 5552
f 5556 5555 5679
f 5556 5679 5680
f 5553 5677 5679
f 5553 5679 5555
f 5557 5681 5678
f 5557 5678 5554
f 5556 5680 5682
f 5556 5682 5558
f 5559 5683 5681
f 5559 5681 5557
f 5558 5682 5684
f 5558 5684 5560
f 5561 5685 5683
f 5561 5683 5559
f 5560 5684 5686
f 5560 5686 5562
f 5563 5687 5685
f 5563 5685 5561
f 5562 5686 5688
f 5562 5688 5564
f 5565 5689 5687
f 5565 5687 5563
f 5564 5688 5690
f 5564 5690 5566
f 5567 5691 5689
f 5567 5689 5565
f 5566 5690 5692
f 5566 5692 5568
f 5569 5693 5691
f 5569 5691 5567
f 5568 5692 5694
f 5568 5694 5570
f 5571 5695 5693
f 5571 5693 5569
f 5570 5694 5696
f 5570 5696 5572
f 5573 5697 5695
f 5573 5695 5571
f 5572 5696 5698
f 5572 5698 5574
f 5575 5699 5697
f 5575 5697 5573
f 5574 5698 5700
f 5574 5700 5576
f 5577 5701 5699
f 5577 5699 5575
f 5576 5700 5702
f 5576 5702 5578
f 5579 5703 5701
f 5579 5701 5577
f 5578 5702 5704
f 5578 5704 5580
f 5581 5705 5703
f 5581 5703 5579
f 5580 5704 5706
f 5580 5706 5582
f 5583 5707 5705
f 5583 5705 5581
f 5582 5706 5708
f 5582 5708 5584
f 5585 5709 5707
f 5585 5707 5583
f 5584 5708 5710
f 5584 5710 5586
f 5587 5711 5709
f 5587 5709 5585
f 5586 5710 5712
f 5586 5712 5588
f 5589 5713 5711
f 5589 5711 5587
f 5588 5712 5714
f 5588 5714 5590
f 5591 5715 5713
f 5591 5713 5589
f 5590 5714 5716
f 5590 5716 5592
f 5593 5717 5715
f 5593 5715 5591
f 5592 5716 5718
f 5592 5718 5594
f 5595 5719 5717
f 5595 5717 5593
f 5594 5718 5720
f 5594 5720 5596
f 5597 5721 5719
f 5597 5719 5595
f 5596 5720 5722
f 5596 5722 5598
f 5599 5723 5721
f 5599 5721 5597
f 5598 5722 5724
f 5598 5724 5600
f 5601 5725 5723
f 5601 5723 5599
f 5600 5724 5726
f 5600 5726 5602
f 5603 5727 5725
f 5603 5725 5601
f 5602 5726 5728
f 5602 5728 5604
f 5605 5729 5727
f 5605 5727 5603
f 5604 5728 5730
f 5604 5730 5606
f 5607 5731 5729
f 5607 5729 5605
f 5606 5730 5732
f 5606 5732 5608
f 5609 5733 5731
f 5609 5731 5607
f 5608 5732 5734
f 5608 5734 5610
f 5611 5735 5733
f 5611 5733 5609
f 5610 5734 5736
f 5610 5736 5612
f 5613 5737 5735
f 5613 5735 5611
f 5612 5736 5738
f 5612 5738 5614
f 5615 5739 5737
f 5615 5737 5613
f 5614 5738 5740
f 5614 5740 5616
f 5617 5741 5739
f 5617 5739 5615
f 5616 5740 5742
f 5616 5742 5618
f 5619 5743 5741
f 5619 5741 5617
f 5618 5742 5744
f 5618 5744 5620
f 5621 5745 5743
f 5621 5743 5619
f 5620 5744 5746
f 5620 5746 5622
f 5623 5747 5745
f 5623 5745 5621
f 5622 5746 5748
f 5622 5748 5624
f 5625 5749 5747
f 5625 5747 5623
f 5624 5748 5750
f 5624 5750 5626
f 5627 5751 5749
f 5627 5749 5625
f 5626 5750 5752
f 5626 5752 5628
f 5629 5753 5751
f 5629 5751 5627
f 5628 5752 5754
f 5628 5754 5630
f 5631 5755 5753
f 5631 5753 5629
f 5630 5754 5756
f 5630 5756 5632
f 5633 5757 5755
f 5633 5755 5631
f 5632 5756 5758
f 5632 5758 5634
f 5635 5759 5757
f 5635 5757 5633
f 5634 5758 5760
f 5634 5760 5636
f 5637 5761 5759
f 5637 5759 5635
f 5636 5760 5762
f 5636 5762 5638
f 5639 5763 5761
f 5639 5761 5637
f 5638 5762 5764
f 5638 5764 5640
f 5641 5765 5763
f 5641 5763 5639
f 5640 5764 5766
f 5640 5766 5642
f 5643 5767 5765
f 5643 5765 5641
f 5642 5766 5768
f 5642 5768 5644
f 5645 5769 5767
f 5645 5767 5643
f 5644 5768 5770
f 5644 5770 5646
f 5647 5771 5769
f 5647 5769 5645
f 5646 5770 5772
f 5646 5772 5648
f 5649 5773 5771
f 5649 5771 5647
f 5648 5772 5774
f 5648 5774 5650
f 5651 5775 5773
f 5651 5773 5649
f 5650 5774 5776
f 5650 5776 5652
f 5653 5777 5775
f 5653 5775 5651
f 5652 5776 5778
f 5652 5778 5654
f 5655 5779 5777
f 5655 5777 5653
f 5654 5778 5780
f 5654 5780 5656
f 5657 5781 5779
f 5657 5779 5655
f 5656 5780 5782
f 5656 5782 5658
f 5659 5783 5781
f 5659 5781 5657
f 5782 5784 5660
f 5782 5660 5658
f 5660 5784 5785
f 5660 5785 5661
f 5662 5786 5783
f 5662 5783 5659
f 5661 5785 5787
f 5661 5787 5663
f 5665 5664 5788
f 5665 5788 5789
f 5665 5789 5786
f 5665 5786 5662
f 5664 5666 5790
f 5664 5790 5788
f 5666 5667 5791
f 5666 5791 5790
f 5667 5668 5792
f 5667 5792 5791
f 5663 5787 5792
f 5663 5792 5668
f 5794 5793 5669
f 5794 5669 5670
f 5671 5795 5794
f 5671 5794 5670
f 5793 5796 5672
f 5793 5672 5669
f 5796 5797 5673
f 5796 5673 5672
f 5797 5798 5674
f 5797 5674 5673
f 5674 5798 5799
f 5674 5799 5675
f 5676 5800 5795
f 5676 5795 5671
f 5675 5799 5801
f 5675 5801 5677
f 5678 5802 5800
f 5678 5800 5676
f 5680 5679 5803
f 5680 5803 5804
f 5677 5801 5803
f 5677 5803 5679
f 5681 5805 5802
f 5681 5802 5678
f 5680 5804 5806
f 5680 5806 5682
f 5683 5807 5805
f 5683 5805 5681
f 5682 5806 5808
f 5682 5808 5684
f 5685 5809 5807
f 5685 5807 5683
f 5684 5808 5810
f 5684 5810 5686
f 5687 5811 5809
f 5687 5809 5685
f 5686 5810 5812
f 5686 5812 5688
f 5689 5813 5811
f 5689 5811 5687
f 5688 5812 5814
f 5688 5814 5690
f 5691 5815 5813
f 5691 5813 5689
f 5690 5814 5816
f 5690 5816 5692
f 5693 5817 5815
f 5693 5815 5691
f 5692 5816 5818
f 5692 5818 5694
f 5695 5819 5817
f 5695 5817 5693
f 5694 5818 5820
f 5694 5820 5696
f 5697 5821 5819
f 5697 5819 5695
f 5696 5820 5822
f 5696 5822 5698
f 5699 5823 5821
f 5699 5821 5697
f 5698 5822 5824
f 5698 5824 5700
f 5701 5825 5823
f 5701 5823 5699
f 5700 5824 5826
f 5700 5826 5702
f 5703 5827 5825
f 5703 5825 5701
f 5702 5826 5828
f 5702 5828 5704
f 5705 5829 5827
f 5705 5827 5703
f 5704 5828 5830
f 5704 5830 5706
f 5707 5831 5829
f 5707 5829 5705
f 5706 5830 5832
f 5706 5832 5708
f 5709 5833 5831
f 5709 5831 5707
f 5708 5832 5834
f 5708 5834 5710
f 5711 5835 5833
f 5711 5833 5709
f 5710 5834 5836
f 5710 5836 5712
f 5713 5837 5835
f 5713 5835 5711
f 5712 5836 5838
f 5712 5838 5714
f 5715 5839 5837
f 5715 5837 5713
f 5714 5838 5840
f 5714 5840 5716
f 5717 5841 5839
f 5717 5839 5715
f 5716 5840 5842
f 5716 5842 5718
f 5719 5843 5841
f 5719 5841 5717
f 5718 5842 5844
f 5718 5844 5720
f 5721 5845 5843
f 5721 5843 5719
f 5720 5844 5846
f 5720 5846 5722
f 5723 5847 5845
f 5723 5845 5721
f 5722 5846 5848
f 5722 5848 5724
f 5725 5849 5847
f 5725 5847 5723
f 5724 5848 5850
f 5724 5850 5726
f 5727 5851 5849
f 5727 5849 5725
f 5726 5850 5852
f 5726 5852 5728
f 5729 5853 5851
f 5729 5851 5727
f 5728 5852 5854
f 5728 5854 5730
f 5731 5855 5853
f 5731 5853 5729
f 5730 5854 5856
f 5730 5856 5732
f 5733 5857 5855
f 5733 5855 5731
f 5732 5856 5858
f 5732 5858 5734
f 5735 5859 5857
f 5735 5857 5733
f 5734 5858 5860
f 5734 5860 5736
f 5737 5861 5859
f 5737 5859 5735
f 5736 5860 5862
f 5736 5862 5738
f 5739 5863 5861
f 5739 5861 5737
f 5738 5862 5864
f 5738 5864 5740
f 5741 5865 5863
f 5741 5863 5739
f 5740 5864 5866
f 5740 5866 5742
f 5743 5867 5865
f 5743 5865 5741
f 5742 5866 5868
f 5742 5868 5744
f 5745 5869 5867
f 5745 5867 5743
f 5744 5868 5870
f 5744 5870 5746
f 5747 5871 5869
f 5747 5869 5745
f 5746 5870 5872
f 5746 5872 5748
f 5749 5873 5871
f 5749 5871 5747
f 5748 5872 5874
f 5748 5874 5750
f 5751 5875 5873
f 5751 5873 5749
f 5750 5874 5876
f 5750 5876 5752
f 5753 5877 5875
f 5753 5875 5751
f 5752 5876 5878
f 5752 5878 5754
f 5755 5879 5877
f 5755 5877 5753
f 5754 5878 5880
f 5754 5880 5756
f 5757 5881 5879
f 5757 5879 5755
f 5756 5880 5882
f 5756 5882 5758
f 5759 5883 5881
f 5759 5881 5757
f 5758 5882 5884
f 5758 5884 5760
f 5761 5885 5883
f 5761 5883 5759
f 5760 5884 5886
f 5760 5886 5762
f 5763 5887 5885
f 5763 5885 5761
f 5762 5886 5888
f 5762 5888 5764
f 5765 5889 5887
f 5765 5887 5763
f 5764 5888 5890
f 5764 5890 5766
f 5767 5891 5889
f 5767 5889 5765
f 5766 5890 5892
f 5766 5892 5768
f 5769 5893 5891
f 5769 5891 5767
f 5768 5892 5894
f 5768 5894 5770
f 5771 5895 5893
f 5771 5893 5769
f 5770 5894 5896
f 5770 5896 5772
f 5773 5897 5895
f 5773 5895 5771
f 5772 5896 5898
f 5772 5898 5774
f 5775 5899 5897
f 5775 5897 5773
f 5774 5898 5900
f 5774 5900 5776
f 5777 5901 5899
f 5777 5899 5775
f 5776 5900 5902
f 5776 5902 5778
f 5779 5903 5901
f 5779 5901 5777
f 5778 5902 5904
f 5778 5904 5780
f 5781 5905 5903
f 5781 5903 5779
f 5780 5904 5906
f 5780 5906 5782
f 5783 5907 5905
f 5783 5905 5781
f 5906 5908 5784
f 5906 5784 5782
f 5784 5908 5909
f 5784 5909 5785
f 5786 5910 5907
f 5786 5907 5783
f 5785 5909 5911
f 5785 5911 5787
f 5789 5788 5912
f 5789 5912 5913
f 5789 5913 5910
f 5789 5910 5786
f 5788 5790 5914
f 5788 5914 5912
f 5790 5791 5915
f 5790 5915 5914
f 5791 5792 5916
f 5791 5916 5915
f 5787 5911 5916
f 5787 5916 5792
f 5918 5917 5793
f 5918 5793 5794
f 5795 5919 5918
f 5795 5918 5794
f 5917 5920 5796
f 5917 5796 5793
f 5920 5921 5797
f 5920 5797 5796
f 5921 5922 5798
f 5921 5798 5797
f 5798 5922 5923
f 5798 5923 5799
f 5800 5924 5919
f 5800 5919 5795
f 5799 5923 5925
f 5799 5925 5801
f 5802 5926 5924
f 5802 5924 5800
f 5804 5803 5927
f 5804 5927 5928
f 5801 5925 5927
f 5801 5927 5803
f 5805 5929 5926
f 5805 5926 5802
f 5804 5928 5930
f 5804 5930 5806
f 5807 5931 5929
f 5807 5929 5805
f 5806 5930 5932
f 5806 5932 5808
f 5809 5933 5931
f 5809 5931 5807
f 5808 5932 5934
f 5808 5934 5810
f 5811 5935 5933
f 5811 5933 5809
f 5810 5934 5936
f 5810 5936 5812
f 5813 5937 5935
f 5813 5935 5811
f 5812 5936 5938
f 5812 5938 5814
f 5815 5939 5937
f 5815 5937 5813
f 5814 5938 5940
f 5814 5940 5816
f 5817 5941 5939
f 5817 5939 5815
f 5816 5940 5942
f 5816 5942 5818
f 5819 5943 5941
f 5819 5941 5817
f 5818 5942 5944
f 5818 5944 5820
f 5821 5945 5943
f 5821 5943 5819
f 5820 5944 5946
f 5820 5946 5822
f 5823 5947 5945
f 5823 5945 5821
f 5822 5946 5948
f 5822 5948 5824
f 5825 5949 5947
f 5825 5947 5823
f 5824 5948 5950
f 5824 5950 5826
f 5827 5951 5949
f 5827 5949 5825
f 5826 5950 5952
f 5826 5952 5828
f 5829 5953 5951
f 5829 5951 5827
f 5828 5952 5954
f 5828 5954 5830
f 5831 5955 5953
f 5831 5953 5829
f 5830 5954 5956
f 5830 5956 5832
f 5833 5957 5955
f 5833 5955 5831
f 5832 5956 5958
f 5832 5958 5834
f 5835 5959 5957
f 5835 5957 5833
f 5834 5958 5960
f 5834 5960 5836
f 5837 5961 5959
f 5837 5959 5835
f 5836 5960 5962
f 5836 5962 5838
f 5839 5963 5961
f 5839 5961 5837
f 5838 5962 5964
f 5838 5964 5840
f 5841 5965 5963
f 5841 5963 5839
f 5840 5964 5966
f 5840 5966 5842
f 5843 5967 5965
f 5843 5965 5841
f 5842 5966 5968
f 5842 5968 5844
f 5845 5969 5967
f 5845 5967 5843
f 5844 5968 5970
f 5844 5970 5846
f 5847 5971 5969
f 5847 5969 5845
f 5846 5970 5972
f 5846 5972 5848
f 5849 5973 5971
f 5849 5971 5847
f 5848 5972 5974
f 5848 5974 5850
f 5851 5975 5973
f 5851 5973 5849
f 5850 5974 5976
f 5850 5976 5852
f 5853 5977 5975
f 5853 5975 5851
f 5852 5976 5978
f 5852 5978 5854
f 5855 5979 5977
f 5855 5977 5853
f 5854 5978 5980
f 5854 5980 5856
f 5857 5981 5979
f 5857 5979 5855
f 5856 5980 5982
f 5856 5982 5858
f 5859 5983 5981
f 5859 5981 5857
f 5858 5982 5984
f 5858 5984 5860
f 5861 5985 5983
f 5861 5983 5859
f 5860 5984 5986
f 5860 5986 5862
f 5863 5987 5985
f 5863 5985 5861
f 5862 5986 5988
f 5862 5988 5864
f 5865 5989 5987
f 5865 5987 5863
f 5864 5988 5990
f 5864 5990 5866
f 5867 5991 5989
f 5867 5989 5865
f 5866 5990 5992
f 5866 5992 5868
f 5869 5993 5991
f 5869 5991 5867
f 5868 5992 5994
f 5868 5994 5870
f 5871 5995 5993
f 5871 5993 5869
f 5870 5994 5996
f 5870 5996 5872
f 5873 5997 5995
f 5873 5995 5871
f 5872 5996 5998
f 5872 5998 5874
f 5875 5999 5997
f 5875 5997 5873
f 5874 5998 6000
f 5874 6000 5876
f 5877 6001 5999
f 5877 5999 5875
f 5876 6000 6002
f 5876 6002 5878
f 5879 6003 6001
f 5879 6001 5877
f 5878 6002 6004
f 5878 6004 5880
f 5881 6005 6003
f 5881 6003 5879
f 5880 6004 6006
f 5880 6006 5882
f 5883 6007 6005
f 5883 6005 5881
f 5882 6006 6008
f 5882 6008 5884
f 5885 6009 6007
f 5885 6007 5883
f 5884 6008 6010
f 5884 6010 5886
f 5887 6011 6009
f 5887 6009 5885
f 5886 6010 6012
f 5886 6012 5888
f 5889 6013 6011
f 5889 6011 5887
f 5888 6012 6014
f 5888 6014 5890
f 5891 6015 6013
f 5891 6013 5889
f 5890 6014 6016
f 5890 6016 5892
f 5893 6017 6015
f 5893 6015 5891
f 5892 6016 6018
f 5892 6018 5894
f 5895 6019 6017
f 5895 6017 5893
f 5894 6018 6020
f 5894 6020 5896
f 5897 6021 6019
f 5897 6019 5895
f 5896 6020 6022
f 5896 6022 5898
f 5899 6023 6021
f 5899 6021 5897
f 5898 6022 6024
f 5898 6024 5900
f 5901 6025 6023
f 5901 6023 5899
f 5900 6024 6026
f 5900 6026 5902
f 5903 6027 6025
f 5903 6025 5901
f 5902 6026 6028
f 5902 6028 5904
f 5905 6029 6027
f 5905 6027 5903
f 5904 6028 6030
f 5904 6030 5906
f 5907 6031 6029
f 5907 6029 5905
f 6030 6032 5908
f 6030 5908 5906
f 5908 6032 6033
f 5908 6033 5909
f 5910 6034 6031
f 5910 6031 5907
f 5909 6033 6035
f 5909 6035 5911
f 5913 5912 6036
f 5913 6036 6037
f 5913 6037 6034
f 5913 6034 5910
f 5912 5914 6038
f 5912 6038 6036
f 5914 5915 6039
f 5914 6039 6038
f 5915 5916 6040
f 5915 6040 6039
f 5911 6035 6040
f 5911 6040 5916
f 6042 6041 5917
f 6042 5917 5918
f 5919 6043 6042
f 5919 6042 5918
f 6041 6044 5920
f 6041 5920 5917
f 6044 6045 5921
f 6044 5921 5920
f 6045 6046 5922
f 6045 5922 5921
f 5922 6046 6047
f 5922 6047 5923
f 5924 6048 6043
f 5924 6043 5919
f 5923 6047 6049
f 5923 6049 5925
f 5926 6050 6048
f 5926 6048 5924
f 5928 5927 6051
f 5928 6051 6052
f 5925 6049 6051
f 5925 6051 5927
f 5929 6053 6050
f 5929 6050 5926
f 5928 6052 6054
f 5928 6054 5930
f 5931 6055 6053
f 5931 6053 5929
f 5930 6054 6056
f 5930 6056 5932
f 5933 6057 6055
f 5933 6055 5931
f 5932 6056 6058
f 5932 6058 5934
f 5935 6059 6057
f 5935 6057 5933
f 5934 6058 6060
f 5934 6060 5936
f 5937 6061 6059
f 5937 6059 5935
f 5936 6060 6062
f 5936 6062 5938
f 5939 6063 6061
f 5939 6061 5937
f 5938 6062 6064
f 5938 6064 5940
f 5941 6065 6063
f 5941 6063 5939
f 5940 6064 6066
f 5940 6066 5942
f 5943 6067 6065
f 5943 6065 5941
f 5942 6066 6068
f 5942 6068 5944
f 5945 6069 6067
f 5945 6067 5943
f 5944 6068 6070
f 5944 6070 5946
f 5947 6071 6069
f 5947 6069 5945
f 5946 6070 6072
f 5946 6072 5948
f 5949 6073 6071
f 5949 6071 5947
f 5948 6072 6074
f 5948 6074 5950
f 5951 6075 6073
f 5951 6073 5949
f 5950 6074 6076
f 5950 6076 5952
f 5953 6077 6075
f 5953 6075 5951
f 5952 6076 6078
f 5952 6078 5954
f 5955 6079 6077
f 5955 6077 5953
f 5954 6078 6080
f 5954 6080 5956
f 5957 6081 6079
f 5957 6079 5955
f 5956 6080 6082
f 5956 6082 5958
f 5959 6083 6081
f 5959 6081 5957
f 5958 6082 6084
f 5958 6084 5960
f 5961 6085 6083
f 5961 6083 5959
f 5960 6084 6086
f 5960 6086 5962
f 5963 6087 6085
f 5963 6085 5961
f 5962 6086 6088
f 5962 6088 5964
f 5965 6089 6087
f 5965 6087 5963
f 5964 6088 6090
f 5964 6090 5966
f 5967 6091 6089
f 5967 6089 5965
f 5966 6090 6092
f 5966 6092 5968
f 5969 6093 6091
f 5969 6091 5967
f 5968 6092 6094
f 5968 6094 5970
f 5971 6095 6093
f 5971 6093 5969
f 5970 6094 6096
f 5970 6096 5972
f 5973 6097 6095
f 5973 6095 5971
f 5972 6096 6098
f 5972 6098 5974
f 5975 6099 6097
f 5975 6097 5973
f 5974 6098 6100
f 5974 6100 5976
f 5977 6101 6099
f 5977 6099 5975
f 5976 6100 6102
f 5976 6102 5978
f 5979 6103 6101
f 5979 6101 5977
f 5978 6102 6104
f 5978 6104 5980
f 5981 6105 6103
f 5981 6103 5979
f 5980 6104 6106
f 5980 6106 5982
f 5983 6107 6105
f 5983 6105 5981
f 5982 6106 6108
f 5982 6108 5984
f 5985 6109 6107
f 5985 6107 5983
f 5984 6108 6110
f 5984 6110 5986
f 5987 6111 6109
f 5987 6109 5985
f 5986 6110 6112
f 5986 6112 5988
f 5989 6113 6111
f 5989 6111 5987
f 5988 6112 6114
f 5988 6114 5990
f 5991 6115 6113
f 5991 6113 5989
f 5990 6114 6116
f 5990 6116 5992
f 5993 6117 6115
f 5993 6115 5991
f 5992 6116 6118
f 5992 6118 5994
f 5995 6119 6117
f 5995 6117 5993
f 5994 6118 6120
f 5994 6120 5996
f 5997 6121 6119
f 5997 6119 5995
f 5996 6120 6122
f 5996 6122 5998
f 5999 6123 6121
f 5999 6121 5997
f 5998 6122 6124
f 5998 6124 6000
f 6001 6125 6123
f 6001 6123 5999
f 6000 6124 6126
f 6000 6126 6002
f 6003 6127 6125
f 6003 6125 6001
f 6002 6126 6128
f 6002 6128 6004
f 6005 6129 6127
f 6005 6127 6003
f 6004 6128 6130
f 6004 6130 6006
f 6007 6131 6129
f 6007 6129 6005
f 6006 6130 6132
f 6006 6132 6008
f 6009 6133 6131
f 6009 6131 6007
f 6008 6132 6134
f 6008 6134 6010
f 6011 6135 6133
f 6011 6133 6009
f 6010 6134 6136
f 6010 6136 6012
f 6013 6137 6135
f 6013 6135 6011
f 6012 6136 6138
f 6012 6138 6014
f 6015 6139 6137
f 6015 6137 6013
f 6014 6138 6140
f 6014 6140 6016
f 6017 6141 6139
f 6017 6139 6015
f 6016 6140 6142
f 6016 6142 6018
f 6019 6143 6141
f 6019 6141 6017
f 6018 6142 6144
f 6018 6144 6020
f 6021 6145 6143
f 6021 6143 6019
f 6020 6144 6146
f 6020 6146 6022
f 6023 6147 6145
f 6023 6145 6021
f 6022 6146 6148
f 6022 6148 6024
f 6025 6149 6147
f 6025 6147 6023
f 6024 6148 6150
f 6024 6150 6026
f 6027 6151 6149
f 6027 6149 6025
f 6026 6150 6152
f 6026 6152 6028
f 6029 6153 6151
f 6029 6151 6027
f 6028 6152 6154
f 6028 6154 6030
f 6031 6155 6153
f 6031 6153 6029
f 6154 6156 6032
f 6154 6032 6030
f 6032 6156 6157
f 6032 6157 6033
f 6034 6158 6155
f 6034 6155 6031
f 6033 6157 6159
f 6033 6159 6035
f 6037 6036 6160
f 6037 6160 6161
f 6037 6161 6158
f 6037 6158 6034
f 6036 6038 6162
f 6036 6162 6160
f 6038 6039 6163
f 6038 6163 6162
f 6039 6040 6164
f 6039 6164 6163
f 6035 6159 6164
f 6035 6164 6040
f 6166 6165 6041
f 6166 6041 6042
f 6043 6167 6166
f 6043 6166 6042
f 6165 6168 6044
f 6165 6044 6041
f 6168 6169 6045
f 6168 6045 6044
f 6169 6170 6046
f 6169 6046 6045
f 6046 6170 6171
f 6046 6171 6047
f 6048 6172 6167
f 6048 6167 6043
f 6047 6171 6173
f 6047 6173 6049
f 6050 6174 6172
f 6050 6172 6048
f 6052 6051 6175
f 6052 6175 6176
f 6049 6173 6175
f 6049 6175 6051
f 6053 6177 6174
f 6053 6174 6050
f 6052 6176 6178
f 6052 6178 6054
f 6055 6179 6177
f 6055 6177 6053
f 6054 6178 6180
f 6054 6180 6056
f 6057 6181 6179
f 6057 6179 6055
f 6056 6180 6182
f 6056 6182 6058
f 6059 6183 6181
f 6059 6181 6057
f 6058 6182 6184
f 6058 6184 6060
f 6061 6185 6183
f 6061 6183 6059
f 6060 6184 6186
f 6060 6186 6062
f 6063 6187 6185
f 6063 6185 6061
f 6062 6186 6188
f 6062 6188 6064
f 6065 6189 6187
f 6065 6187 6063
f 6064 6188 6190
f 6064 6190 6066
f 6067 6191 6189
f 6067 6189 6065
f 6066 6190 6192
f 6066 6192 6068
f 6069 6193 6191
f 6069 6191 6067
f 6068 6192 6194
f 6068 6194 6070
f 6071 6195 6193
f 6071 6193 6069
f 6070 6194 6196
f 6070 6196 6072
f 6073 6197 6195
f 6073 6195 6071
f 6072 6196 6198
f 6072 6198 6074
f 6075 6199 6197
f 6075 6197 6073
f 6074 6198 6200
f 6074 6200 6076
f 6077 6201 6199
f 6077 6199 6075
f 6076 6200 6202
f 6076 6202 6078
f 6079 6203 6201
f 6079 6201 6077
f 6078 6202 6204
f 6078 6204 6080
f 6081 6205 6203
f 6081 6203 6079
f 6080 6204 6206
f 6080 6206 6082
f 6083 6207 6205
f 6083 6205 6081
f 6082 6206 6208
f 6082 6208 6084
f 6085 6209 6207
f 6085 6207 6083
f 6084 6208 6210
f 6084 6210 6086
f 6087 6211 6209
f 6087 6209 6085
f 6086 6210 6212
f 6086 6212 6088
f 6089 6213 6211
f 6089 6211 6087
f 6088 6212 6214
f 6088 6214 6090
f 6091 6215 6213
f 6091 6213 6089
f 6090 6214 6216
f 6090 6216 6092
f 6093 6217 6215
f 6093 6215 6091
f 6092 6216 6218
f 6092 6218 6094
f 6095 6219 6217
f 6095 6217 6093
f 6094 6218 6220
f 6094 6220 6096
f 6097 6221 6219
f 6097 6219 6095
f 6096 6220 6222
f 6096 6222 6098
f 6099 6223 6221
f 6099 6221 6097
f 6098 6222 6224
f 6098 6224 6100
f 6101 6225 6223
f 6101 6223 6099
f 6100 6224 6226
f 6100 6226 6102
f 6103 6227 6225
f 6103 6225 6101
f 6102 6226 6228
f 6102 6228 6104
f 6105 6229 6227
f 6105 6227 6103
f 6104 6228 6230
f 6104 6230 6106
f 6107 6231 6229
f 6107 6229 6105
f 6106 6230 6232
f 6106 6232 6108
f 6109 6233 6231
f 6109 6231 6107
f 6108 6232 6234
f 6108 6234 6110
f 6111 6235 6233
f 6111 6233 6109
f 6110 6234 6236
f 6110 6236 6112
f 6113 6237 6235
f 6113 6235 6111
f 6112 6236 6238
f 6112 6238 6114
f 6115 6239 6237
f 6115 6237 6113
f 6114 6238 6240
f 6114 6240 6116
f 6117 6241 6239
f 6117 6239 6115
f 6116 6240 6242
f 6116 6242 6118
f 6119 6243 6241
f 6119 6241 6117
f 6118 6242 6244
f 6118 6244 6120
f 6121 6245 6243
f 6121 6243 6119
f 6120 6244 6246
f 6120 6246 6122
f 6123 6247 6245
f 6123 6245 6121
f 6122 6246 6248
f 6122 6248 6124
f 6125 6249 6247
f 6125 6247 6123
f 6124 6248 6250
f 6124 6250 6126
f 6127 6251 6249
f 6127 6249 6125
f 6126 6250 6252
f 6126 6252 6128
f 6129 6253 6251
f 6129 6251 6127
f 6128 6252 6254
f 6128 6254 6130
f 6131 6255 6253
f 6131 6253 6129
f 6130 6254 6256
f 6130 6256 6132
f 6133 6257 6255
f 6133 6255 6131
f 6132 6256 6258
f 6132 6258 6134
f 6135 6259 6257
f 6135 6257 6133
f 6134 6258 6260
f 6134 6260 6136
f 6137 6261 6259
f 6137 6259 6135
f 6136 6260 6262
f 6136 6262 6138
f 6139 6263 6261
f 6139 6261 6137
f 6138 6262 6264
f 6138 6264 6140
f 6141 6265 6263
f 6141 6263 6139
f 6140 6264 6266
f 6140 6266 6142
f 6143 6267 6265
f 6143 6265 6141
f 6142 6266 6268
f 6142 6268 6144
f 6145 6269 6267
f 6145 6267 6143
f 6144 6268 6270
f 6144 6270 6146
f 6147 6271 6269
f 6147 6269 6145
f 6146 6270 6272
f 6146 6272 6148
f 6149 6273 6271
f 6149 6271 6147
f 6148 6272 6274
f 6148 6274 6150
f 6151 6275 6273
f 6151 6273 6149
f 6150 6274 6276
f 6150 6276 6152
f 6153 6277 6275
f 6153 6275 6151
f 6152 6276 6278
f 6152 6278 6154
f 6155 6279 6277
f 6155 6277 6153
f 6278 6280 6156
f 6278 6156 6154
f 6156 6280 6281
f 6156 6281 6157
f 6158 6282 6279
f 6158 6279 6155
f 6157 6281 6283
f 6157 6283 6159
f 6161 6160 6284
f 6161 6284 6285
f 6161 6285 6282
f 6161 6282 6158
f 6160 6162 6286
f 6160 6286 6284
f 6162 6163 6287
f 6162 6287 6286
f 6163 6164 6288
f 6163 6288 6287
f 6159 6283 6288
f 6159 6288 6164
f 6290 6289 6165
f 6290 6165 6166
f 6167 6291 6290
f 6167 6290 6166
f 6289 6292 6168
f 6289 6168 6165
f 6292 6293 6169
f 6292 6169 6168
f 6293 6294 6170
f 6293 6170 6169
f 6170 6294 6295
f 6170 6295 6171
f 6172 6296 6291
f 6172 6291 6167
f 6171 6295 6297
f 6171 6297 6173
f 6174 6298 6296
f 6174 6296 6172
f 6176 6175 6299
f 6176 6299 6300
f 6173 6297 6299
f 6173 6299 6175
f 6177 6301 6298
f 6177 6298 6174
f 6176 6300 6302
f 6176 6302 6178
f 6179 6303 6301
f 6179 6301 6177
f 6178 6302 6304
f 6178 6304 6180
f 6181 6305 6303
f 6181 6303 6179
f 6180 6304 6306
f 6180 6306 6182
f 6183 6307 6305
f 6183 6305 6181
f 6182 6306 6308
f 6182 6308 6184
f 6185 6309 6307
f 6185 6307 6183
f 6184 6308 6310
f 6184 6310 6186
f 6187 6311 6309
f 6187 6309 6185
f 6186 6310 6312
f 6186 6312 6188
f 6189 6313 6311
f 6189 6311 6187
f 6188 6312 6314
f 6188 6314 6190
f 6191 6315 6313
f 6191 6313 6189
f 6190 6314 6316
f 6190 6316 6192
f 6193 6317 6315
f 6193 6315 6191
f 6192 6316 6318
f 6192 6318 6194
f 6195 6319 6317
f 6195 6317 6193
f 6194 6318 6320
f 6194 6320 6196
f 6197 6321 6319
f 6197 6319 6195
f 6196 6320 6322
f 6196 6322 6198
f 6199 6323 6321
f 6199 6321 6197
f 6198 6322 6324
f 6198 6324 6200
f 6201 6325 6323
f 6201 6323 6199
f 6200 6324 6326
f 6200 6326 6202
f 6203 6327 6325
f 6203 6325 6201
f 6202 6326 6328
f 6202 6328 6204
f 6205 6329 6327
f 6205 6327 6203
f 6204 6328 6330
f 6204 6330 6206
f 6207 6331 6329
f 6207 6329 6205
f 6206 6330 6332
f 6206 6332 6208
f 6209 6333 6331
f 6209 6331 6207
f 6208 6332 6334
f 6208 6334 6210
f 6211 6335 6333
f 6211 6333 6209
f 6210 6334 6336
f 6210 6336 6212
f 6213 6337 6335
f 6213 6335 6211
f 6212 6336 6338
f 6212 6338 6214
f 6215 6339 6337
f 6215 6337 6213
f 6214 6338 6340
f 6214 6340 6216
f 6217 6341 6339
f 6217 6339 6215
f 6216 6340 6342
f 6216 6342 6218
f 6219 6343 6341
f 6219 6341 6217
f 6218 6342 6344
f 6218 6344 6220
f 6221 6345 6343
f 6221 6343 6219
f 6220 6344 6346
f 6220 6346 6222
f 6223 6347 6345
f 6223 6345 6221
f 6222 6346 6348
f 6222 6348 6224
f 6225 6349 6347
f 6225 6347 6223
f 6224 6348 6350
f 6224 6350 6226
f 6227 6351 6349
f 6227 6349 6225
f 6226 6350 6352
f 6226 6352 6228
f 6229 6353 6351
f 6229 6351 6227
f 6228 6352 6354
f 6228 6354 6230
f 6231 6355 6353
f 6231 6353 6229
f 6230 6354 6356
f 6230 6356 6232
f 6233 6357 6355
f 6233 6355 6231
f 6232 6356 6358
f 6232 6358 6234
f 6235 6359 6357
f 6235 6357 6233
f 6234 6358 6360
f 6234 6360 6236
f 6237 6361 6359
f 6237 6359 6235
f 6236 6360 6362
f 6236 6362 6238
f 6239 6363 6361
f 6239 6361 6237
f 6238 6362 6364
f 6238 6364 6240
f 6241 6365 6363
f 6241 6363 6239
f 6240 6364 6366
f 6240 6366 6242
f 6243 6367 6365
f 6243 6365 6241
f 6242 6366 6368
f 6242 6368 6244
f 6245 6369 6367
f 6245 6367 6243
f 6244 6368 6370
f 6244 6370 6246
f 6247 6371 6369
f 6247 6369 6245
f 6246 6370 6372
f 6246 6372 6248
f 6249 6373 6371
f 6249 6371 6247
f 6248 6372 6374
f 6248 6374 6250
f 6251 6375 6373
f 6251 6373 6249
f 6250 6374 6376
f 6250 6376 6252
f 6253 6377 6375
f 6253 6375 6251
f 6252 6376 6378
f 6252 6378 6254
f 6255 6379 6377
f 6255 6377 6253
f 6254 6378 6380
f 6254 6380 6256
f 6257 6381 6379
f 6257 6379 6255
f 6256 6380 6382
f 6256 6382 6258
f 6259 6383 6381
f 6259 6381 6257
f 6258 6382 6384
f 6258 6384 6260
f 6261 6385 6383
f 6261 6383 6259
f 6260 6384 6386
f 6260 6386 6262
f 6263 6387 6385
f 6263 6385 6261
f 6262 6386 6388
f 6262 6388 6264
f 6265 6389 6387
f 6265 6387 6263
f 6264 6388 6390
f 6264 6390 6266
f 6267 6391 6389
f 6267 6389 6265
f 6266 6390 6392
f 6266 6392 6268
f 6269 6393 6391
f 6269 6391 6267
f 6268 6392 6394
f 6268 6394 6270
f 6271 6395 6393
f 6271 6393 6269
f 6270 6394 6396
f 6270 6396 6272
f 6273 6397 6395
f 6273 6395 6271
f 6272 6396 6398
f 6272 6398 6274
f 6275 6399 6397
f 6275 6397 6273
f 6274 6398 6400
f 6274 6400 6276
f 6277 6401 6399
f 6277 6399 6275
f 6276 6400 6402
f 6276 6402 6278
f 6279 6403 6401
f 6279 6401 6277
f 6402 6404 6280
f 6402 6280 6278
f 6280 6404 6405
f 6280 6405 6281
f 6282 6406 6403
f 6282 6403 6279
f 6281 6405 6407
f 6281 6407 6283
f 6285 6284 6408
f 6285 6408 6409
f 6285 6409 6406
f 6285 6406 6282
f 6284 6286 6410
f 6284 6410 6408
f 6286 6287 6411
f 6286 6411 6410
f 6287 6288 6412
f 6287 6412 6411
f 6283 6407 6412
f 6283 6412 6288
f 6414 6413 6289
f 6414 6289 6290
f 6291 6415 6414
f 6291 6414 6290
f 6413 6416 6292
f 6413 6292 6289
f 6416 6417 6293
f 6416 6293 6292
f 6417 6418 6294
f 6417 6294 6293
f 6294 6418 6419
f 6294 6419 6295
f 6296 6420 6415
f 6296 6415 6291
f 6295 6419 6421
f 6295 6421 6297
f 6298 6422 6420
f 6298 6420 6296
f 6300 6299 6423
f 6300 6423 6424
f 6297 6421 6423
f 6297 6423 6299
f 6301 6425 6422
f 6301 6422 6298
f 6300 6424 6426
f 6300 6426 6302
f 6303 6427 6425
f 6303 6425 6301
f 6302 6426 6428
f 6302 6428 6304
f 6305 6429 6427
f 6305 6427 6303
f 6304 6428 6430
f 6304 6430 6306
f 6307 6431 6429
f 6307 6429 6305
f 6306 6430 6432
f 6306 6432 6308
f 6309 6433 6431
f 6309 6431 6307
f 6308 6432 6434
f 6308 6434 6310
f 6311 6435 6433
f 6311 6433 6309
f 6310 6434 6436
f 6310 6436 6312
f 6313 6437 6435
f 6313 6435 6311
f 6312 6436 6438
f 6312 6438 6314
f 6315 6439 6437
f 6315 6437 6313
f 6314 6438 6440
f 6314 6440 6316
f 6317 6441 6439
f 6317 6439 6315
f 6316 6440 6442
f 6316 6442 6318
f 6319 6443 6441
f 6319 6441 6317
f 6318 6442 6444
f 6318 6444 6320
f 6321 6445 6443
f 6321 6443 6319
f 6320 6444 6446
f 6320 6446 6322
f 6323 6447 6445
f 6323 6445 6321
f 6322 6446 6448
f 6322 6448 6324
f 6325 6449 6447
f 6325 6447 6323
f 6324 6448 6450
f 6324 6450 6326
f 6327 6451 6449
f 6327 6449 6325
f 6326 6450 6452
f 6326 6452 6328
f 6329 6453 6451
f 6329 6451 6327
f 6328 6452 6454
f 6328 6454 6330
f 6331 6455 6453
f 6331 6453 6329
f 6330 6454 6456
f 6330 6456 6332
f 6333 6457 6455
f 6333 6455 6331
f 6332 6456 6458
f 6332 6458 6334
f 6335 6459 6457
f 6335 6457 6333
f 6334 6458 6460
f 6334 6460 6336
f 6337 6461 6459
f 6337 6459 6335
f 6336 6460 6462
f 6336 6462 6338
f 6339 6463 6461
f 6339 6461 6337
f 6338 6462 6464
f 6338 6464 6340
f 6341 6465 6463
f 6341 6463 6339
f 6340 6464 6466
f 6340 6466 6342
f 6343 6467 6465
f 6343 6465 6341
f 6342 6466 6468
f 6342 6468 6344
f 6345 6469 6467
f 6345 6467 6343
f 6344 6468 6470
f 6344 6470 6346
f 6347 6471 6469
f 6347 6469 6345
f 6346 6470 6472
f 6346 6472 6348
f 6349 6473 6471
f 6349 6471 6347
f 6348 6472 6474
f 6348 6474 6350
f 6351 6475 6473
f 6351 6473 6349
f 6350 6474 6476
f 6350 6476 6352
f 6353 6477 6475
f 6353 6475 6351
f 6352 6476 6478
f 6352 6478 6354
f 6355 6479 6477
f 6355 6477 6353
f 6354 6478 6480
f 6354 6480 6356
f 6357 6481 6479
f 6357 6479 6355
f 6356 6480 6482
f 6356 6482 6358
f 6359 6483 6481
f 6359 6481 6357
f 6358 6482 6484
f 6358 6484 6360
f 6361 6485 6483
f 6361 6483 6359
f 6360 6484 6486
f 6360 6486 6362
f 6363 6487 6485
f 6363 6485 6361
f 6362 6486 6488
f 6362 6488 6364
f 6365 6489 6487
f 6365 6487 6363
f 6364 6488 6490
f 6364 6490 6366
f 6367 6491 6489
f 6367 6489 6365
f 6366 6490 6492
f 6366 6492 6368
f 6369 6493 6491
f 6369 6491 6367
f 6368 6492 6494
f 6368 6494 6370
f 6371 6495 6493
f 6371 6493 6369
f 6370 6494 6496
f 6370 6496 6372
f 6373 6497 6495
f 6373 6495 6371
f 6372 6496 6498
f 6372 6498 6374
f 6375 6499 6497
f 6375 6497 6373
f 6374 6498 6500
f 6374 6500 6376
f 6377 6501 6499
f 6377 6499 6375
f 6376 6500 6502
f 6376 6502 6378
f 6379 6503 6501
f 6379 6501 6377
f 6378 6502 6504
f 6378 6504 6380
f 6381 6505 6503
f 6381 6503 6379
f 6380 6504 6506
f 6380 6506 6382
f 6383 6507 6505
f 6383 6505 6381
f 6382 6506 6508
f 6382 6508 6384
f 6385 6509 6507
f 6385 6507 6383
f 6384 6508 6510
f 6384 6510 6386
f 6387 6511 6509
f 6387 6509 6385
f 6386 6510 6512
f 6386 6512 6388
f 6389 6513 6511
f 6389 6511 6387
f 6388 6512 6514
f 6388 6514 6390
f 6391 6515 6513
f 6391 6513 6389
f 6390 6514 6516
f 6390 6516 6392
f 6393 6517 6515
f 6393 6515 6391
f 6392 6516 6518
f 6392 6518 6394
f 6395 6519 6517
f 6395 6517 6393
f 6394 6518 6520
f 6394 6520 6396
f 6397 6521 6519
f 6397 6519 6395
f 6396 6520 6522
f 6396 6522 6398
f 6399 6523 6521
f 6399 6521 6397
f 6398 6522 6524
f 6398 6524 6400
f 6401 6525 6523
f 6401 6523 6399
f 6400 6524 6526
f 6400 6526 6402
f 6403 6527 6525
f 6403 6525 6401
f 6526 6528 6404
f 6526 6404 6402
f 6404 6528 6529
f 6404 6529 6405
f 6406 6530 6527
f 6406 6527 6403
f 6405 6529 6531
f 6405 6531 6407
f 6409 6408 6532
f 6409 6532 6533
f 6409 6533 6530
f 6409 6530 6406
f 6408 6410 6534
f 6408 6534 6532
f 6410 6411 6535
f 6410 6535 6534
f 6411 6412 6536
f 6411 6536 6535
f 6407 6531 6536
f 6407 6536 6412
f 6538 6537 6413
f 6538 6413 6414
f 6415 6539 6538
f 6415 6538 6414
f 6537 6540 6416
f 6537 6416 6413
f 6540 6541 6417
f 6540 6417 6416
f 6541 6542 6418
f 6541 6418 6417
f 6418 6542 6543
f 6418 6543 6419
f 6420 6544 6539
f 6420 6539 6415
f 6419 6543 6545
f 6419 6545 6421
f 6422 6546 6544
f 6422 6544 6420
f 6424 6423 6547
f 6424 6547 6548
f 6421 6545 6547
f 6421 6547 6423
f 6425 6549 6546
f 6425 6546 6422
f 6424 6548 6550
f 6424 6550 6426
f 6427 6551 6549
f 6427 6549 6425
f 6426 6550 6552
f 6426 6552 6428
f 6429 6553 6551
f 6429 6551 6427
f 6428 6552 6554
f 6428 6554 6430
f 6431 6555 6553
f 6431 6553 6429
f 6430 6554 6556
f 6430 6556 6432
f 6433 6557 6555
f 6433 6555 6431
f 6432 6556 6558
f 6432 6558 6434
f 6435 6559 6557
f 6435 6557 6433
f 6434 6558 6560
f 6434 6560 6436
f 6437 6561 6559
f 6437 6559 6435
f 6436 6560 6562
f 6436 6562 6438
f 6439 6563 6561
f 6439 6561 6437
f 6438 6562 6564
f 6438 6564 6440
f 6441 6565 6563
f 6441 6563 6439
f 6440 6564 6566
f 6440 6566 6442
f 6443 6567 6565
f 6443 6565 6441
f 6442 6566 6568
f 6442 6568 6444
f 6445 6569 6567
f 6445 6567 6443
f 6444 6568 6570
f 6444 6570 6446
f 6447 6571 6569
f 6447 6569 6445
f 6446 6570 6572
f 6446 6572 6448
f 6449 6573 6571
f 6449 6571 6447
f 6448 6572 6574
f 6448 6574 6450
f 6451 6575 6573
f 6451 6573 6449
f 6450 6574 6576
f 6450 6576 6452
f 6453 6577 6575
f 6453 6575 6451
f 6452 6576 6578
f 6452 6578 6454
f 6455 6579 6577
f 6455 6577 6453
f 6454 6578 6580
f 6454 6580 6456
f 6457 6581 6579
f 6457 6579 6455
f 6456 6580 6582
f 6456 6582 6458
f 6459 6583 6581
f 6459 6581 6457
f 6458 6582 6584
f 6458 6584 6460
f 6461 6585 6583
f 6461 6583 6459
f 6460 6584 6586
f 6460 6586 6462
f 6463 6587 6585
f 6463 6585 6461
f 6462 6586 6588
f 6462 6588 6464
f 6465 6589 6587
f 6465 6587 6463
f 6464 6588 6590
f 6464 6590 6466
f 6467 6591 6589
f 6467 6589 6465
f 6466 6590 6592
f 6466 6592 6468
f 6469 6593 6591
f 6469 6591 6467
f 6468 6592 6594
f 6468 6594 6470
f 6471 6595 6593
f 6471 6593 6469
f 6470 6594 6596
f 6470 6596 6472
f 6473 6597 6595
f 6473 6595 6471
f 6472 6596 6598
f 6472 6598 6474
f 6475 6599 6597
f 6475 6597 6473
f 6474 6598 6600
f 6474 6600 6476
f 6477 6601 6599
f 6477 6599 6475
f 6476 6600 6602
f 6476 6602 6478
f 6479 6603 6601
f 6479 6601 6477
f 6478 6602 6604
f 6478 6604 6480
f 6481 6605 6603
f 6481 6603 6479
f 6480 6604 6606
f 6480 6606 6482
f 6483 6607 6605
f 6483 6605 6481
f 6482 6606 6608
f 6482 6608 6484
f 6485 6609 6607
f 6485 6607 6483
f 6484 6608 6610
f 6484 6610 6486
f 6487 6611 6609
f 6487 6609 6485
f 6486 6610 6612
f 6486 6612 6488
f 6489 6613 6611
f 6489 6611 6487
f 6488 6612 6614
f 6488 6614 6490
f 6491 6615 6613
f 6491 6613 6489
f 6490 6614 6616
f 6490 6616 6492
f 6493 6617 6615
f 6493 6615 6491
f 6492 6616 6618
f 6492 6618 6494
f 6495 6619 6617
f 6495 6617 6493
f 6494 6618 6620
f 6494 6620 6496
f 6497 6621 6619
f 6497 6619 6495
f 6496 6620 6622
f 6496 6622 6498
f 6499 6623 6621
f 6499 6621 6497
f 6498 6622 6624
f 6498 6624 6500
f 6501 6625 6623
f 6501 6623 6499
f 6500 6624 6626
f 6500 6626 6502
f 6503 6627 6625
f 6503 6625 6501
f 6502 6626 6628
f 6502 6628 6504
f 6505 6629 6627
f 6505 6627 6503
f 6504 6628 6630
f 6504 6630 6506
f 6507 6631 6629
f 6507 6629 6505
f 6506 6630 6632
f 6506 6632 6508
f 6509 6633 6631
f 6509 6631 6507
f 6508 6632 6634
f 6508 6634 6510
f 6511 6635 6633
f 6511 6633 6509
f 6510 6634 6636
f 6510 6636 6512
f 6513 6637 6635
f 6513 6635 6511
f 6512 6636 6638
f 6512 6638 6514
f 6515 6639 6637
f 6515 6637 6513
f 6514 6638 6640
f 6514 6640 6516
f 6517 6641 6639
f 6517 6639 6515
f 6516 6640 6642
f 6516 6642 6518
f 6519 6643 6641
f 6519 6641 6517
f 6518 6642 6644
f 6518 6644 6520
f 6521 6645 6643
f 6521 6643 6519
f 6520 6644 6646
f 6520 6646 6522
f 6523 6647 6645
f 6523 6645 6521
f 6522 6646 6648
f 6522 6648 6524
f 6525 6649 6647
f 6525 6647 6523
f 6524 6648 6650
f 6524 6650 6526
f 6527 6651 6649
f 6527 6649 6525
f 6650 6652 6528
f 6650 6528 6526
f 6528 6652 6653
f 6528 6653 6529
f 6530 6654 6651
f 6530 6651 6527
f 6529 6653 6655
f 6529 6655 6531
f 6533 6532 6656
f 6533 6656 6657
f 6533 6657 6654
f 6533 6654 6530
f 6532 6534 6658
f 6532 6658 6656
f 6534 6535 6659
f 6534 6659 6658
f 6535 6536 6660
f 6535 6660 6659
f 6531 6655 6660
f 6531 6660 6536
f 6662 6661 6537
f 6662 6537 6538
f 6539 6663 6662
f 6539 6662 6538
f 6661 6664 6540
f 6661 6540 6537
f 6664 6665 6541
f 6664 6541 6540
f 6665 6666 6542
f 6665 6542 6541
f 6542 6666 6667
f 6542 6667 6543
f 6544 6668 6663
f 6544 6663 6539
f 6543 6667 6669
f 6543 6669 6545
f 6546 6670 6668
f 6546 6668 6544
f 6548 6547 6671
f 6548 6671 6672
f 6545 6669 6671
f 6545 6671 6547
f 6549 6673 6670
f 6549 6670 6546
f 6548 6672 6674
f 6548 6674 6550
f 6551 6675 6673
f 6551 6673 6549
f 6550 6674 6676
f 6550 6676 6552
f 6553 6677 6675
f 6553 6675 6551
f 6552 6676 6678
f 6552 6678 6554
f 6555 6679 6677
f 6555 6677 6553
f 6554 6678 6680
f 6554 6680 6556
f 6557 6681 6679
f 6557 6679 6555
f 6556 6680 6682
f 6556 6682 6558
f 6559 6683 6681
f 6559 6681 6557
f 6558 6682 6684
f 6558 6684 6560
f 6561 6685 6683
f 6561 6683 6559
f 6560 6684 6686
f 6560 6686 6562
f 6563 6687 6685
f 6563 6685 6561
f 6562 6686 6688
f 6562 6688 6564
f 6565 6689 6687
f 6565 6687 6563
f 6564 6688 6690
f 6564 6690 6566
f 6567 6691 6689
f 6567 6689 6565
f 6566 6690 6692
f 6566 6692 6568
f 6569 6693 6691
f 6569 6691 6567
f 6568 6692 6694
f 6568 6694 6570
f 6571 6695 6693
f 6571 6693 6569
f 6570 6694 6696
f 6570 6696 6572
f 6573 6697 6695
f 6573 6695 6571
f 6572 6696 6698
f 6572 6698 6574
f 6575 6699 6697
f 6575 6697 6573
f 6574 6698 6700
f 6574 6700 6576
f 6577 6701 6699
f 6577 6699 6575
f 6576 6700 6702
f 6576 6702 6578
f 6579 6703 6701
f 6579 6701 6577
f 6578 6702 6704
f 6578 6704 6580
f 6581 6705 6703
f 6581 6703 6579
f 6580 6704 6706
f 6580 6706 6582
f 6583 6707 6705
f 6583 6705 6581
f 6582 6706 6708
f 6582 6708 6584
f 6585 6709 6707
f 6585 6707 6583
f 6584 6708 6710
f 6584 6710 6586
f 6587 6711 6709
f 6587 6709 6585
f 6586 6710 6712
f 6586 6712 6588
f 6589 6713 6711
f 6589 6711 6587
f 6588 6712 6714
f 6588 6714 6590
f 6591 6715 6713
f 6591 6713 6589
f 6590 6714 6716
f 6590 6716 6592
f 6593 6717 6715
f 6593 6715 6591
f 6592 6716 6718
f 6592 6718 6594
f 6595 6719 6717
f 6595 6717 6593
f 6594 6718 6720
f 6594 6720 6596
f 6597 6721 6719
f 6597 6719 6595
f 6596 6720 6722
f 6596 6722 6598
f 6599 6723 6721
f 6599 6721 6597
f 6598 6722 6724
f 6598 6724 6600
f 6601 6725 6723
f 6601 6723 6599
f 6600 6724 6726
f 6600 6726 6602
f 6603 6727 6725
f 6603 6725 6601
f 6602 6726 6728
f 6602 6728 6604
f 6605 6729 6727
f 6605 6727 6603
f 6604 6728 6730
f 6604 6730 6606
f 6607 6731 6729
f 6607 6729 6605
f 6606 6730 6732
f 6606 6732 6608
f 6609 6733 6731
f 6609 6731 6607
f 6608 6732 6734
f 6608 6734 6610
f 6611 6735 6733
f 6611 6733 6609
f 6610 6734 6736
f 6610 6736 6612
f 6613 6737 6735
f 6613 6735 6611
f 6612 6736 6738
f 6612 6738 6614
f 6615 6739 6737
f 6615 6737 6613
f 6614 6738 6740
f 6614 6740 6616
f 6617 6741 6739
f 6617 6739 6615
f 6616 6740 6742
f 6616 6742 6618
f 6619 6743 6741
f 6619 6741 6617
f 6618 6742 6744
f 6618 6744 6620
f 6621 6745 6743
f 6621 6743 6619
f 6620 6744 6746
f 6620 6746 6622
f 6623 6747 6745
f 6623 6745 6621
f 6622 6746 6748
f 6622 6748 6624
f 6625 6749 6747
f 6625 6747 6623
f 6624 6748 6750
f 6624 6750 6626
f 6627 6751 6749
f 6627 6749 6625
f 6626 6750 6752
f 6626 6752 6628
f 6629 6753 6751
f 6629 6751 6627
f 6628 6752 6754
f 6628 6754 6630
f 6631 6755 6753
f 6631 6753 6629
f 6630 6754 6756
f 6630 6756 6632
f 6633 6757 6755
f 6633 6755 6631
f 6632 6756 6758
f 6632 6758 6634
f 6635 6759 6757
f 6635 6757 6633
f 6634 6758 6760
f 6634 6760 6636
f 6637 6761 6759
f 6637 6759 6635
f 6636 6760 6762
f 6636 6762 6638
f 6639 6763 6761
f 6639 6761 6637
f 6638 6762 6764
f 6638 6764 6640
f 6641 6765 6763
f 6641 6763 6639
f 6640 6764 6766
f 6640 6766 6642
f 6643 6767 6765
f 6643 6765 6641
f 6642 6766 6768
f 6642 6768 6644
f 6645 6769 6767
f 6645 6767 6643
f 6644 6768 6770
f 6644 6770 6646
f 6647 6771 6769
f 6647 6769 6645
f 6646 6770 6772
f 6646 6772 6648
f 6649 6773 6771
f 6649 6771 6647
f 6648 6772 6774
f 6648 6774 6650
f 6651 6775 6773
f 6651 6773 6649
f 6774 6776 6652
f 6774 6652 6650
f 6652 6776 6777
f 6652 6777 6653
f 6654 6778 6775
f 6654 6775 6651
f 6653 6777 6779
f 6653 6779 6655
f 6657 6656 6780
f 6657 6780 6781
f 6657 6781 6778
f 6657 6778 6654
f 6656 6658 6782
f 6656 6782 6780
f 6658 6659 6783
f 6658 6783 6782
f 6659 6660 6784
f 6659 6784 6783
f 6655 6779 6784
f 6655 6784 6660
f 6786 6785 6661
f 6786 6661 6662
f 6663 6787 6786
f 6663 6786 6662
f 6785 6788 6664
f 6785 6664 6661
f 6788 6789 6665
f 6788 6665 6664
f 6789 6790 6666
f 6789 6666 6665
f 6666 6790 6791
f 6666 6791 6667
f 6668 6792 6787
f 6668 6787 6663
f 6667 6791 6793
f 6667 6793 6669
f 6670 6794 6792
f 6670 6792 6668
f 6672 6671 6795
f 6672 6795 6796
f 6669 6793 6795
f 6669 6795 6671
f 6673 6797 6794
f 6673 6794 6670
f 6672 6796 6798
f 6672 6798 6674
f 6675 6799 6797
f 6675 6797 6673
f 6674 6798 6800
f 6674 6800 6676
f 6677 6801 6799
f 6677 6799 6675
f 6676 6800 6802
f 6676 6802 6678
f 6679 6803 6801
f 6679 6801 6677
f 6678 6802 6804
f 6678 6804 6680
f 6681 6805 6803
f 6681 6803 6679
f 6680 6804 6806
f 6680 6806 6682
f 6683 6807 6805
f 6683 6805 6681
f 6682 6806 6808
f 6682 6808 6684
f 6685 6809 6807
f 6685 6807 6683
f 6684 6808 6810
f 6684 6810 6686
f 6687 6811 6809
f 6687 6809 6685
f 6686 6810 6812
f 6686 6812 6688
f 6689 6813 6811
f 6689 6811 6687
f 6688 6812 6814
f 6688 6814 6690
f 6691 6815 6813
f 6691 6813 6689
f 6690 6814 6816
f 6690 6816 6692
f 6693 6817 6815
f 6693 6815 6691
f 6692 6816 6818
f 6692 6818 6694
f 6695 6819 6817
f 6695 6817 6693
f 6694 6818 6820
f 6694 6820 6696
f 6697 6821 6819
f 6697 6819 6695
f 6696 6820 6822
f 6696 6822 6698
f 6699 6823 6821
f 6699 6821 6697
f 6698 6822 6824
f 6698 6824 6700
f 6701 6825 6823
f 6701 6823 6699
f 6700 6824 6826
f 6700 6826 6702
f 6703 6827 6825
f 6703 6825 6701
f 6702 6826 6828
f 6702 6828 6704
f 6705 6829 6827
f 6705 6827 6703
f 6704 6828 6830
f 6704 6830 6706
f 6707 6831 6829
f 6707 6829 6705
f 6706 6830 6832
f 6706 6832 6708
f 6709 6833 6831
f 6709 6831 6707
f 6708 6832 6834
f 6708 6834 6710
f 6711 6835 6833
f 6711 6833 6709
f 6710 6834 6836
f 6710 6836 6712
f 6713 6837 6835
f 6713 6835 6711
f 6712 6836 6838
f 6712 6838 6714
f 6715 6839 6837
f 6715 6837 6713
f 6714 6838 6840
f 6714 6840 6716
f 6717 6841 6839
f 6717 6839 6715
f 6716 6840 6842
f 6716 6842 6718
f 6719 6843 6841
f 6719 6841 6717
f 6718 6842 6844
f 6718 6844 6720
f 6721 6845 6843
f 6721 6843 6719
f 6720 6844 6846
f 6720 6846 6722
f 6723 6847 6845
f 6723 6845 6721
f 6722 6846 6848
f 6722 6848 6724
f 6725 6849 6847
f 6725 6847 6723
f 6724 6848 6850
f 6724 6850 6726
f 6727 6851 6849
f 6727 6849 6725
f 6726 6850 6852
f 6726 6852 6728
f 6729 6853 6851
f 6729 6851 6727
f 6728 6852 6854
f 6728 6854 6730
f 6731 6855 6853
f 6731 6853 6729
f 6730 6854 6856
f 6730 6856 6732
f 6733 6857 6855
f 6733 6855 6731
f 6732 6856 6858
f 6732 6858 6734
f 6735 6859 6857
f 6735 6857 6733
f 6734 6858 6860
f 6734 6860 6736
f 6737 6861 6859
f 6737 6859 6735
f 6736 6860 6862
f 6736 6862 6738
f 6739 6863 6861
f 6739 6861 6737
f 6738 6862 6864
f 6738 6864 6740
f 6741 6865 6863
f 6741 6863 6739
f 6740 6864 6866
f 6740 6866 6742
f 6743 6867 6865
f 6743 6865 6741
f 6742 6866 6868
f 6742 6868 6744
f 6745 6869 6867
f 6745 6867 6743
f 6744 6868 6870
f 6744 6870 6746
f 6747 6871 6869
f 6747 6869 6745
f 6746 6870 6872
f 6746 6872 6748
f 6749 6873 6871
f 6749 6871 6747
f 6748 6872 6874
f 6748 6874 6750
f 6751 6875 6873
f 6751 6873 6749
f 6750 6874 6876
f 6750 6876 6752
f 6753 6877 6875
f 6753 6875 6751
f 6752 6876 6878
f 6752 6878 6754
f 6755 6879 6877
f 6755 6877 6753
f 6754 6878 6880
f 6754 6880 6756
f 6757 6881 6879
f 6757 6879 6755
f 6756 6880 6882
f 6756 6882 6758
f 6759 6883 6881
f 6759 6881 6757
f 6758 6882 6884
f 6758 6884 6760
f 6761 6885 6883
f 6761 6883 6759
f 6760 6884 6886
f 6760 6886 6762
f 6763 6887 6885
f 6763 6885 6761
f 6762 6886 6888
f 6762 6888 6764
f 6765 6889 6887
f 6765 6887 6763
f 6764 6888 6890
f 6764 6890 6766
f 6767 6891 6889
f 6767 6889 6765
f 6766 6890 6892
f 6766 6892 6768
f 6769 6893 6891
f 6769 6891 6767
f 6768 6892 6894
f 6768 6894 6770
f 6771 6895 6893
f 6771 6893 6769
f 6770 6894 6896
f 6770 6896 6772
f 6773 6897 6895
f 6773 6895 6771
f 6772 6896 6898
f 6772 6898 6774
f 6775 6899 6897
f 6775 6897 6773
f 6898 6900 6776
f 6898 6776 6774
f 6776 6900 6901
f 6776 6901 6777
f 6778 6902 6899
f 6778 6899 6775
f 6777 6901 6903
f 6777 6903 6779
f 6781 6780 6904
f 6781 6904 6905
f 6781 6905 6902
f 6781 6902 6778
f 6780 6782 6906
f 6780 6906 6904
f 6782 6783 6907
f 6782 6907 6906
f 6783 6784 6908
f 6783 6908 6907
f 6779 6903 6908
f 6779 6908 6784
f 6910 6909 6785
f 6910 6785 6786
f 6787 6911 6910
f 6787 6910 6786
f 6909 6912 6788
f 6909 6788 6785
f 6912 6913 6789
f 6912 6789 6788
f 6913 6914 6790
f 6913 6790 6789
f 6790 6914 6915
f 6790 6915 6791
f 6792 6916 6911
f 6792 6911 6787
f 6791 6915 6917
f 6791 6917 6793
f 6794 6918 6916
f 6794 6916 6792
f 6796 6795 6919
f 6796 6919 6920
f 6793 6917 6919
f 6793 6919 6795
f 6797 6921 6918
f 6797 6918 6794
f 6796 6920 6922
f 6796 6922 6798
f 6799 6923 6921
f 6799 6921 6797
f 6798 6922 6924
f 6798 6924 6800
f 6801 6925 6923
f 6801 6923 6799
f 6800 6924 6926
f 6800 6926 6802
f 6803 6927 6925
f 6803 6925 6801
f 6802 6926 6928
f 6802 6928 6804
f 6805 6929 6927
f 6805 6927 6803
f 6804 6928 6930
f 6804 6930 6806
f 6807 6931 6929
f 6807 6929 6805
f 6806 6930 6932
f 6806 6932 6808
f 6809 6933 6931
f 6809 6931 6807
f 6808 6932 6934
f 6808 6934 6810
f 6811 6935 6933
f 6811 6933 6809
f 6810 6934 6936
f 6810 6936 6812
f 6813 6937 6935
f 6813 6935 6811
f 6812 6936 6938
f 6812 6938 6814
f 6815 6939 6937
f 6815 6937 6813
f 6814 6938 6940
f 6814 6940 6816
f 6817 6941 6939
f 6817 6939 6815
f 6816 6940 6942
f 6816 6942 6818
f 6819 6943 6941
f 6819 6941 6817
f 6818 6942 6944
f 6818 6944 6820
f 6821 6945 6943
f 6821 6943 6819
f 6820 6944 6946
f 6820 6946 6822
f 6823 6947 6945
f 6823 6945 6821
f 6822 6946 6948
f 6822 6948 6824
f 6825 6949 6947
f 6825 6947 6823
f 6824 6948 6950
f 6824 6950 6826
f 6827 6951 6949
f 6827 6949 6825
f 6826 6950 6952
f 6826 6952 6828
f 6829 6953 6951
f 6829 6951 6827
f 6828 6952 6954
f 6828 6954 6830
f 6831 6955 6953
f 6831 6953 6829
f 6830 6954 6956
f 6830 6956 6832
f 6833 6957 6955
f 6833 6955 6831
f 6832 6956 6958
f 6832 6958 6834
f 6835 6959 6957
f 6835 6957 6833
f 6834 6958 6960
f 6834 6960 6836
f 6837 6961 6959
f 6837 6959 6835
f 6836 6960 6962
f 6836 6962 6838
f 6839 6963 6961
f 6839 6961 6837
f 6838 6962 6964
f 6838 6964 6840
f 6841 6965 6963
f 6841 6963 6839
f 6840 6964 6966
f 6840 6966 6842
f 6843 6967 6965
f 6843 6965 6841
f 6842 6966 6968
f 6842 6968 6844
f 6845 6969 6967
f 6845 6967 6843
f 6844 6968 6970
f 6844 6970 6846
f 6847 6971 6969
f 6847 6969 6845
f 6846 6970 6972
f 6846 6972 6848
f 6849 6973 6971
f 6849 6971 6847
f 6848 6972 6974
f 6848 6974 6850
f 6851 6975 6973
f 6851 6973 6849
f 6850 6974 6976
f 6850 6976 6852
f 6853 6977 6975
f 6853 6975 6851
f 6852 6976 6978
f 6852 6978 6854
f 6855 6979 6977
f 6855 6977 6853
f 6854 6978 6980
f 6854 6980 6856
f 6857 6981 6979
f 6857 6979 6855
f 6856 6980 6982
f 6856 6982 6858
f 6859 6983 6981
f 6859 6981 6857
f 6858 6982 6984
f 6858 6984 6860
f 6861 6985 6983
f 6861 6983 6859
f 6860 6984 6986
f 6860 6986 6862
f 6863 6987 6985
f 6863 6985 6861
f 6862 6986 6988
f 6862 6988 6864
f 6865 6989 6987
f 6865 6987 6863
f 6864 6988 6990
f 6864 6990 6866
f 6867 6991 6989
f 6867 6989 6865
f 6866 6990 6992
f 6866 6992 6868
f 6869 6993 6991
f 6869 6991 6867
f 6868 6992 6994
f 6868 6994 6870
f 6871 6995 6993
f 6871 6993 6869
f 6870 6994 6996
f 6870 6996 6872
f 6873 6997 6995
f 6873 6995 6871
f 6872 6996 6998
f 6872 6998 6874
f 6875 6999 6997
f 6875 6997 6873
f 6874 6998 7000
f 6874 7000 6876
f 6877 7001 6999
f 6877 6999 6875
f 6876 7000 7002
f 6876 7002 6878
f 6879 7003 7001
f 6879 7001 6877
f 6878 7002 7004
f 6878 7004 6880
f 6881 7005 7003
f 6881 7003 6879
f 6880 7004 7006
f 6880 7006 6882
f 6883 7007 7005
f 6883 7005 6881
f 6882 7006 7008
f 6882 7008 6884
f 6885 7009 7007
f 6885 7007 6883
f 6884 7008 7010
f 6884 7010 6886
f 6887 7011 7009
f 6887 7009 6885
f 6886 7010 7012
f 6886 7012 6888
f 6889 7013 7011
f 6889 7011 6887
f 6888 7012 7014
f 6888 7014 6890
f 6891 7015 7013
f 6891 7013 6889
f 6890 7014 7016
f 6890 7016 6892
f 6893 7017 7015
f 6893 7015 6891
f 6892 7016 7018
f 6892 7018 6894
f 6895 7019 7017
f 6895 7017 6893
f 6894 7018 7020
f 6894 7020 6896
f 6897 7021 7019
f 6897 7019 6895
f 6896 7020 7022
f 6896 7022 6898
f 6899 7023 7021
f 6899 7021 6897
f 7022 7024 6900
f 7022 6900 6898
f 6900 7024 7025
f 6900 7025 6901
f 6902 7026 7023
f 6902 7023 6899
f 6901 7025 7027
f 6901 7027 6903
f 6905 6904 7028
f 6905 7028 7029
f 6905 7029 7026
f 6905 7026 6902
f 6904 6906 7030
f 6904 7030 7028
f 6906 6907 7031
f 6906 7031 7030
f 6907 6908 7032
f 6907 7032 7031
f 6903 7027 7032
f 6903 7032 6908
f 7034 7033 6909
f 7034 6909 6910
f 6911 7035 7034
f 6911 7034 6910
f 7033 7036 6912
f 7033 6912 6909
f 7036 7037 6913
f 7036 6913 6912
f 7037 7038 6914
f 7037 6914 6913
f 6914 7038 7039
f 6914 7039 6915
f 6916 7040 7035
f 6916 7035 6911
f 6915 7039 7041
f 6915 7041 6917
f 6918 7042 7040
f 6918 7040 6916
f 6917 7041 7043
f 6917 7043 6919
f 6921 7044 7042
f 6921 7042 6918
f 6919 7045 6922
f 6919 6922 6920
f 6919 7043 7046
f 6919 7046 7045
f 6923 7047 7044
f 6923 7044 6921
f 7045 7048 6924
f 7045 6924 6922
f 7045 7046 7049
f 7045 7049 7048
f 6925 7050 7047
f 6925 7047 6923
f 7048 7051 6926
f 7048 6926 6924
f 7048 7049 7052
f 7048 7052 7051
f 6927 7053 7050
f 6927 7050 6925
f 7051 7054 6928
f 7051 6928 6926
f 7051 7052 7055
f 7051 7055 7054
f 6929 7056 7053
f 6929 7053 6927
f 7054 7057 6930
f 7054 6930 6928
f 7054 7055 7058
f 7054 7058 7057
f 6931 7059 7056
f 6931 7056 6929
f 7057 7060 6932
f 7057 6932 6930
f 7057 7058 7061
f 7057 7061 7060
f 6933 7062 7059
f 6933 7059 6931
f 7060 7063 6934
f 7060 6934 6932
f 7060 7061 7064
f 7060 7064 7063
f 6935 7065 7062
f 6935 7062 6933
f 7063 7066 6936
f 7063 6936 6934
f 7063 7064 7067
f 7063 7067 7066
f 6937 7068 7065
f 6937 7065 6935
f 7066 7069 6938
f 7066 6938 6936
f 7066 7067 7070
f 7066 7070 7069
f 6939 7071 7068
f 6939 7068 6937
f 7069 7072 6940
f 7069 6940 6938
f 7069 7070 7073
f 7069 7073 7072
f 6941 7074 7071
f 6941 7071 6939
f 7072 7075 6942
f 7072 6942 6940
f 7072 7073 7076
f 7072 7076 7075
f 6943 7077 7074
f 6943 7074 6941
f 7075 7078 6944
f 7075 6944 6942
f 7075 7076 7079
f 7075 7079 7078
f 6945 7080 7077
f 6945 7077 6943
f 7078 7081 6946
f 7078 6946 6944
f 7078 7079 7082
f 7078 7082 7081
f 6947 7083 7080
f 6947 7080 6945
f 7081 7084 6948
f 7081 6948 6946
f 7081 7082 7085
f 7081 7085 7084
f 6949 7086 7083
f 6949 7083 6947
f 7084 7087 6950
f 7084 6950 6948
f 7084 7085 7088
f 7084 7088 7087
f 6951 7089 7086
f 6951 7086 6949
f 7087 7090 6952
f 7087 6952 6950
f 7087 7088 7091
f 7087 7091 7090
f 6953 7092 7089
f 6953 7089 6951
f 7090 7093 6954
f 7090 6954 6952
f 7090 7091 7094
f 7090 7094 7093
f 6955 7095 7092
f 6955 7092 6953
f 7093 7096 6956
f 7093 6956 6954
f 7093 7094 7097
f 7093 7097 7096
f 6957 7098 7095
f 6957 7095 6955
f 7096 7099 6958
f 7096 6958 6956
f 7096 7097 7100
f 7096 7100 7099
f 6959 7101 7098
f 6959 7098 6957
f 7099 7102 6960
f 7099 6960 6958
f 7099 7100 7103
f 7099 7103 7102
f 6961 7104 7101
f 6961 7101 6959
f 7102 7105 6962
f 7102 6962 6960
f 7102 7103 7106
f 7102 7106 7105
f 6963 7107 7104
f 6963 7104 6961
f 7105 7108 6964
f 7105 6964 6962
f 7105 7106 7109
f 7105 7109 7108
f 6965 7110 7107
f 6965 7107 6963
f 7108 7111 6966
f 7108 6966 6964
f 7108 7109 7112
f 7108 7112 7111
f 6967 7113 7110
f 6967 7110 6965
f 7111 7114 6968
f 7111 6968 6966
f 7111 7112 7115
f 7111 7115 7114
f 6969 7116 7113
f 6969 7113 6967
f 7114 7117 6970
f 7114 6970 6968
f 7114 7115 7118
f 7114 7118 7117
f 6971 7119 7116
f 6971 7116 6969
f 7117 7120 6972
f 7117 6972 6970
f 7117 7118 7121
f 7117 7121 7120
f 6973 7122 7119
f 6973 7119 6971
f 7120 7123 6974
f 7120 6974 6972
f 7120 7121 7124
f 7120 7124 7123
f 6975 7125 7122
f 6975 7122 6973
f 7123 7126 6976
f 7123 6976 6974
f 7123 7124 7127
f 7123 7127 7126
f 6977 7128 7125
f 6977 7125 6975
f 7126 7129 6978
f 7126 6978 6976
f 7126 7127 7130
f 7126 7130 7129
f 6979 7131 7128
f 6979 7128 6977
f 7129 7132 6980
f 7129 6980 6978
f 7129 7130 7133
f 7129 7133 7132
f 6981 7134 7131
f 6981 7131 6979
f 7132 7135 6982
f 7132 6982 6980
f 7132 7133 7136
f 7132 7136 7135
f 6983 7137 7134
f 6983 7134 6981
f 7135 7138 6984
f 7135 6984 6982
f 7135 7136 7139
f 7135 7139 7138
f 6985 7140 7137
f 6985 7137 6983
f 7138 7141 6986
f 7138 6986 6984
f 7138 7139 7142
f 7138 7142 7141
f 6987 7143 7140
f 6987 7140 6985
f 7141 7144 6988
f 7141 6988 6986
f 7141 7142 7145
f 7141 7145 7144
f 6989 7146 7143
f 6989 7143 6987
f 7144 7147 6990
f 7144 6990 6988
f 7144 7145 7148
f 7144 7148 7147
f 6991 7149 7146
f 6991 7146 6989
f 7147 7150 6992
f 7147 6992 6990
f 7147 7148 7151
f 7147 7151 7150
f 6993 7152 7149
f 6993 7149 6991
f 7150 7153 6994
f 7150 6994 6992
f 7150 7151 7154
f 7150 7154 7153
f 6995 7155 7152
f 6995 7152 6993
f 7153 7156 6996
f 7153 6996 6994
f 7153 7154 7157
f 7153 7157 7156
f 6997 7158 7155
f 6997 7155 6995
f 7156 7159 6998
f 7156 6998 6996
f 7156 7157 7160
f 7156 7160 7159
f 6999 7161 7158
f 6999 7158 6997
f 7159 7162 7000
f 7159 7000 6998
f 7159 7160 7163
f 7159 7163 7162
f 7001 7164 7161
f 7001 7161 6999
f 7162 7165 7002
f 7162 7002 7000
f 7162 7163 7166
f 7162 7166 7165
f 7003 7167 7164
f 7003 7164 7001
f 7165 7168 7004
f 7165 7004 7002
f 7165 7166 7169
f 7165 7169 7168
f 7005 7170 7167
f 7005 7167 7003
f 7168 7171 7006
f 7168 7006 7004
f 7168 7169 7172
f 7168 7172 7171
f 7007 7173 7170
f 7007 7170 7005
f 7171 7174 7008
f 7171 7008 7006
f 7171 7172 7175
f 7171 7175 7174
f 7009 7176 7173
f 7009 7173 7007
f 7174 7177 7010
f 7174 7010 7008
f 7174 7175 7178
f 7174 7178 7177
f 7011 7179 7176
f 7011 7176 7009
f 7177 7180 7012
f 7177 7012 7010
f 7177 7178 7181
f 7177 7181 7180
f 7013 7182 7179
f 7013 7179 7011
f 7180 7183 7014
f 7180 7014 7012
f 7180 7181 7184
f 7180 7184 7183
f 7015 7185 7182
f 7015 7182 7013
f 7183 7186 7016
f 7183 7016 7014
f 7183 7184 7187
f 7183 7187 7186
f 7017 7188 7185
f 7017 7185 7015
f 7186 7189 7018
f 7186 7018 7016
f 7186 7187 7190
f 7186 7190 7189
f 7019 7191 7188
f 7019 7188 7017
f 7189 7192 7020
f 7189 7020 7018
f 7189 7190 7193
f 7189 7193 7192
f 7021 7194 7191
f 7021 7191 7019
f 7192 7024 7022
f 7192 7022 7020
f 7192 7193 7195
f 7192 7195 7024
f 7023 7196 7194
f 7023 7194 7021
f 7024 7195 7197
f 7024 7197 7025
f 7026 7198 7196
f 7026 7196 7023
f 7025 7197 7199
f 7025 7199 7027
f 7029 7028 7200
f 7029 7200 7201
f 7029 7201 7198
f 7029 7198 7026
f 7028 7030 7202
f 7028 7202 7200
f 7030 7031 7203
f 7030 7203 7202
f 7031 7032 7204
f 7031 7204 7203
f 7027 7199 7204
f 7027 7204 7032
f 7206 7205 7033
f 7206 7033 7034
f 7035 7207 7206
f 7035 7206 7034
f 7205 7208 7036
f 7205 7036 7033
f 7208 7209 7037
f 7208 7037 7036
f 7209 7210 7038
f 7209 7038 7037
f 7038 7210 7211
f 7038 7211 7039
f 7040 7212 7207
f 7040 7207 7035
f 7039 7211 7213
f 7039 7213 7041
f 7042 7214 7212
f 7042 7212 7040
f 7041 7213 7215
f 7041 7215 7043
f 7044 7216 7214
f 7044 7214 7042
f 7043 7215 7217
f 7043 7217 7046
f 7047 7218 7216
f 7047 7216 7044
f 7046 7217 7219
f 7046 7219 7049
f 7050 7220 7218
f 7050 7218 7047
f 7049 7219 7221
f 7049 7221 7052
f 7053 7222 7220
f 7053 7220 7050
f 7052 7221 7223
f 7052 7223 7055
f 7056 7224 7222
f 7056 7222 7053
f 7055 7223 7225
f 7055 7225 7058
f 7059 7226 7224
f 7059 7224 7056
f 7058 7225 7227
f 7058 7227 7061
f 7062 7228 7226
f 7062 7226 7059
f 7061 7227 7229
f 7061 7229 7064
f 7065 7230 7228
f 7065 7228 7062
f 7064 7229 7231
f 7064 7231 7067
f 7068 7232 7230
f 7068 7230 7065
f 7067 7231 7233
f 7067 7233 7070
f 7071 7234 7232
f 7071 7232 7068
f 7070 7233 7235
f 7070 7235 7073
f 7074 7236 7234
f 7074 7234 7071
f 7073 7235 7237
f 7073 7237 7076
f 7077 7238 7236
f 7077 7236 7074
f 7076 7237 7239
f 7076 7239 7079
f 7080 7240 7238
f 7080 7238 7077
f 7079 7239 7241
f 7079 7241 7082
f 7083 7242 7240
f 7083 7240 7080
f 7082 7241 7243
f 7082 7243 7085
f 7086 7244 7242
f 7086 7242 7083
f 7085 7243 7245
f 7085 7245 7088
f 7089 7246 7244
f 7089 7244 7086
f 7088 7245 7247
f 7088 7247 7091
f 7092 7248 7246
f 7092 7246 7089
f 7091 7247 7249
f 7091 7249 7094
f 7095 7250 7248
f 7095 7248 7092
f 7094 7249 7251
f 7094 7251 7097
f 7098 7252 7250
f 7098 7250 7095
f 7097 7251 7253
f 7097 7253 7100
f 7101 7254 7252
f 7101 7252 7098
f 7100 7253 7255
f 7100 7255 7103
f 7104 7256 7254
f 7104 7254 7101
f 7103 7255 7257
f 7103 7257 7106
f 7107 7258 7256
f 7107 7256 7104
f 7106 7257 7259
f 7106 7259 7109
f 7110 7260 7258
f 7110 7258 7107
f 7109 7259 7261
f 7109 7261 7112
f 7113 7262 7260
f 7113 7260 7110
f 7112 7261 7263
f 7112 7263 7115
f 7116 7264 7262
f 7116 7262 7113
f 7115 7263 7265
f 7115 7265 7118
f 7119 7266 7264
f 7119 7264 7116
f 7118 7265 7267
f 7118 7267 7121
f 7122 7268 7266
f 7122 7266 7119
f 7121 7267 7269
f 7121 7269 7124
f 7125 7270 7268
f 7125 7268 7122
f 7124 7269 7271
f 7124 7271 7127
f 7128 7272 7270
f 7128 7270 7125
f 7127 7271 7273
f 7127 7273 7130
f 7131 7274 7272
f 7131 7272 7128
f 7130 7273 7275
f 7130 7275 7133
f 7134 7276 7274
f 7134 7274 7131
f 7133 7275 7277
f 7133 7277 7136
f 7137 7278 7276
f 7137 7276 7134
f 7136 7277 7279
f 7136 7279 7139
f 7140 7280 7278
f 7140 7278 7137
f 7139 7279 7281
f 7139 7281 7142
f 7143 7282 7280
f 7143 7280 7140
f 7142 7281 7283
f 7142 7283 7145
f 7146 7284 7282
f 7146 7282 7143
f 7145 7283 7285
f 7145 7285 7148
f 7149 7286 7284
f 7149 7284 7146
f 7148 7285 7287
f 7148 7287 7151
f 7152 7288 7286
f 7152 7286 7149
f 7151 7287 7289
f 7151 7289 7154
f 7155 7290 7288
f 7155 7288 7152
f 7154 7289 7291
f 7154 7291 7157
f 7158 7292 7290
f 7158 7290 7155
f 7157 7291 7293
f 7157 7293 7160
f 7161 7294 7292
f 7161 7292 7158
f 7160 7293 7295
f 7160 7295 7163
f 7164 7296 7294
f 7164 7294 7161
f 7163 7295 7297
f 7163 7297 7166
f 7167 7298 7296
f 7167 7296 7164
f 7166 7297 7299
f 7166 7299 7169
f 7170 7300 7298
f 7170 7298 7167
f 7169 7299 7301
f 7169 7301 7172
f 7173 7302 7300
f 7173 7300 7170
f 7172 7301 7303
f 7172 7303 7175
f 7176 7304 7302
f 7176 7302 7173
f 7175 7303 7305
f 7175 7305 7178
f 7179 7306 7304
f 7179 7304 7176
f 7178 7305 7307
f 7178 7307 7181
f 7182 7308 7306
f 7182 7306 7179
f 7181 7307 7309
f 7181 7309 7184
f 7185 7310 7308
f 7185 7308 7182
f 7184 7309 7311
f 7184 7311 7187
f 7188 7312 7310
f 7188 7310 7185
f 7187 7311 7313
f 7187 7313 7190
f 7191 7314 7312
f 7191 7312 7188
f 7190 7313 7315
f 7190 7315 7193
f 7194 7316 7314
f 7194 7314 7191
f 7193 7315 7317
f 7193 7317 7195
f 7196 7318 7316
f 7196 7316 7194
f 7195 7317 7319
f 7195 7319 7197
f 7198 7320 7318
f 7198 7318 7196
f 7197 7319 7321
f 7197 7321 7199
f 7201 7200 7322
f 7201 7322 7323
f 7201 7323 7320
f 7201 7320 7198
f 7200 7202 7324
f 7200 7324 7322
f 7202 7203 7325
f 7202 7325 7324
f 7203 7204 7326
f 7203 7326 7325
f 7199 7321 7326
f 7199 7326 7204
f 7327 7328 7329
f 7327 7329 7330
f 7327 7330 7205
f 7327 7205 7206
f 7207 7328 7327
f 7207 7327 7206
f 7330 7329 7331
f 7330 7331 7332
f 7330 7332 7208
f 7330 7208 7205
f 7332 7331 7333
f 7332 7333 7334
f 7332 7334 7209
f 7332 7209 7208
f 7334 7333 7335
f 7334 7335 7336
f 7334 7336 7210
f 7334 7210 7209
f 7210 7336 7335
f 7210 7335 7211
f 7328 7337 7338
f 7328 7338 7329
f 7212 7337 7328
f 7212 7328 7207
f 7329 7338 7339
f 7329 7339 7331
f 7331 7339 7340
f 7331 7340 7333
f 7333 7340 7341
f 7333 7341 7335
f 7211 7335 7341
f 7211 7341 7213
f 7337 7342 7343
f 7337 7343 7338
f 7214 7342 7337
f 7214 7337 7212
f 7338 7343 7344
f 7338 7344 7339
f 7339 7344 7345
f 7339 7345 7340
f 7340 7345 7346
f 7340 7346 7341
f 7213 7341 7346
f 7213 7346 7215
f 7342 7347 7348
f 7342 7348 7343
f 7216 7347 7342
f 7216 7342 7214
f 7343 7348 7349
f 7343 7349 7344
f 7344 7349 7350
f 7344 7350 7345
f 7345 7350 7351
f 7345 7351 7346
f 7215 7346 7351
f 7215 7351 7217
f 7347 7352 7353
f 7347 7353 7348
f 7218 7352 7347
f 7218 7347 7216
f 7348 7353 7354
f 7348 7354 7349
f 7349 7354 7355
f 7349 7355 7350
f 7350 7355 7356
f 7350 7356 7351
f 7217 7351 7356
f 7217 7356 7219
f 7352 7357 7358
f 7352 7358 7353
f 7220 7357 7352
f 7220 7352 7218
f 7353 7358 7359
f 7353 7359 7354
f 7354 7359 7360
f 7354 7360 7355
f 7355 7360 7361
f 7355 7361 7356
f 7219 7356 7361
f 7219 7361 7221
f 7357 7362 7363
f 7357 7363 7358
f 7222 7362 7357
f 7222 7357 7220
f 7358 7363 7364
f 7358 7364 7359
f 7359 7364 7365
f 7359 7365 7360
f 7360 7365 7366
f 7360 7366 7361
f 7221 7361 7366
f 7221 7366 7223
f 7362 7367 7368
f 7362 7368 7363
f 7224 7367 7362
f 7224 7362 7222
f 7363 7368 7369
f 7363 7369 7364
f 7364 7369 7370
f 7364 7370 7365
f 7365 7370 7371
f 7365 7371 7366
f 7223 7366 7371
f 7223 7371 7225
f 7367 7372 7373
f 7367 7373 7368
f 7226 7372 7367
f 7226 7367 7224
f 7368 7373 7374
f 7368 7374 7369
f 7369 7374 7375
f 7369 7375 7370
f 7370 7375 7376
f 7370 7376 7371
f 7225 7371 7376
f 7225 7376 7227
f 7372 7377 7378
f 7372 7378 7373
f 7228 7377 7372
f 7228 7372 7226
f 7373 7378 7379
f 7373 7379 7374
f 7374 7379 7380
f 7374 7380 7375
f 7375 7380 7381
f 7375 7381 7376
f 7227 7376 7381
f 7227 7381 7229
f 7377 7382 7383
f 7377 7383 7378
f 7230 7382 7377
f 7230 7377 7228
f 7378 7383 7384
f 7378 7384 7379
f 7379 7384 7385
f 7379 7385 7380
f 7380 7385 7386
f 7380 7386 7381
f 7229 7381 7386
f 7229 7386 7231
f 7382 7387 7388
f 7382 7388 7383
f 7232 7387 7382
f 7232 7382 7230
f 7383 7388 7389
f 7383 7389 7384
f 7384 7389 7390
f 7384 7390 7385
f 7385 7390 7391
f 7385 7391 7386
f 7231 7386 7391
f 7231 7391 7233
f 7387 7392 7393
f 7387 7393 7388
f 7234 7392 7387
f 7234 7387 7232
f 7388 7393 7394
f 7388 7394 7389
f 7389 7394 7395
f 7389 7395 7390
f 7390 7395 7396
f 7390 7396 7391
f 7233 7391 7396
f 7233 7396 7235
f 7392 7397 7398
f 7392 7398 7393
f 7236 7397 7392
f 7236 7392 7234
f 7393 7398 7399
f 7393 7399 7394
f 7394 7399 7400
f 7394 7400 7395
f 7395 7400 7401
f 7395 7401 7396
f 7235 7396 7401
f 7235 7401 7237
f 7397 7402 7403
f 7397 7403 7398
f 7238 7402 7397
f 7238 7397 7236
f 7398 7403 7404
f 7398 7404 7399
f 7399 7404 7405
f 7399 7405 7400
f 7400 7405 7406
f 7400 7406 7401
f 7237 7401 7406
f 7237 7406 7239
f 7402 7407 7408
f 7402 7408 7403
f 7240 7407 7402
f 7240 7402 7238
f 7403 7408 7409
f 7403 7409 7404
f 7404 7409 7410
f 7404 7410 7405
f 7405 7410 7411
f 7405 7411 7406
f 7239 7406 7411
f 7239 7411 7241
f 7407 7412 7413
f 7407 7413 7408
f 7242 7412 7407
f 7242 7407 7240
f 7408 7413 7414
f 7408 7414 7409
f 7409 7414 7415
f 7409 7415 7410
f 7410 7415 7416
f 7410 7416 7411
f 7241 7411 7416
f 7241 7416 7243
f 7412 7417 7418
f 7412 7418 7413
f 7244 7417 7412
f 7244 7412 7242
f 7413 7418 7419
f 7413 7419 7414
f 7414 7419 7420
f 7414 7420 7415
f 7415 7420 7421
f 7415 7421 7416
f 7243 7416 7421
f 7243 7421 7245
f 7417 7422 7423
f 7417 7423 7418
f 7246 7422 7417
f 7246 7417 7244
f 7418 7423 7424
f 7418 7424 7419
f 7419 7424 7425
f 7419 7425 7420
f 7420 7425 7426
f 7420 7426 7421
f 7245 7421 7426
f 7245 7426 7247
f 7422 7427 7428
f 7422 7428 7423
f 7248 7427 7422
f 7248 7422 7246
f 7423 7428 7429
f 7423 7429 7424
f 7424 7429 7430
f 7424 7430 7425
f 7425 7430 7431
f 7425 7431 7426
f 7247 7426 7431
f 7247 7431 7249
f 7427 7432 7433
f 7427 7433 7428
f 7250 7432 7427
f 7250 7427 7248
f 7428 7433 7434
f 7428 7434 7429
f 7429 7434 7435
f 7429 7435 7430
f 7430 7435 7436
f 7430 7436 7431
f 7249 7431 7436
f 7249 7436 7251
f 7432 7437 7438
f 7432 7438 7433
f 7252 7437 7432
f 7252 7432 7250
f 7433 7438 7439
f 7433 7439 7434
f 7434 7439 7440
f 7434 7440 7435
f 7435 7440 7441
f 7435 7441 7436
f 7251 7436 7441
f 7251 7441 7253
f 7437 7442 7443
f 7437 7443 7438
f 7254 7442 7437
f 7254 7437 7252
f 7438 7443 7444
f 7438 7444 7439
f 7439 7444 7445
f 7439 7445 7440
f 7440 7445 7446
f 7440 7446 7441
f 7253 7441 7446
f 7253 7446 7255
f 7442 7447 7448
f 7442 7448 7443
f 7256 7447 7442
f 7256 7442 7254
f 7443 7448 7449
f 7443 7449 7444
f 7444 7449 7450
f 7444 7450 7445
f 7445 7450 7451
f 7445 7451 7446
f 7255 7446 7451
f 7255 7451 7257
f 7447 7452 7453
f 7447 7453 7448
f 7258 7452 7447
f 7258 7447 7256
f 7448 7453 7454
f 7448 7454 7449
f 7449 7454 7455
f 7449 7455 7450
f 7450 7455 7456
f 7450 7456 7451
f 7257 7451 7456
f 7257 7456 7259
f 7452 7457 7458
f 7452 7458 7453
f 7260 7457 7452
f 7260 7452 7258
f 7453 7458 7459
f 7453 7459 7454
f 7454 7459 7460
f 7454 7460 7455
f 7455 7460 7461
f 7455 7461 7456
f 7259 7456 7461
f 7259 7461 7261
f 7457 7462 7463
f 7457 7463 7458
f 7262 7462 7457
f 7262 7457 7260
f 7458 7463 7464
f 7458 7464 7459
f 7459 7464 7465
f 7459 7465 7460
f 7460 7465 7466
f 7460 7466 7461
f 7261 7461 7466
f 7261 7466 7263
f 7462 7467 7468
f 7462 7468 7463
f 7264 7467 7462
f 7264 7462 7262
f 7463 7468 7469
f 7463 7469 7464
f 7464 7469 7470
f 7464 7470 7465
f 7465 7470 7471
f 7465 7471 7466
f 7263 7466 7471
f 7263 7471 7265
f 7467 7472 7473
f 7467 7473 7468
f 7266 7472 7467
f 7266 7467 7264
f 7468 7473 7474
f 7468 7474 7469
f 7469 7474 7475
f 7469 7475 7470
f 7470 7475 7476
f 7470 7476 7471
f 7265 7471 7476
f 7265 7476 7267
f 7472 7477 7478
f 7472 7478 7473
f 7268 7477 7472
f 7268 7472 7266
f 7473 7478 7479
f 7473 7479 7474
f 7474 7479 7480
f 7474 7480 7475
f 7475 7480 7481
f 7475 7481 7476
f 7267 7476 7481
f 7267 7481 7269
f 7477 7482 7483
f 7477 7483 7478
f 7270 7482 7477
f 7270 7477 7268
f 7478 7483 7484
f 7478 7484 7479
f 7479 7484 7485
f 7479 7485 7480
f 7480 7485 7486
f 7480 7486 7481
f 7269 7481 7486
f 7269 7486 7271
f 7482 7487 7488
f 7482 7488 7483
f 7272 7487 7482
f 7272 7482 7270
f 7483 7488 7489
f 7483 7489 7484
f 7484 7489 7490
f 7484 7490 7485
f 7485 7490 7491
f 7485 7491 7486
f 7271 7486 7491
f 7271 7491 7273
f 7487 7492 7493
f 7487 7493 7488
f 7274 7492 7487
f 7274 7487 7272
f 7488 7493 7494
f 7488 7494 7489
f 7489 7494 7495
f 7489 7495 7490
f 7490 7495 7496
f 7490 7496 7491
f 7273 7491 7496
f 7273 7496 7275
f 7492 7497 7498
f 7492 7498 7493
f 7276 7497 7492
f 7276 7492 7274
f 7493 7498 7499
f 7493 7499 7494
f 7494 7499 7500
f 7494 7500 7495
f 7495 7500 7501
f 7495 7501 7496
f 7275 7496 7501
f 7275 7501 7277
f 7497 7502 7503
f 7497 7503 7498
f 7278 7502 7497
f 7278 7497 7276
f 7498 7503 7504
f 7498 7504 7499
f 7499 7504 7505
f 7499 7505 7500
f 7500 7505 7506
f 7500 7506 7501
f 7277 7501 7506
f 7277 7506 7279
f 7502 7507 7508
f 7502 7508 7503
f 7280 7507 7502
f 7280 7502 7278
f 7503 7508 7509
f 7503 7509 7504
f 7504 7509 7510
f 7504 7510 7505
f 7505 7510 7511
f 7505 7511 7506
f 7279 7506 7511
f 7279 7511 7281
f 7507 7512 7513
f 7507 7513 7508
f 7282 7512 7507
f 7282 7507 7280
f 7508 7513 7514
f 7508 7514 7509
f 7509 7514 7515
f 7509 7515 7510
f 7510 7515 7516
f 7510 7516 7511
f 7281 7511 7516
f 7281 7516 7283
f 7512 7517 7518
f 7512 7518 7513
f 7284 7517 7512
f 7284 7512 7282
f 7513 7518 7519
f 7513 7519 7514
f 7514 7519 7520
f 7514 7520 7515
f 7515 7520 7521
f 7515 7521 7516
f 7283 7516 7521
f 7283 7521 7285
f 7517 7522 7523
f 7517 7523 7518
f 7286 7522 7517
f 7286 7517 7284
f 7518 7523 7524
f 7518 7524 7519
f 7519 7524 7525
f 7519 7525 7520
f 7520 7525 7526
f 7520 7526 7521
f 7285 7521 7526
f 7285 7526 7287
f 7522 7527 7528
f 7522 7528 7523
f 7288 7527 7522
f 7288 7522 7286
f 7523 7528 7529
f 7523 7529 7524
f 7524 7529 7530
f 7524 7530 7525
f 7525 7530 7531
f 7525 7531 7526
f 7287 7526 7531
f 7287 7531 7289
f 7527 7532 7533
f 7527 7533 7528
f 7290 7532 7527
f 7290 7527 7288
f 7528 7533 7534
f 7528 7534 7529
f 7529 7534 7535
f 7529 7535 7530
f 7530 7535 7536
f 7530 7536 7531
f 7289 7531 7536
f 7289 7536 7291
f 7532 7537 7538
f 7532 7538 7533
f 7292 7537 7532
f 7292 7532 7290
f 7533 7538 7539
f 7533 7539 7534
f 7534 7539 7540
f 7534 7540 7535
f 7535 7540 7541
f 7535 7541 7536
f 7291 7536 7541
f 7291 7541 7293
f 7537 7542 7543
f 7537 7543 7538
f 7294 7542 7537
f 7294 7537 7292
f 7538 7543 7544
f 7538 7544 7539
f 7539 7544 7545
f 7539 7545 7540
f 7540 7545 7546
f 7540 7546 7541
f 7293 7541 7546
f 7293 7546 7295
f 7542 7547 7548
f 7542 7548 7543
f 7296 7547 7542
f 7296 7542 7294
f 7543 7548 7549
f 7543 7549 7544
f 7544 7549 7550
f 7544 7550 7545
f 7545 7550 7551
f 7545 7551 7546
f 7295 7546 7551
f 7295 7551 7297
f 7547 7552 7553
f 7547 7553 7548
f 7298 7552 7547
f 7298 7547 7296
f 7548 7553 7554
f 7548 7554 7549
f 7549 7554 7555
f 7549 7555 7550
f 7550 7555 7556
f 7550 7556 7551
f 7297 7551 7556
f 7297 7556 7299
f 7552 7557 7558
f 7552 7558 7553
f 7300 7557 7552
f 7300 7552 7298
f 7553 7558 7559
f 7553 7559 7554
f 7554 7559 7560
f 7554 7560 7555
f 7555 7560 7561
f 7555 7561 7556
f 7299 7556 7561
f 7299 7561 7301
f 7557 7562 7563
f 7557 7563 7558
f 7302 7562 7557
f 7302 7557 7300
f 7558 7563 7564
f 7558 7564 7559
f 7559 7564 7565
f 7559 7565 7560
f 7560 7565 7566
f 7560 7566 7561
f 7301 7561 7566
f 7301 7566 7303
f 7562 7567 7568
f 7562 7568 7563
f 7304 7567 7562
f 7304 7562 7302
f 7563 7568 7569
f 7563 7569 7564
f 7564 7569 7570
f 7564 7570 7565
f 7565 7570 7571
f 7565 7571 7566
f 7303 7566 7571
f 7303 7571 7305
f 7567 7572 7573
f 7567 7573 7568
f 7306 7572 7567
f 7306 7567 7304
f 7568 7573 7574
f 7568 7574 7569
f 7569 7574 7575
f 7569 7575 7570
f 7570 7575 7576
f 7570 7576 7571
f 7305 7571 7576
f 7305 7576 7307
f 7572 7577 7578
f 7572 7578 7573
f 7308 7577 7572
f 7308 7572 7306
f 7573 7578 7579
f 7573 7579 7574
f 7574 7579 7580
f 7574 7580 7575
f 7575 7580 7581
f 7575 7581 7576
f 7307 7576 7581
f 7307 7581 7309
f 7577 7582 7583
f 7577 7583 7578
f 7310 7582 7577
f 7310 7577 7308
f 7578 7583 7584
f 7578 7584 7579
f 7579 7584 7585
f 7579 7585 7580
f 7580 7585 7586
f 7580 7586 7581
f 7309 7581 7586
f 7309 7586 7311
f 7582 7587 7588
f 7582 7588 7583
f 7312 7587 7582
f 7312 7582 7310
f 7583 7588 7589
f 7583 7589 7584
f 7584 7589 7590
f 7584 7590 7585
f 7585 7590 7591
f 7585 7591 7586
f 7311 7586 7591
f 7311 7591 7313
f 7587 7592 7593
f 7587 7593 7588
f 7314 7592 7587
f 7314 7587 7312
f 7588 7593 7594
f 7588 7594 7589
f 7589 7594 7595
f 7589 7595 7590
f 7590 7595 7596
f 7590 7596 7591
f 7313 7591 7596
f 7313 7596 7315
f 7592 7597 7598
f 7592 7598 7593
f 7316 7597 7592
f 7316 7592 7314
f 7593 7598 7599
f 7593 7599 7594
f 7594 7599 7600
f 7594 7600 7595
f 7595 7600 7601
f 7595 7601 7596
f 7315 7596 7601
f 7315 7601 7317
f 7597 7602 7603
f 7597 7603 7598
f 7318 7602 7597
f 7318 7597 7316
f 7598 7603 7604
f 7598 7604 7599
f 7599 7604 7605
f 7599 7605 7600
f 7600 7605 7606
f 7600 7606 7601
f 7317 7601 7606
f 7317 7606 7319
f 7602 7607 7608
f 7602 7608 7603
f 7320 7607 7602
f 7320 7602 7318
f 7603 7608 7609
f 7603 7609 7604
f 7604 7609 7610
f 7604 7610 7605
f 7605 7610 7611
f 7605 7611 7606
f 7319 7606 7611
f 7319 7611 7321
f 7607 7612 7613
f 7607 7613 7608
f 7323 7322 7613
f 7323 7613 7612
f 7323 7612 7607
f 7323 7607 7320
f 7608 7613 7614
f 7608 7614 7609
f 7322 7324 7614
f 7322 7614 7613
f 7609 7614 7615
f 7609 7615 7610
f 7324 7325 7615
f 7324 7615 7614
f 7610 7615 7616
f 7610 7616 7611
f 7325 7326 7616
f 7325 7616 7615
f 7321 7611 7616
f 7321 7616 7326
