# Units: meters; Z up; outward-facing triangles.
# Refined surface: 2 mm grid; holder rim height is 2.5 mm.
o panel_refined
s off
v -0.05000000 -0.05000000 -0.00100000
v -0.05000000 -0.04800000 -0.00100000
v -0.05000000 -0.04800000 0.00100000
v -0.05000000 -0.05000000 0.00100000
v -0.04800000 -0.05000000 0.00100000
v -0.04800000 -0.05000000 -0.00100000
v -0.04800000 -0.04800000 -0.00100000
v -0.04800000 -0.04800000 0.00100000
v -0.05000000 -0.04600000 -0.00100000
v -0.05000000 -0.04600000 0.00100000
v -0.04800000 -0.04600000 -0.00100000
v -0.04800000 -0.04600000 0.00100000
v -0.05000000 -0.04400000 -0.00100000
v -0.05000000 -0.04400000 0.00100000
v -0.04800000 -0.04400000 -0.00100000
v -0.04800000 -0.04400000 0.00100000
v -0.05000000 -0.04200000 -0.00100000
v -0.05000000 -0.04200000 0.00100000
v -0.04800000 -0.04200000 -0.00100000
v -0.04800000 -0.04200000 0.00100000
v -0.05000000 -0.04000000 -0.00100000
v -0.05000000 -0.04000000 0.00100000
v -0.04800000 -0.04000000 -0.00100000
v -0.04800000 -0.04000000 0.00100000
v -0.05000000 -0.03800000 -0.00100000
v -0.05000000 -0.03800000 0.00100000
v -0.04800000 -0.03800000 -0.00100000
v -0.04800000 -0.03800000 0.00100000
v -0.05000000 -0.03600000 -0.00100000
v -0.05000000 -0.03600000 0.00100000
v -0.04800000 -0.03600000 -0.00100000
v -0.04800000 -0.03600000 0.00100000
v -0.05000000 -0.03400000 -0.00100000
v -0.05000000 -0.03400000 0.00100000
v -0.04800000 -0.03400000 -0.00100000
v -0.04800000 -0.03400000 0.00100000
v -0.05000000 -0.03200000 -0.00100000
v -0.05000000 -0.03200000 0.00100000
v -0.04800000 -0.03200000 -0.00100000
v -0.04800000 -0.03200000 0.00100000
v -0.05000000 -0.03000000 -0.00100000
v -0.05000000 -0.03000000 0.00100000
v -0.04800000 -0.03000000 -0.00100000
v -0.04800000 -0.03000000 0.00100000
v -0.05000000 -0.02800000 -0.00100000
v -0.05000000 -0.02800000 0.00100000
v -0.04800000 -0.02800000 -0.00100000
v -0.04800000 -0.02800000 0.00100000
v -0.05000000 -0.02600000 -0.00100000
v -0.05000000 -0.02600000 0.00100000
v -0.04800000 -0.02600000 -0.00100000
v -0.04800000 -0.02600000 0.00100000
v -0.05000000 -0.02400000 -0.00100000
v -0.05000000 -0.02400000 0.00100000
v -0.04800000 -0.02400000 -0.00100000
v -0.04800000 -0.02400000 0.00100000
v -0.05000000 -0.02200000 -0.00100000
v -0.05000000 -0.02200000 0.00100000
v -0.04800000 -0.02200000 -0.00100000
v -0.04800000 -0.02200000 0.00100000
v -0.05000000 -0.02000000 -0.00100000
v -0.05000000 -0.02000000 0.00100000
v -0.04800000 -0.02000000 -0.00100000
v -0.04800000 -0.02000000 0.00100000
v -0.05000000 -0.01800000 -0.00100000
v -0.05000000 -0.01800000 0.00100000
v -0.04800000 -0.01800000 -0.00100000
v -0.04800000 -0.01800000 0.00100000
v -0.05000000 -0.01600000 -0.00100000
v -0.05000000 -0.01600000 0.00100000
v -0.04800000 -0.01600000 -0.00100000
v -0.04800000 -0.01600000 0.00100000
v -0.05000000 -0.01400000 -0.00100000
v -0.05000000 -0.01400000 0.00100000
v -0.04800000 -0.01400000 -0.00100000
v -0.04800000 -0.01400000 0.00100000
v -0.05000000 -0.01200000 -0.00100000
v -0.05000000 -0.01200000 0.00100000
v -0.04800000 -0.01200000 -0.00100000
v -0.04800000 -0.01200000 0.00100000
v -0.05000000 -0.01000000 -0.00100000
v -0.05000000 -0.01000000 0.00100000
v -0.04800000 -0.01000000 -0.00100000
v -0.04800000 -0.01000000 0.00100000
v -0.05000000 -0.00800000 -0.00100000
v -0.05000000 -0.00800000 0.00100000
v -0.04800000 -0.00800000 -0.00100000
v -0.04800000 -0.00800000 0.00100000
v -0.05000000 -0.00600000 -0.00100000
v -0.05000000 -0.00600000 0.00100000
v -0.04800000 -0.00600000 -0.00100000
v -0.04800000 -0.00600000 0.00100000
v -0.05000000 -0.00400000 -0.00100000
v -0.05000000 -0.00400000 0.00100000
v -0.04800000 -0.00400000 -0.00100000
v -0.04800000 -0.00400000 0.00100000
v -0.05000000 -0.00200000 -0.00100000
v -0.05000000 -0.00200000 0.00100000
v -0.04800000 -0.00200000 -0.00100000
v -0.04800000 -0.00200000 0.00100000
v -0.05000000 0.00000000 -0.00100000
v -0.05000000 0.00000000 0.00100000
v -0.04800000 0.00000000 -0.00100000
v -0.04800000 0.00000000 0.00100000
v -0.05000000 0.00200000 -0.00100000
v -0.05000000 0.00200000 0.00100000
v -0.04800000 0.00200000 -0.00100000
v -0.04800000 0.00200000 0.00100000
v -0.05000000 0.00400000 -0.00100000
v -0.05000000 0.00400000 0.00100000
v -0.04800000 0.00400000 -0.00100000
v -0.04800000 0.00400000 0.00100000
v -0.05000000 0.00600000 -0.00100000
v -0.05000000 0.00600000 0.00100000
v -0.04800000 0.00600000 -0.00100000
v -0.04800000 0.00600000 0.00100000
v -0.05000000 0.00800000 -0.00100000
v -0.05000000 0.00800000 0.00100000
v -0.04800000 0.00800000 -0.00100000
v -0.04800000 0.00800000 0.00100000
v -0.05000000 0.01000000 -0.00100000
v -0.05000000 0.01000000 0.00100000
v -0.04800000 0.01000000 -0.00100000
v -0.04800000 0.01000000 0.00100000
v -0.05000000 0.01200000 -0.00100000
v -0.05000000 0.01200000 0.00100000
v -0.04800000 0.01200000 -0.00100000
v -0.04800000 0.01200000 0.00100000
v -0.05000000 0.01400000 -0.00100000
v -0.05000000 0.01400000 0.00100000
v -0.04800000 0.01400000 -0.00100000
v -0.04800000 0.01400000 0.00100000
v -0.05000000 0.01600000 -0.00100000
v -0.05000000 0.01600000 0.00100000
v -0.04800000 0.01600000 -0.00100000
v -0.04800000 0.01600000 0.00100000
v -0.05000000 0.01800000 -0.00100000
v -0.05000000 0.01800000 0.00100000
v -0.04800000 0.01800000 -0.00100000
v -0.04800000 0.01800000 0.00100000
v -0.05000000 0.02000000 -0.00100000
v -0.05000000 0.02000000 0.00100000
v -0.04800000 0.02000000 -0.00100000
v -0.04800000 0.02000000 0.00100000
v -0.05000000 0.02200000 -0.00100000
v -0.05000000 0.02200000 0.00100000
v -0.04800000 0.02200000 -0.00100000
v -0.04800000 0.02200000 0.00100000
v -0.05000000 0.02400000 -0.00100000
v -0.05000000 0.02400000 0.00100000
v -0.04800000 0.02400000 -0.00100000
v -0.04800000 0.02400000 0.00100000
v -0.05000000 0.02600000 -0.00100000
v -0.05000000 0.02600000 0.00100000
v -0.04800000 0.02600000 -0.00100000
v -0.04800000 0.02600000 0.00100000
v -0.05000000 0.02800000 -0.00100000
v -0.05000000 0.02800000 0.00100000
v -0.04800000 0.02800000 -0.00100000
v -0.04800000 0.02800000 0.00100000
v -0.05000000 0.03000000 -0.00100000
v -0.05000000 0.03000000 0.00100000
v -0.04800000 0.03000000 -0.00100000
v -0.04800000 0.03000000 0.00100000
v -0.05000000 0.03200000 -0.00100000
v -0.05000000 0.03200000 0.00100000
v -0.04800000 0.03200000 -0.00100000
v -0.04800000 0.03200000 0.00100000
v -0.05000000 0.03400000 -0.00100000
v -0.05000000 0.03400000 0.00100000
v -0.04800000 0.03400000 -0.00100000
v -0.04800000 0.03400000 0.00100000
v -0.05000000 0.03600000 -0.00100000
v -0.05000000 0.03600000 0.00100000
v -0.04800000 0.03600000 -0.00100000
v -0.04800000 0.03600000 0.00100000
v -0.05000000 0.03800000 -0.00100000
v -0.05000000 0.03800000 0.00100000
v -0.04800000 0.03800000 -0.00100000
v -0.04800000 0.03800000 0.00100000
v -0.05000000 0.04000000 -0.00100000
v -0.05000000 0.04000000 0.00100000
v -0.04800000 0.04000000 -0.00100000
v -0.04800000 0.04000000 0.00100000
v -0.05000000 0.04200000 -0.00100000
v -0.05000000 0.04200000 0.00100000
v -0.04800000 0.04200000 -0.00100000
v -0.04800000 0.04200000 0.00100000
v -0.05000000 0.04400000 -0.00100000
v -0.05000000 0.04400000 0.00100000
v -0.04800000 0.04400000 -0.00100000
v -0.04800000 0.04400000 0.00100000
v -0.05000000 0.04600000 -0.00100000
v -0.05000000 0.04600000 0.00100000
v -0.04800000 0.04600000 -0.00100000
v -0.04800000 0.04600000 0.00100000
v -0.05000000 0.04800000 -0.00100000
v -0.05000000 0.04800000 0.00100000
v -0.04800000 0.04800000 -0.00100000
v -0.04800000 0.04800000 0.00100000
v -0.05000000 0.05000000 -0.00100000
v -0.05000000 0.05000000 0.00100000
v -0.04800000 0.05000000 0.00100000
v -0.04800000 0.05000000 -0.00100000
v -0.04600000 -0.05000000 0.00100000
v -0.04600000 -0.05000000 -0.00100000
v -0.04600000 -0.04800000 -0.00100000
v -0.04600000 -0.04800000 0.00100000
v -0.04600000 -0.04600000 -0.00100000
v -0.04600000 -0.04600000 0.00100000
v -0.04600000 -0.04400000 -0.00100000
v -0.04600000 -0.04400000 0.00100000
v -0.04600000 -0.04200000 -0.00100000
v -0.04600000 -0.04200000 0.00100000
v -0.04600000 -0.04000000 -0.00100000
v -0.04600000 -0.04000000 0.00100000
v -0.04600000 -0.03800000 -0.00100000
v -0.04600000 -0.03800000 0.00100000
v -0.04600000 -0.03600000 -0.00100000
v -0.04600000 -0.03600000 0.00100000
v -0.04600000 -0.03400000 -0.00100000
v -0.04600000 -0.03400000 0.00100000
v -0.04600000 -0.03200000 -0.00100000
v -0.04600000 -0.03200000 0.00100000
v -0.04600000 -0.03000000 -0.00100000
v -0.04600000 -0.03000000 0.00100000
v -0.04600000 -0.02800000 -0.00100000
v -0.04600000 -0.02800000 0.00100000
v -0.04600000 -0.02600000 -0.00100000
v -0.04600000 -0.02600000 0.00100000
v -0.04600000 -0.02400000 -0.00100000
v -0.04600000 -0.02400000 0.00100000
v -0.04600000 -0.02200000 -0.00100000
v -0.04600000 -0.02200000 0.00100000
v -0.04600000 -0.02000000 -0.00100000
v -0.04600000 -0.02000000 0.00100000
v -0.04600000 -0.01800000 -0.00100000
v -0.04600000 -0.01800000 0.00100000
v -0.04600000 -0.01600000 -0.00100000
v -0.04600000 -0.01600000 0.00100000
v -0.04600000 -0.01400000 -0.00100000
v -0.04600000 -0.01400000 0.00100000
v -0.04600000 -0.01200000 -0.00100000
v -0.04600000 -0.01200000 0.00100000
v -0.04600000 -0.01000000 -0.00100000
v -0.04600000 -0.01000000 0.00100000
v -0.04600000 -0.00800000 -0.00100000
v -0.04600000 -0.00800000 0.00100000
v -0.04600000 -0.00600000 -0.00100000
v -0.04600000 -0.00600000 0.00100000
v -0.04600000 -0.00400000 -0.00100000
v -0.04600000 -0.00400000 0.00100000
v -0.04600000 -0.00200000 -0.00100000
v -0.04600000 -0.00200000 0.00100000
v -0.04600000 0.00000000 -0.00100000
v -0.04600000 0.00000000 0.00100000
v -0.04600000 0.00200000 -0.00100000
v -0.04600000 0.00200000 0.00100000
v -0.04600000 0.00400000 -0.00100000
v -0.04600000 0.00400000 0.00100000
v -0.04600000 0.00600000 -0.00100000
v -0.04600000 0.00600000 0.00100000
v -0.04600000 0.00800000 -0.00100000
v -0.04600000 0.00800000 0.00100000
v -0.04600000 0.01000000 -0.00100000
v -0.04600000 0.01000000 0.00100000
v -0.04600000 0.01200000 -0.00100000
v -0.04600000 0.01200000 0.00100000
v -0.04600000 0.01400000 -0.00100000
v -0.04600000 0.01400000 0.00100000
v -0.04600000 0.01600000 -0.00100000
v -0.04600000 0.01600000 0.00100000
v -0.04600000 0.01800000 -0.00100000
v -0.04600000 0.01800000 0.00100000
v -0.04600000 0.02000000 -0.00100000
v -0.04600000 0.02000000 0.00100000
v -0.04600000 0.02200000 -0.00100000
v -0.04600000 0.02200000 0.00100000
v -0.04600000 0.02400000 -0.00100000
v -0.04600000 0.02400000 0.00100000
v -0.04600000 0.02600000 -0.00100000
v -0.04600000 0.02600000 0.00100000
v -0.04600000 0.02800000 -0.00100000
v -0.04600000 0.02800000 0.00100000
v -0.04600000 0.03000000 -0.00100000
v -0.04600000 0.03000000 0.00100000
v -0.04600000 0.03200000 -0.00100000
v -0.04600000 0.03200000 0.00100000
v -0.04600000 0.03400000 -0.00100000
v -0.04600000 0.03400000 0.00100000
v -0.04600000 0.03600000 -0.00100000
v -0.04600000 0.03600000 0.00100000
v -0.04600000 0.03800000 -0.00100000
v -0.04600000 0.03800000 0.00100000
v -0.04600000 0.04000000 -0.00100000
v -0.04600000 0.04000000 0.00100000
v -0.04600000 0.04200000 -0.00100000
v -0.04600000 0.04200000 0.00100000
v -0.04600000 0.04400000 -0.00100000
v -0.04600000 0.04400000 0.00100000
v -0.04600000 0.04600000 -0.00100000
v -0.04600000 0.04600000 0.00100000
v -0.04600000 0.04800000 -0.00100000
v -0.04600000 0.04800000 0.00100000
v -0.04600000 0.05000000 0.00100000
v -0.04600000 0.05000000 -0.00100000
v -0.04400000 -0.05000000 0.00100000
v -0.04400000 -0.05000000 -0.00100000
v -0.04400000 -0.04800000 -0.00100000
v -0.04400000 -0.04800000 0.00100000
v -0.04400000 -0.04600000 -0.00100000
v -0.04400000 -0.04600000 0.00100000
v -0.04400000 -0.04400000 -0.00100000
v -0.04400000 -0.04400000 0.00100000
v -0.04400000 -0.04200000 -0.00100000
v -0.04400000 -0.04200000 0.00100000
v -0.04400000 -0.04000000 -0.00100000
v -0.04400000 -0.04000000 0.00100000
v -0.04400000 -0.03800000 -0.00100000
v -0.04400000 -0.03800000 0.00100000
v -0.04400000 -0.03600000 -0.00100000
v -0.04400000 -0.03600000 0.00100000
v -0.04400000 -0.03400000 -0.00100000
v -0.04400000 -0.03400000 0.00100000
v -0.04400000 -0.03200000 -0.00100000
v -0.04400000 -0.03200000 0.00100000
v -0.04400000 -0.03000000 -0.00100000
v -0.04400000 -0.03000000 0.00100000
v -0.04400000 -0.02800000 -0.00100000
v -0.04400000 -0.02800000 0.00100000
v -0.04400000 -0.02600000 -0.00100000
v -0.04400000 -0.02600000 0.00100000
v -0.04400000 -0.02400000 -0.00100000
v -0.04400000 -0.02400000 0.00100000
v -0.04400000 -0.02200000 -0.00100000
v -0.04400000 -0.02200000 0.00100000
v -0.04400000 -0.02000000 -0.00100000
v -0.04400000 -0.02000000 0.00100000
v -0.04400000 -0.01800000 -0.00100000
v -0.04400000 -0.01800000 0.00100000
v -0.04400000 -0.01600000 -0.00100000
v -0.04400000 -0.01600000 0.00100000
v -0.04400000 -0.01400000 -0.00100000
v -0.04400000 -0.01400000 0.00100000
v -0.04400000 -0.01200000 -0.00100000
v -0.04400000 -0.01200000 0.00100000
v -0.04400000 -0.01000000 -0.00100000
v -0.04400000 -0.01000000 0.00100000
v -0.04400000 -0.00800000 -0.00100000
v -0.04400000 -0.00800000 0.00100000
v -0.04400000 -0.00600000 -0.00100000
v -0.04400000 -0.00600000 0.00100000
v -0.04400000 -0.00400000 -0.00100000
v -0.04400000 -0.00400000 0.00100000
v -0.04400000 -0.00200000 -0.00100000
v -0.04400000 -0.00200000 0.00100000
v -0.04400000 0.00000000 -0.00100000
v -0.04400000 0.00000000 0.00100000
v -0.04400000 0.00200000 -0.00100000
v -0.04400000 0.00200000 0.00100000
v -0.04400000 0.00400000 -0.00100000
v -0.04400000 0.00400000 0.00100000
v -0.04400000 0.00600000 -0.00100000
v -0.04400000 0.00600000 0.00100000
v -0.04400000 0.00800000 -0.00100000
v -0.04400000 0.00800000 0.00100000
v -0.04400000 0.01000000 -0.00100000
v -0.04400000 0.01000000 0.00100000
v -0.04400000 0.01200000 -0.00100000
v -0.04400000 0.01200000 0.00100000
v -0.04400000 0.01400000 -0.00100000
v -0.04400000 0.01400000 0.00100000
v -0.04400000 0.01600000 -0.00100000
v -0.04400000 0.01600000 0.00100000
v -0.04400000 0.01800000 -0.00100000
v -0.04400000 0.01800000 0.00100000
v -0.04400000 0.02000000 -0.00100000
v -0.04400000 0.02000000 0.00100000
v -0.04400000 0.02200000 -0.00100000
v -0.04400000 0.02200000 0.00100000
v -0.04400000 0.02400000 -0.00100000
v -0.04400000 0.02400000 0.00100000
v -0.04400000 0.02600000 -0.00100000
v -0.04400000 0.02600000 0.00100000
v -0.04400000 0.02800000 -0.00100000
v -0.04400000 0.02800000 0.00100000
v -0.04400000 0.03000000 -0.00100000
v -0.04400000 0.03000000 0.00100000
v -0.04400000 0.03200000 -0.00100000
v -0.04400000 0.03200000 0.00100000
v -0.04400000 0.03400000 -0.00100000
v -0.04400000 0.03400000 0.00100000
v -0.04400000 0.03600000 -0.00100000
v -0.04400000 0.03600000 0.00100000
v -0.04400000 0.03800000 -0.00100000
v -0.04400000 0.03800000 0.00100000
v -0.04400000 0.04000000 -0.00100000
v -0.04400000 0.04000000 0.00100000
v -0.04400000 0.04200000 -0.00100000
v -0.04400000 0.04200000 0.00100000
v -0.04400000 0.04400000 -0.00100000
v -0.04400000 0.04400000 0.00100000
v -0.04400000 0.04600000 -0.00100000
v -0.04400000 0.04600000 0.00100000
v -0.04400000 0.04800000 -0.00100000
v -0.04400000 0.04800000 0.00100000
v -0.04400000 0.05000000 0.00100000
v -0.04400000 0.05000000 -0.00100000
v -0.04200000 -0.05000000 0.00100000
v -0.04200000 -0.05000000 -0.00100000
v -0.04200000 -0.04800000 -0.00100000
v -0.04200000 -0.04800000 0.00100000
v -0.04200000 -0.04600000 -0.00100000
v -0.04200000 -0.04600000 0.00100000
v -0.04200000 -0.04400000 -0.00100000
v -0.04200000 -0.04400000 0.00100000
v -0.04200000 -0.04200000 -0.00100000
v -0.04200000 -0.04200000 0.00100000
v -0.04200000 -0.04000000 -0.00100000
v -0.04200000 -0.04000000 0.00100000
v -0.04200000 -0.03800000 -0.00100000
v -0.04200000 -0.03800000 0.00100000
v -0.04200000 -0.03600000 -0.00100000
v -0.04200000 -0.03600000 0.00100000
v -0.04200000 -0.03400000 -0.00100000
v -0.04200000 -0.03400000 0.00100000
v -0.04200000 -0.03200000 -0.00100000
v -0.04200000 -0.03200000 0.00100000
v -0.04200000 -0.03000000 -0.00100000
v -0.04200000 -0.03000000 0.00100000
v -0.04200000 -0.02800000 -0.00100000
v -0.04200000 -0.02800000 0.00100000
v -0.04200000 -0.02600000 -0.00100000
v -0.04200000 -0.02600000 0.00100000
v -0.04200000 -0.02400000 -0.00100000
v -0.04200000 -0.02400000 0.00100000
v -0.04200000 -0.02200000 -0.00100000
v -0.04200000 -0.02200000 0.00100000
v -0.04200000 -0.02000000 -0.00100000
v -0.04200000 -0.02000000 0.00100000
v -0.04200000 -0.01800000 -0.00100000
v -0.04200000 -0.01800000 0.00100000
v -0.04200000 -0.01600000 -0.00100000
v -0.04200000 -0.01600000 0.00100000
v -0.04200000 -0.01400000 -0.00100000
v -0.04200000 -0.01400000 0.00100000
v -0.04200000 -0.01200000 -0.00100000
v -0.04200000 -0.01200000 0.00100000
v -0.04200000 -0.01000000 -0.00100000
v -0.04200000 -0.01000000 0.00100000
v -0.04200000 -0.00800000 -0.00100000
v -0.04200000 -0.00800000 0.00100000
v -0.04200000 -0.00600000 -0.00100000
v -0.04200000 -0.00600000 0.00100000
v -0.04200000 -0.00400000 -0.00100000
v -0.04200000 -0.00400000 0.00100000
v -0.04200000 -0.00200000 -0.00100000
v -0.04200000 -0.00200000 0.00100000
v -0.04200000 0.00000000 -0.00100000
v -0.04200000 0.00000000 0.00100000
v -0.04200000 0.00200000 -0.00100000
v -0.04200000 0.00200000 0.00100000
v -0.04200000 0.00400000 -0.00100000
v -0.04200000 0.00400000 0.00100000
v -0.04200000 0.00600000 -0.00100000
v -0.04200000 0.00600000 0.00100000
v -0.04200000 0.00800000 -0.00100000
v -0.04200000 0.00800000 0.00100000
v -0.04200000 0.01000000 -0.00100000
v -0.04200000 0.01000000 0.00100000
v -0.04200000 0.01200000 -0.00100000
v -0.04200000 0.01200000 0.00100000
v -0.04200000 0.01400000 -0.00100000
v -0.04200000 0.01400000 0.00100000
v -0.04200000 0.01600000 -0.00100000
v -0.04200000 0.01600000 0.00100000
v -0.04200000 0.01800000 -0.00100000
v -0.04200000 0.01800000 0.00100000
v -0.04200000 0.02000000 -0.00100000
v -0.04200000 0.02000000 0.00100000
v -0.04200000 0.02200000 -0.00100000
v -0.04200000 0.02200000 0.00100000
v -0.04200000 0.02400000 -0.00100000
v -0.04200000 0.02400000 0.00100000
v -0.04200000 0.02600000 -0.00100000
v -0.04200000 0.02600000 0.00100000
v -0.04200000 0.02800000 -0.00100000
v -0.04200000 0.02800000 0.00100000
v -0.04200000 0.03000000 -0.00100000
v -0.04200000 0.03000000 0.00100000
v -0.04200000 0.03200000 -0.00100000
v -0.04200000 0.03200000 0.00100000
v -0.04200000 0.03400000 -0.00100000
v -0.04200000 0.03400000 0.00100000
v -0.04200000 0.03600000 -0.00100000
v -0.04200000 0.03600000 0.00100000
v -0.04200000 0.03800000 -0.00100000
v -0.04200000 0.03800000 0.00100000
v -0.04200000 0.04000000 -0.00100000
v -0.04200000 0.04000000 0.00100000
v -0.04200000 0.04200000 -0.00100000
v -0.04200000 0.04200000 0.00100000
v -0.04200000 0.04400000 -0.00100000
v -0.04200000 0.04400000 0.00100000
v -0.04200000 0.04600000 -0.00100000
v -0.04200000 0.04600000 0.00100000
v -0.04200000 0.04800000 -0.00100000
v -0.04200000 0.04800000 0.00100000
v -0.04200000 0.05000000 0.00100000
v -0.04200000 0.05000000 -0.00100000
v -0.04000000 -0.05000000 0.00100000
v -0.04000000 -0.05000000 -0.00100000
v -0.04000000 -0.04800000 -0.00100000
v -0.04000000 -0.04800000 0.00100000
v -0.04000000 -0.04600000 -0.00100000
v -0.04000000 -0.04600000 0.00100000
v -0.04000000 -0.04400000 -0.00100000
v -0.04000000 -0.04400000 0.00100000
v -0.04000000 -0.04200000 -0.00100000
v -0.04000000 -0.04200000 0.00100000
v -0.04000000 -0.04000000 -0.00100000
v -0.04000000 -0.04000000 0.00100000
v -0.04000000 -0.03800000 -0.00100000
v -0.04000000 -0.03800000 0.00100000
v -0.04000000 -0.03600000 -0.00100000
v -0.04000000 -0.03600000 0.00100000
v -0.04000000 -0.03400000 -0.00100000
v -0.04000000 -0.03400000 0.00100000
v -0.04000000 -0.03200000 -0.00100000
v -0.04000000 -0.03200000 0.00100000
v -0.04000000 -0.03000000 -0.00100000
v -0.04000000 -0.03000000 0.00100000
v -0.04000000 -0.02800000 -0.00100000
v -0.04000000 -0.02800000 0.00100000
v -0.04000000 -0.02600000 -0.00100000
v -0.04000000 -0.02600000 0.00100000
v -0.04000000 -0.02400000 -0.00100000
v -0.04000000 -0.02400000 0.00100000
v -0.04000000 -0.02200000 -0.00100000
v -0.04000000 -0.02200000 0.00100000
v -0.04000000 -0.02000000 -0.00100000
v -0.04000000 -0.02000000 0.00100000
v -0.04000000 -0.01800000 -0.00100000
v -0.04000000 -0.01800000 0.00100000
v -0.04000000 -0.01600000 -0.00100000
v -0.04000000 -0.01600000 0.00100000
v -0.04000000 -0.01400000 -0.00100000
v -0.04000000 -0.01400000 0.00100000
v -0.04000000 -0.01200000 -0.00100000
v -0.04000000 -0.01200000 0.00100000
v -0.04000000 -0.01000000 -0.00100000
v -0.04000000 -0.01000000 0.00100000
v -0.04000000 -0.00800000 -0.00100000
v -0.04000000 -0.00800000 0.00100000
v -0.04000000 -0.00600000 -0.00100000
v -0.04000000 -0.00600000 0.00100000
v -0.04000000 -0.00400000 -0.00100000
v -0.04000000 -0.00400000 0.00100000
v -0.04000000 -0.00200000 -0.00100000
v -0.04000000 -0.00200000 0.00100000
v -0.04000000 0.00000000 -0.00100000
v -0.04000000 0.00000000 0.00100000
v -0.04000000 0.00200000 -0.00100000
v -0.04000000 0.00200000 0.00100000
v -0.04000000 0.00400000 -0.00100000
v -0.04000000 0.00400000 0.00100000
v -0.04000000 0.00600000 -0.00100000
v -0.04000000 0.00600000 0.00100000
v -0.04000000 0.00800000 -0.00100000
v -0.04000000 0.00800000 0.00100000
v -0.04000000 0.01000000 -0.00100000
v -0.04000000 0.01000000 0.00100000
v -0.04000000 0.01200000 -0.00100000
v -0.04000000 0.01200000 0.00100000
v -0.04000000 0.01400000 -0.00100000
v -0.04000000 0.01400000 0.00100000
v -0.04000000 0.01600000 -0.00100000
v -0.04000000 0.01600000 0.00100000
v -0.04000000 0.01800000 -0.00100000
v -0.04000000 0.01800000 0.00100000
v -0.04000000 0.02000000 -0.00100000
v -0.04000000 0.02000000 0.00100000
v -0.04000000 0.02200000 -0.00100000
v -0.04000000 0.02200000 0.00100000
v -0.04000000 0.02400000 -0.00100000
v -0.04000000 0.02400000 0.00100000
v -0.04000000 0.02600000 -0.00100000
v -0.04000000 0.02600000 0.00100000
v -0.04000000 0.02800000 -0.00100000
v -0.04000000 0.02800000 0.00100000
v -0.04000000 0.03000000 -0.00100000
v -0.04000000 0.03000000 0.00100000
v -0.04000000 0.03200000 -0.00100000
v -0.04000000 0.03200000 0.00100000
v -0.04000000 0.03400000 -0.00100000
v -0.04000000 0.03400000 0.00100000
v -0.04000000 0.03600000 -0.00100000
v -0.04000000 0.03600000 0.00100000
v -0.04000000 0.03800000 -0.00100000
v -0.04000000 0.03800000 0.00100000
v -0.04000000 0.04000000 -0.00100000
v -0.04000000 0.04000000 0.00100000
v -0.04000000 0.04200000 -0.00100000
v -0.04000000 0.04200000 0.00100000
v -0.04000000 0.04400000 -0.00100000
v -0.04000000 0.04400000 0.00100000
v -0.04000000 0.04600000 -0.00100000
v -0.04000000 0.04600000 0.00100000
v -0.04000000 0.04800000 -0.00100000
v -0.04000000 0.04800000 0.00100000
v -0.04000000 0.05000000 0.00100000
v -0.04000000 0.05000000 -0.00100000
v -0.03800000 -0.05000000 0.00100000
v -0.03800000 -0.05000000 -0.00100000
v -0.03800000 -0.04800000 -0.00100000
v -0.03800000 -0.04800000 0.00100000
v -0.03800000 -0.04600000 -0.00100000
v -0.03800000 -0.04600000 0.00100000
v -0.03800000 -0.04400000 -0.00100000
v -0.03800000 -0.04400000 0.00100000
v -0.03800000 -0.04200000 -0.00100000
v -0.03800000 -0.04200000 0.00100000
v -0.03800000 -0.04000000 -0.00100000
v -0.03800000 -0.04000000 0.00100000
v -0.03800000 -0.03800000 -0.00100000
v -0.03800000 -0.03800000 0.00100000
v -0.03800000 -0.03600000 -0.00100000
v -0.03800000 -0.03600000 0.00100000
v -0.03800000 -0.03400000 -0.00100000
v -0.03800000 -0.03400000 0.00100000
v -0.03800000 -0.03200000 -0.00100000
v -0.03800000 -0.03200000 0.00100000
v -0.03800000 -0.03000000 -0.00100000
v -0.03800000 -0.03000000 0.00100000
v -0.03800000 -0.02800000 -0.00100000
v -0.03800000 -0.02800000 0.00100000
v -0.03800000 -0.02600000 -0.00100000
v -0.03800000 -0.02600000 0.00100000
v -0.03800000 -0.02400000 -0.00100000
v -0.03800000 -0.02400000 0.00100000
v -0.03800000 -0.02200000 -0.00100000
v -0.03800000 -0.02200000 0.00100000
v -0.03800000 -0.02000000 -0.00100000
v -0.03800000 -0.02000000 0.00100000
v -0.03800000 -0.01800000 -0.00100000
v -0.03800000 -0.01800000 0.00100000
v -0.03800000 -0.01600000 -0.00100000
v -0.03800000 -0.01600000 0.00100000
v -0.03800000 -0.01400000 -0.00100000
v -0.03800000 -0.01400000 0.00100000
v -0.03800000 -0.01200000 -0.00100000
v -0.03800000 -0.01200000 0.00100000
v -0.03800000 -0.01000000 -0.00100000
v -0.03800000 -0.01000000 0.00100000
v -0.03800000 -0.00800000 -0.00100000
v -0.03800000 -0.00800000 0.00100000
v -0.03800000 -0.00600000 -0.00100000
v -0.03800000 -0.00600000 0.00100000
v -0.03800000 -0.00400000 -0.00100000
v -0.03800000 -0.00400000 0.00100000
v -0.03800000 -0.00200000 -0.00100000
v -0.03800000 -0.00200000 0.00100000
v -0.03800000 0.00000000 -0.00100000
v -0.03800000 0.00000000 0.00100000
v -0.03800000 0.00200000 -0.00100000
v -0.03800000 0.00200000 0.00100000
v -0.03800000 0.00400000 -0.00100000
v -0.03800000 0.00400000 0.00100000
v -0.03800000 0.00600000 -0.00100000
v -0.03800000 0.00600000 0.00100000
v -0.03800000 0.00800000 -0.00100000
v -0.03800000 0.00800000 0.00100000
v -0.03800000 0.01000000 -0.00100000
v -0.03800000 0.01000000 0.00100000
v -0.03800000 0.01200000 -0.00100000
v -0.03800000 0.01200000 0.00100000
v -0.03800000 0.01400000 -0.00100000
v -0.03800000 0.01400000 0.00100000
v -0.03800000 0.01600000 -0.00100000
v -0.03800000 0.01600000 0.00100000
v -0.03800000 0.01800000 -0.00100000
v -0.03800000 0.01800000 0.00100000
v -0.03800000 0.02000000 -0.00100000
v -0.03800000 0.02000000 0.00100000
v -0.03800000 0.02200000 -0.00100000
v -0.03800000 0.02200000 0.00100000
v -0.03800000 0.02400000 -0.00100000
v -0.03800000 0.02400000 0.00100000
v -0.03800000 0.02600000 -0.00100000
v -0.03800000 0.02600000 0.00100000
v -0.03800000 0.02800000 -0.00100000
v -0.03800000 0.02800000 0.00100000
v -0.03800000 0.03000000 -0.00100000
v -0.03800000 0.03000000 0.00100000
v -0.03800000 0.03200000 -0.00100000
v -0.03800000 0.03200000 0.00100000
v -0.03800000 0.03400000 -0.00100000
v -0.03800000 0.03400000 0.00100000
v -0.03800000 0.03600000 -0.00100000
v -0.03800000 0.03600000 0.00100000
v -0.03800000 0.03800000 -0.00100000
v -0.03800000 0.03800000 0.00100000
v -0.03800000 0.04000000 -0.00100000
v -0.03800000 0.04000000 0.00100000
v -0.03800000 0.04200000 -0.00100000
v -0.03800000 0.04200000 0.00100000
v -0.03800000 0.04400000 -0.00100000
v -0.03800000 0.04400000 0.00100000
v -0.03800000 0.04600000 -0.00100000
v -0.03800000 0.04600000 0.00100000
v -0.03800000 0.04800000 -0.00100000
v -0.03800000 0.04800000 0.00100000
v -0.03800000 0.05000000 0.00100000
v -0.03800000 0.05000000 -0.00100000
v -0.03600000 -0.05000000 0.00100000
v -0.03600000 -0.05000000 -0.00100000
v -0.03600000 -0.04800000 -0.00100000
v -0.03600000 -0.04800000 0.00100000
v -0.03600000 -0.04600000 -0.00100000
v -0.03600000 -0.04600000 0.00100000
v -0.03600000 -0.04400000 -0.00100000
v -0.03600000 -0.04400000 0.00100000
v -0.03600000 -0.04200000 -0.00100000
v -0.03600000 -0.04200000 0.00100000
v -0.03600000 -0.04000000 -0.00100000
v -0.03600000 -0.04000000 0.00100000
v -0.03600000 -0.03800000 -0.00100000
v -0.03600000 -0.03800000 0.00100000
v -0.03600000 -0.03600000 -0.00100000
v -0.03600000 -0.03600000 0.00100000
v -0.03600000 -0.03400000 -0.00100000
v -0.03600000 -0.03400000 0.00100000
v -0.03600000 -0.03200000 -0.00100000
v -0.03600000 -0.03200000 0.00100000
v -0.03600000 -0.03000000 -0.00100000
v -0.03600000 -0.03000000 0.00100000
v -0.03600000 -0.02800000 -0.00100000
v -0.03600000 -0.02800000 0.00100000
v -0.03600000 -0.02600000 -0.00100000
v -0.03600000 -0.02600000 0.00100000
v -0.03600000 -0.02400000 -0.00100000
v -0.03600000 -0.02400000 0.00100000
v -0.03600000 -0.02200000 -0.00100000
v -0.03600000 -0.02200000 0.00100000
v -0.03600000 -0.02000000 -0.00100000
v -0.03600000 -0.02000000 0.00100000
v -0.03600000 -0.01800000 -0.00100000
v -0.03600000 -0.01800000 0.00100000
v -0.03600000 -0.01600000 -0.00100000
v -0.03600000 -0.01600000 0.00100000
v -0.03600000 -0.01400000 -0.00100000
v -0.03600000 -0.01400000 0.00100000
v -0.03600000 -0.01200000 -0.00100000
v -0.03600000 -0.01200000 0.00100000
v -0.03600000 -0.01000000 -0.00100000
v -0.03600000 -0.01000000 0.00100000
v -0.03600000 -0.00800000 -0.00100000
v -0.03600000 -0.00800000 0.00100000
v -0.03600000 -0.00600000 -0.00100000
v -0.03600000 -0.00600000 0.00100000
v -0.03600000 -0.00400000 -0.00100000
v -0.03600000 -0.00400000 0.00100000
v -0.03600000 -0.00200000 -0.00100000
v -0.03600000 -0.00200000 0.00100000
v -0.03600000 0.00000000 -0.00100000
v -0.03600000 0.00000000 0.00100000
v -0.03600000 0.00200000 -0.00100000
v -0.03600000 0.00200000 0.00100000
v -0.03600000 0.00400000 -0.00100000
v -0.03600000 0.00400000 0.00100000
v -0.03600000 0.00600000 -0.00100000
v -0.03600000 0.00600000 0.00100000
v -0.03600000 0.00800000 -0.00100000
v -0.03600000 0.00800000 0.00100000
v -0.03600000 0.01000000 -0.00100000
v -0.03600000 0.01000000 0.00100000
v -0.03600000 0.01200000 -0.00100000
v -0.03600000 0.01200000 0.00100000
v -0.03600000 0.01400000 -0.00100000
v -0.03600000 0.01400000 0.00100000
v -0.03600000 0.01600000 -0.00100000
v -0.03600000 0.01600000 0.00100000
v -0.03600000 0.01800000 -0.00100000
v -0.03600000 0.01800000 0.00100000
v -0.03600000 0.02000000 -0.00100000
v -0.03600000 0.02000000 0.00100000
v -0.03600000 0.02200000 -0.00100000
v -0.03600000 0.02200000 0.00100000
v -0.03600000 0.02400000 -0.00100000
v -0.03600000 0.02400000 0.00100000
v -0.03600000 0.02600000 -0.00100000
v -0.03600000 0.02600000 0.00100000
v -0.03600000 0.02800000 -0.00100000
v -0.03600000 0.02800000 0.00100000
v -0.03600000 0.03000000 -0.00100000
v -0.03600000 0.03000000 0.00100000
v -0.03600000 0.03200000 -0.00100000
v -0.03600000 0.03200000 0.00100000
v -0.03600000 0.03400000 -0.00100000
v -0.03600000 0.03400000 0.00100000
v -0.03600000 0.03600000 -0.00100000
v -0.03600000 0.03600000 0.00100000
v -0.03600000 0.03800000 -0.00100000
v -0.03600000 0.03800000 0.00100000
v -0.03600000 0.04000000 -0.00100000
v -0.03600000 0.04000000 0.00100000
v -0.03600000 0.04200000 -0.00100000
v -0.03600000 0.04200000 0.00100000
v -0.03600000 0.04400000 -0.00100000
v -0.03600000 0.04400000 0.00100000
v -0.03600000 0.04600000 -0.00100000
v -0.03600000 0.04600000 0.00100000
v -0.03600000 0.04800000 -0.00100000
v -0.03600000 0.04800000 0.00100000
v -0.03600000 0.05000000 0.00100000
v -0.03600000 0.05000000 -0.00100000
v -0.03400000 -0.05000000 0.00100000
v -0.03400000 -0.05000000 -0.00100000
v -0.03400000 -0.04800000 -0.00100000
v -0.03400000 -0.04800000 0.00100000
v -0.03400000 -0.04600000 -0.00100000
v -0.03400000 -0.04600000 0.00100000
v -0.03400000 -0.04400000 -0.00100000
v -0.03400000 -0.04400000 0.00100000
v -0.03400000 -0.04200000 -0.00100000
v -0.03400000 -0.04200000 0.00100000
v -0.03400000 -0.04000000 -0.00100000
v -0.03400000 -0.04000000 0.00100000
v -0.03400000 -0.03800000 -0.00100000
v -0.03400000 -0.03800000 0.00100000
v -0.03400000 -0.03600000 -0.00100000
v -0.03400000 -0.03600000 0.00100000
v -0.03400000 -0.03400000 -0.00100000
v -0.03400000 -0.03400000 0.00100000
v -0.03400000 -0.03200000 -0.00100000
v -0.03400000 -0.03200000 0.00100000
v -0.03400000 -0.03000000 -0.00100000
v -0.03400000 -0.03000000 0.00100000
v -0.03400000 -0.02800000 -0.00100000
v -0.03400000 -0.02800000 0.00100000
v -0.03400000 -0.02600000 -0.00100000
v -0.03400000 -0.02600000 0.00100000
v -0.03400000 -0.02400000 -0.00100000
v -0.03400000 -0.02400000 0.00100000
v -0.03400000 -0.02200000 -0.00100000
v -0.03400000 -0.02200000 0.00100000
v -0.03400000 -0.02000000 -0.00100000
v -0.03400000 -0.02000000 0.00100000
v -0.03400000 -0.01800000 -0.00100000
v -0.03400000 -0.01800000 0.00100000
v -0.03400000 -0.01600000 -0.00100000
v -0.03400000 -0.01600000 0.00100000
v -0.03400000 -0.01400000 -0.00100000
v -0.03400000 -0.01400000 0.00100000
v -0.03400000 -0.01200000 -0.00100000
v -0.03400000 -0.01200000 0.00100000
v -0.03400000 -0.01000000 -0.00100000
v -0.03400000 -0.01000000 0.00100000
v -0.03400000 -0.00800000 -0.00100000
v -0.03400000 -0.00800000 0.00100000
v -0.03400000 -0.00600000 -0.00100000
v -0.03400000 -0.00600000 0.00100000
v -0.03400000 -0.00400000 -0.00100000
v -0.03400000 -0.00400000 0.00100000
v -0.03400000 -0.00200000 -0.00100000
v -0.03400000 -0.00200000 0.00100000
v -0.03400000 0.00000000 -0.00100000
v -0.03400000 0.00000000 0.00100000
v -0.03400000 0.00200000 -0.00100000
v -0.03400000 0.00200000 0.00100000
v -0.03400000 0.00400000 -0.00100000
v -0.03400000 0.00400000 0.00100000
v -0.03400000 0.00600000 -0.00100000
v -0.03400000 0.00600000 0.00100000
v -0.03400000 0.00800000 -0.00100000
v -0.03400000 0.00800000 0.00100000
v -0.03400000 0.01000000 -0.00100000
v -0.03400000 0.01000000 0.00100000
v -0.03400000 0.01200000 -0.00100000
v -0.03400000 0.01200000 0.00100000
v -0.03400000 0.01400000 -0.00100000
v -0.03400000 0.01400000 0.00100000
v -0.03400000 0.01600000 -0.00100000
v -0.03400000 0.01600000 0.00100000
v -0.03400000 0.01800000 -0.00100000
v -0.03400000 0.01800000 0.00100000
v -0.03400000 0.02000000 -0.00100000
v -0.03400000 0.02000000 0.00100000
v -0.03400000 0.02200000 -0.00100000
v -0.03400000 0.02200000 0.00100000
v -0.03400000 0.02400000 -0.00100000
v -0.03400000 0.02400000 0.00100000
v -0.03400000 0.02600000 -0.00100000
v -0.03400000 0.02600000 0.00100000
v -0.03400000 0.02800000 -0.00100000
v -0.03400000 0.02800000 0.00100000
v -0.03400000 0.03000000 -0.00100000
v -0.03400000 0.03000000 0.00100000
v -0.03400000 0.03200000 -0.00100000
v -0.03400000 0.03200000 0.00100000
v -0.03400000 0.03400000 -0.00100000
v -0.03400000 0.03400000 0.00100000
v -0.03400000 0.03600000 -0.00100000
v -0.03400000 0.03600000 0.00100000
v -0.03400000 0.03800000 -0.00100000
v -0.03400000 0.03800000 0.00100000
v -0.03400000 0.04000000 -0.00100000
v -0.03400000 0.04000000 0.00100000
v -0.03400000 0.04200000 -0.00100000
v -0.03400000 0.04200000 0.00100000
v -0.03400000 0.04400000 -0.00100000
v -0.03400000 0.04400000 0.00100000
v -0.03400000 0.04600000 -0.00100000
v -0.03400000 0.04600000 0.00100000
v -0.03400000 0.04800000 -0.00100000
v -0.03400000 0.04800000 0.00100000
v -0.03400000 0.05000000 0.00100000
v -0.03400000 0.05000000 -0.00100000
v -0.03200000 -0.05000000 0.00100000
v -0.03200000 -0.05000000 -0.00100000
v -0.03200000 -0.04800000 -0.00100000
v -0.03200000 -0.04800000 0.00100000
v -0.03200000 -0.04600000 -0.00100000
v -0.03200000 -0.04600000 0.00100000
v -0.03200000 -0.04400000 -0.00100000
v -0.03200000 -0.04400000 0.00100000
v -0.03200000 -0.04200000 -0.00100000
v -0.03200000 -0.04200000 0.00100000
v -0.03200000 -0.04000000 -0.00100000
v -0.03200000 -0.04000000 0.00100000
v -0.03200000 -0.03800000 -0.00100000
v -0.03200000 -0.03800000 0.00100000
v -0.03200000 -0.03600000 -0.00100000
v -0.03200000 -0.03600000 0.00100000
v -0.03200000 -0.03400000 -0.00100000
v -0.03200000 -0.03400000 0.00100000
v -0.03200000 -0.03200000 -0.00100000
v -0.03200000 -0.03200000 0.00100000
v -0.03200000 -0.03000000 -0.00100000
v -0.03200000 -0.03000000 0.00100000
v -0.03200000 -0.02800000 -0.00100000
v -0.03200000 -0.02800000 0.00100000
v -0.03200000 -0.02600000 -0.00100000
v -0.03200000 -0.02600000 0.00100000
v -0.03200000 -0.02400000 -0.00100000
v -0.03200000 -0.02400000 0.00100000
v -0.03200000 -0.02200000 -0.00100000
v -0.03200000 -0.02200000 0.00100000
v -0.03200000 -0.02000000 -0.00100000
v -0.03200000 -0.02000000 0.00100000
v -0.03200000 -0.01800000 -0.00100000
v -0.03200000 -0.01800000 0.00100000
v -0.03200000 -0.01600000 -0.00100000
v -0.03200000 -0.01600000 0.00100000
v -0.03200000 -0.01400000 -0.00100000
v -0.03200000 -0.01400000 0.00100000
v -0.03200000 -0.01200000 -0.00100000
v -0.03200000 -0.01200000 0.00100000
v -0.03200000 -0.01000000 -0.00100000
v -0.03200000 -0.01000000 0.00100000
v -0.03200000 -0.00800000 -0.00100000
v -0.03200000 -0.00800000 0.00100000
v -0.03200000 -0.00600000 -0.00100000
v -0.03200000 -0.00600000 0.00100000
v -0.03200000 -0.00400000 -0.00100000
v -0.03200000 -0.00400000 0.00100000
v -0.03200000 -0.00200000 -0.00100000
v -0.03200000 -0.00200000 0.00100000
v -0.03200000 0.00000000 -0.00100000
v -0.03200000 0.00000000 0.00100000
v -0.03200000 0.00200000 -0.00100000
v -0.03200000 0.00200000 0.00100000
v -0.03200000 0.00400000 -0.00100000
v -0.03200000 0.00400000 0.00100000
v -0.03200000 0.00600000 -0.00100000
v -0.03200000 0.00600000 0.00100000
v -0.03200000 0.00800000 -0.00100000
v -0.03200000 0.00800000 0.00100000
v -0.03200000 0.01000000 -0.00100000
v -0.03200000 0.01000000 0.00100000
v -0.03200000 0.01200000 -0.00100000
v -0.03200000 0.01200000 0.00100000
v -0.03200000 0.01400000 -0.00100000
v -0.03200000 0.01400000 0.00100000
v -0.03200000 0.01600000 -0.00100000
v -0.03200000 0.01600000 0.00100000
v -0.03200000 0.01800000 -0.00100000
v -0.03200000 0.01800000 0.00100000
v -0.03200000 0.02000000 -0.00100000
v -0.03200000 0.02000000 0.00100000
v -0.03200000 0.02200000 -0.00100000
v -0.03200000 0.02200000 0.00100000
v -0.03200000 0.02400000 -0.00100000
v -0.03200000 0.02400000 0.00100000
v -0.03200000 0.02600000 -0.00100000
v -0.03200000 0.02600000 0.00100000
v -0.03200000 0.02800000 -0.00100000
v -0.03200000 0.02800000 0.00100000
v -0.03200000 0.03000000 -0.00100000
v -0.03200000 0.03000000 0.00100000
v -0.03200000 0.03200000 -0.00100000
v -0.03200000 0.03200000 0.00100000
v -0.03200000 0.03400000 -0.00100000
v -0.03200000 0.03400000 0.00100000
v -0.03200000 0.03600000 -0.00100000
v -0.03200000 0.03600000 0.00100000
v -0.03200000 0.03800000 -0.00100000
v -0.03200000 0.03800000 0.00100000
v -0.03200000 0.04000000 -0.00100000
v -0.03200000 0.04000000 0.00100000
v -0.03200000 0.04200000 -0.00100000
v -0.03200000 0.04200000 0.00100000
v -0.03200000 0.04400000 -0.00100000
v -0.03200000 0.04400000 0.00100000
v -0.03200000 0.04600000 -0.00100000
v -0.03200000 0.04600000 0.00100000
v -0.03200000 0.04800000 -0.00100000
v -0.03200000 0.04800000 0.00100000
v -0.03200000 0.05000000 0.00100000
v -0.03200000 0.05000000 -0.00100000
v -0.03000000 -0.05000000 0.00100000
v -0.03000000 -0.05000000 -0.00100000
v -0.03000000 -0.04800000 -0.00100000
v -0.03000000 -0.04800000 0.00100000
v -0.03000000 -0.04600000 -0.00100000
v -0.03000000 -0.04600000 0.00100000
v -0.03000000 -0.04400000 -0.00100000
v -0.03000000 -0.04400000 0.00100000
v -0.03000000 -0.04200000 -0.00100000
v -0.03000000 -0.04200000 0.00100000
v -0.03000000 -0.04000000 -0.00100000
v -0.03000000 -0.04000000 0.00100000
v -0.03000000 -0.03800000 -0.00100000
v -0.03000000 -0.03800000 0.00100000
v -0.03000000 -0.03600000 -0.00100000
v -0.03000000 -0.03600000 0.00100000
v -0.03000000 -0.03400000 -0.00100000
v -0.03000000 -0.03400000 0.00100000
v -0.03000000 -0.03200000 -0.00100000
v -0.03000000 -0.03200000 0.00100000
v -0.03000000 -0.03000000 -0.00100000
v -0.03000000 -0.03000000 0.00100000
v -0.03000000 -0.02800000 -0.00100000
v -0.03000000 -0.02800000 0.00100000
v -0.03000000 -0.02600000 -0.00100000
v -0.03000000 -0.02600000 0.00100000
v -0.03000000 -0.02400000 -0.00100000
v -0.03000000 -0.02400000 0.00100000
v -0.03000000 -0.02200000 -0.00100000
v -0.03000000 -0.02200000 0.00100000
v -0.03000000 -0.02000000 -0.00100000
v -0.03000000 -0.02000000 0.00100000
v -0.03000000 -0.01800000 -0.00100000
v -0.03000000 -0.01800000 0.00100000
v -0.03000000 -0.01600000 -0.00100000
v -0.03000000 -0.01600000 0.00100000
v -0.03000000 -0.01400000 -0.00100000
v -0.03000000 -0.01400000 0.00100000
v -0.03000000 -0.01200000 -0.00100000
v -0.03000000 -0.01200000 0.00100000
v -0.03000000 -0.01000000 -0.00100000
v -0.03000000 -0.01000000 0.00100000
v -0.03000000 -0.00800000 -0.00100000
v -0.03000000 -0.00800000 0.00100000
v -0.03000000 -0.00600000 -0.00100000
v -0.03000000 -0.00600000 0.00100000
v -0.03000000 -0.00400000 -0.00100000
v -0.03000000 -0.00400000 0.00100000
v -0.03000000 -0.00200000 -0.00100000
v -0.03000000 -0.00200000 0.00100000
v -0.03000000 0.00000000 -0.00100000
v -0.03000000 0.00000000 0.00100000
v -0.03000000 0.00200000 -0.00100000
v -0.03000000 0.00200000 0.00100000
v -0.03000000 0.00400000 -0.00100000
v -0.03000000 0.00400000 0.00100000
v -0.03000000 0.00600000 -0.00100000
v -0.03000000 0.00600000 0.00100000
v -0.03000000 0.00800000 -0.00100000
v -0.03000000 0.00800000 0.00100000
v -0.03000000 0.01000000 -0.00100000
v -0.03000000 0.01000000 0.00100000
v -0.03000000 0.01200000 -0.00100000
v -0.03000000 0.01200000 0.00100000
v -0.03000000 0.01400000 -0.00100000
v -0.03000000 0.01400000 0.00100000
v -0.03000000 0.01600000 -0.00100000
v -0.03000000 0.01600000 0.00100000
v -0.03000000 0.01800000 -0.00100000
v -0.03000000 0.01800000 0.00100000
v -0.03000000 0.02000000 -0.00100000
v -0.03000000 0.02000000 0.00100000
v -0.03000000 0.02200000 -0.00100000
v -0.03000000 0.02200000 0.00100000
v -0.03000000 0.02400000 -0.00100000
v -0.03000000 0.02400000 0.00100000
v -0.03000000 0.02600000 -0.00100000
v -0.03000000 0.02600000 0.00100000
v -0.03000000 0.02800000 -0.00100000
v -0.03000000 0.02800000 0.00100000
v -0.03000000 0.03000000 -0.00100000
v -0.03000000 0.03000000 0.00100000
v -0.03000000 0.03200000 -0.00100000
v -0.03000000 0.03200000 0.00100000
v -0.03000000 0.03400000 -0.00100000
v -0.03000000 0.03400000 0.00100000
v -0.03000000 0.03600000 -0.00100000
v -0.03000000 0.03600000 0.00100000
v -0.03000000 0.03800000 -0.00100000
v -0.03000000 0.03800000 0.00100000
v -0.03000000 0.04000000 -0.00100000
v -0.03000000 0.04000000 0.00100000
v -0.03000000 0.04200000 -0.00100000
v -0.03000000 0.04200000 0.00100000
v -0.03000000 0.04400000 -0.00100000
v -0.03000000 0.04400000 0.00100000
v -0.03000000 0.04600000 -0.00100000
v -0.03000000 0.04600000 0.00100000
v -0.03000000 0.04800000 -0.00100000
v -0.03000000 0.04800000 0.00100000
v -0.03000000 0.05000000 0.00100000
v -0.03000000 0.05000000 -0.00100000
v -0.02800000 -0.05000000 0.00100000
v -0.02800000 -0.05000000 -0.00100000
v -0.02800000 -0.04800000 -0.00100000
v -0.02800000 -0.04800000 0.00100000
v -0.02800000 -0.04600000 -0.00100000
v -0.02800000 -0.04600000 0.00100000
v -0.02800000 -0.04400000 -0.00100000
v -0.02800000 -0.04400000 0.00100000
v -0.02800000 -0.04200000 -0.00100000
v -0.02800000 -0.04200000 0.00100000
v -0.02800000 -0.04000000 -0.00100000
v -0.02800000 -0.04000000 0.00100000
v -0.02800000 -0.03800000 -0.00100000
v -0.02800000 -0.03800000 0.00100000
v -0.02800000 -0.03600000 -0.00100000
v -0.02800000 -0.03600000 0.00100000
v -0.02800000 -0.03400000 -0.00100000
v -0.02800000 -0.03400000 0.00100000
v -0.02800000 -0.03200000 -0.00100000
v -0.02800000 -0.03200000 0.00100000
v -0.02800000 -0.03000000 -0.00100000
v -0.02800000 -0.03000000 0.00100000
v -0.02800000 -0.02800000 -0.00100000
v -0.02800000 -0.02800000 0.00100000
v -0.02800000 -0.02600000 -0.00100000
v -0.02800000 -0.02600000 0.00100000
v -0.02800000 -0.02400000 -0.00100000
v -0.02800000 -0.02400000 0.00100000
v -0.02800000 -0.02200000 -0.00100000
v -0.02800000 -0.02200000 0.00100000
v -0.02800000 -0.02000000 -0.00100000
v -0.02800000 -0.02000000 0.00100000
v -0.02800000 -0.01800000 -0.00100000
v -0.02800000 -0.01800000 0.00100000
v -0.02800000 -0.01600000 -0.00100000
v -0.02800000 -0.01600000 0.00100000
v -0.02800000 -0.01400000 -0.00100000
v -0.02800000 -0.01400000 0.00100000
v -0.02800000 -0.01200000 -0.00100000
v -0.02800000 -0.01200000 0.00100000
v -0.02800000 -0.01000000 -0.00100000
v -0.02800000 -0.01000000 0.00100000
v -0.02800000 -0.00800000 -0.00100000
v -0.02800000 -0.00800000 0.00100000
v -0.02800000 -0.00600000 -0.00100000
v -0.02800000 -0.00600000 0.00100000
v -0.02800000 -0.00400000 -0.00100000
v -0.02800000 -0.00400000 0.00100000
v -0.02800000 -0.00200000 -0.00100000
v -0.02800000 -0.00200000 0.00100000
v -0.02800000 0.00000000 -0.00100000
v -0.02800000 0.00000000 0.00100000
v -0.02800000 0.00200000 -0.00100000
v -0.02800000 0.00200000 0.00100000
v -0.02800000 0.00400000 -0.00100000
v -0.02800000 0.00400000 0.00100000
v -0.02800000 0.00600000 -0.00100000
v -0.02800000 0.00600000 0.00100000
v -0.02800000 0.00800000 -0.00100000
v -0.02800000 0.00800000 0.00100000
v -0.02800000 0.01000000 -0.00100000
v -0.02800000 0.01000000 0.00100000
v -0.02800000 0.01200000 -0.00100000
v -0.02800000 0.01200000 0.00100000
v -0.02800000 0.01400000 -0.00100000
v -0.02800000 0.01400000 0.00100000
v -0.02800000 0.01600000 -0.00100000
v -0.02800000 0.01600000 0.00100000
v -0.02800000 0.01800000 -0.00100000
v -0.02800000 0.01800000 0.00100000
v -0.02800000 0.02000000 -0.00100000
v -0.02800000 0.02000000 0.00100000
v -0.02800000 0.02200000 -0.00100000
v -0.02800000 0.02200000 0.00100000
v -0.02800000 0.02400000 -0.00100000
v -0.02800000 0.02400000 0.00100000
v -0.02800000 0.02600000 -0.00100000
v -0.02800000 0.02600000 0.00100000
v -0.02800000 0.02800000 -0.00100000
v -0.02800000 0.02800000 0.00100000
v -0.02800000 0.03000000 -0.00100000
v -0.02800000 0.03000000 0.00100000
v -0.02800000 0.03200000 -0.00100000
v -0.02800000 0.03200000 0.00100000
v -0.02800000 0.03400000 -0.00100000
v -0.02800000 0.03400000 0.00100000
v -0.02800000 0.03600000 -0.00100000
v -0.02800000 0.03600000 0.00100000
v -0.02800000 0.03800000 -0.00100000
v -0.02800000 0.03800000 0.00100000
v -0.02800000 0.04000000 -0.00100000
v -0.02800000 0.04000000 0.00100000
v -0.02800000 0.04200000 -0.00100000
v -0.02800000 0.04200000 0.00100000
v -0.02800000 0.04400000 -0.00100000
v -0.02800000 0.04400000 0.00100000
v -0.02800000 0.04600000 -0.00100000
v -0.02800000 0.04600000 0.00100000
v -0.02800000 0.04800000 -0.00100000
v -0.02800000 0.04800000 0.00100000
v -0.02800000 0.05000000 0.00100000
v -0.02800000 0.05000000 -0.00100000
v -0.02600000 -0.05000000 0.00100000
v -0.02600000 -0.05000000 -0.00100000
v -0.02600000 -0.04800000 -0.00100000
v -0.02600000 -0.04800000 0.00100000
v -0.02600000 -0.04600000 -0.00100000
v -0.02600000 -0.04600000 0.00100000
v -0.02600000 -0.04400000 -0.00100000
v -0.02600000 -0.04400000 0.00100000
v -0.02600000 -0.04200000 -0.00100000
v -0.02600000 -0.04200000 0.00100000
v -0.02600000 -0.04000000 -0.00100000
v -0.02600000 -0.04000000 0.00100000
v -0.02600000 -0.03800000 -0.00100000
v -0.02600000 -0.03800000 0.00100000
v -0.02600000 -0.03600000 -0.00100000
v -0.02600000 -0.03600000 0.00100000
v -0.02600000 -0.03400000 -0.00100000
v -0.02600000 -0.03400000 0.00100000
v -0.02600000 -0.03200000 -0.00100000
v -0.02600000 -0.03200000 0.00100000
v -0.02600000 -0.03000000 -0.00100000
v -0.02600000 -0.03000000 0.00100000
v -0.02600000 -0.02800000 -0.00100000
v -0.02600000 -0.02800000 0.00100000
v -0.02600000 -0.02600000 -0.00100000
v -0.02600000 -0.02600000 0.00100000
v -0.02600000 -0.02400000 -0.00100000
v -0.02600000 -0.02400000 0.00100000
v -0.02600000 -0.02200000 -0.00100000
v -0.02600000 -0.02200000 0.00100000
v -0.02600000 -0.02000000 -0.00100000
v -0.02600000 -0.02000000 0.00100000
v -0.02600000 -0.01800000 -0.00100000
v -0.02600000 -0.01800000 0.00100000
v -0.02600000 -0.01600000 -0.00100000
v -0.02600000 -0.01600000 0.00100000
v -0.02600000 -0.01400000 -0.00100000
v -0.02600000 -0.01400000 0.00100000
v -0.02600000 -0.01200000 -0.00100000
v -0.02600000 -0.01200000 0.00100000
v -0.02600000 -0.01000000 -0.00100000
v -0.02600000 -0.01000000 0.00100000
v -0.02600000 -0.00800000 -0.00100000
v -0.02600000 -0.00800000 0.00100000
v -0.02600000 -0.00600000 -0.00100000
v -0.02600000 -0.00600000 0.00100000
v -0.02600000 -0.00400000 -0.00100000
v -0.02600000 -0.00400000 0.00100000
v -0.02600000 -0.00200000 -0.00100000
v -0.02600000 -0.00200000 0.00100000
v -0.02600000 0.00000000 -0.00100000
v -0.02600000 0.00000000 0.00100000
v -0.02600000 0.00200000 -0.00100000
v -0.02600000 0.00200000 0.00100000
v -0.02600000 0.00400000 -0.00100000
v -0.02600000 0.00400000 0.00100000
v -0.02600000 0.00600000 -0.00100000
v -0.02600000 0.00600000 0.00100000
v -0.02600000 0.00800000 -0.00100000
v -0.02600000 0.00800000 0.00100000
v -0.02600000 0.01000000 -0.00100000
v -0.02600000 0.01000000 0.00100000
v -0.02600000 0.01200000 -0.00100000
v -0.02600000 0.01200000 0.00100000
v -0.02600000 0.01400000 -0.00100000
v -0.02600000 0.01400000 0.00100000
v -0.02600000 0.01600000 -0.00100000
v -0.02600000 0.01600000 0.00100000
v -0.02600000 0.01800000 -0.00100000
v -0.02600000 0.01800000 0.00100000
v -0.02600000 0.02000000 -0.00100000
v -0.02600000 0.02000000 0.00100000
v -0.02600000 0.02200000 -0.00100000
v -0.02600000 0.02200000 0.00100000
v -0.02600000 0.02400000 -0.00100000
v -0.02600000 0.02400000 0.00100000
v -0.02600000 0.02600000 -0.00100000
v -0.02600000 0.02600000 0.00100000
v -0.02600000 0.02800000 -0.00100000
v -0.02600000 0.02800000 0.00100000
v -0.02600000 0.03000000 -0.00100000
v -0.02600000 0.03000000 0.00100000
v -0.02600000 0.03200000 -0.00100000
v -0.02600000 0.03200000 0.00100000
v -0.02600000 0.03400000 -0.00100000
v -0.02600000 0.03400000 0.00100000
v -0.02600000 0.03600000 -0.00100000
v -0.02600000 0.03600000 0.00100000
v -0.02600000 0.03800000 -0.00100000
v -0.02600000 0.03800000 0.00100000
v -0.02600000 0.04000000 -0.00100000
v -0.02600000 0.04000000 0.00100000
v -0.02600000 0.04200000 -0.00100000
v -0.02600000 0.04200000 0.00100000
v -0.02600000 0.04400000 -0.00100000
v -0.02600000 0.04400000 0.00100000
v -0.02600000 0.04600000 -0.00100000
v -0.02600000 0.04600000 0.00100000
v -0.02600000 0.04800000 -0.00100000
v -0.02600000 0.04800000 0.00100000
v -0.02600000 0.05000000 0.00100000
v -0.02600000 0.05000000 -0.00100000
v -0.02400000 -0.05000000 0.00100000
v -0.02400000 -0.05000000 -0.00100000
v -0.02400000 -0.04800000 -0.00100000
v -0.02400000 -0.04800000 0.00100000
v -0.02400000 -0.04600000 -0.00100000
v -0.02400000 -0.04600000 0.00100000
v -0.02400000 -0.04400000 -0.00100000
v -0.02400000 -0.04400000 0.00100000
v -0.02400000 -0.04200000 -0.00100000
v -0.02400000 -0.04200000 0.00100000
v -0.02400000 -0.04000000 -0.00100000
v -0.02400000 -0.04000000 0.00100000
v -0.02400000 -0.03800000 -0.00100000
v -0.02400000 -0.03800000 0.00100000
v -0.02400000 -0.03600000 -0.00100000
v -0.02400000 -0.03600000 0.00100000
v -0.02400000 -0.03400000 -0.00100000
v -0.02400000 -0.03400000 0.00100000
v -0.02400000 -0.03200000 -0.00100000
v -0.02400000 -0.03200000 0.00100000
v -0.02400000 -0.03000000 -0.00100000
v -0.02400000 -0.03000000 0.00100000
v -0.02400000 -0.02800000 -0.00100000
v -0.02400000 -0.02800000 0.00100000
v -0.02400000 -0.02600000 -0.00100000
v -0.02400000 -0.02600000 0.00100000
v -0.02400000 -0.02400000 -0.00100000
v -0.02400000 -0.02400000 0.00100000
v -0.02400000 -0.02200000 -0.00100000
v -0.02400000 -0.02200000 0.00100000
v -0.02400000 -0.02000000 -0.00100000
v -0.02400000 -0.02000000 0.00100000
v -0.02400000 -0.01800000 -0.00100000
v -0.02400000 -0.01800000 0.00100000
v -0.02400000 -0.01600000 -0.00100000
v -0.02400000 -0.01600000 0.00100000
v -0.02400000 -0.01400000 -0.00100000
v -0.02400000 -0.01400000 0.00100000
v -0.02400000 -0.01200000 -0.00100000
v -0.02400000 -0.01200000 0.00100000
v -0.02400000 -0.01000000 -0.00100000
v -0.02400000 -0.01000000 0.00100000
v -0.02400000 -0.00800000 -0.00100000
v -0.02400000 -0.00800000 0.00100000
v -0.02400000 -0.00600000 -0.00100000
v -0.02400000 -0.00600000 0.00100000
v -0.02400000 -0.00400000 -0.00100000
v -0.02400000 -0.00400000 0.00100000
v -0.02400000 -0.00200000 -0.00100000
v -0.02400000 -0.00200000 0.00100000
v -0.02400000 0.00000000 -0.00100000
v -0.02400000 0.00000000 0.00100000
v -0.02400000 0.00200000 -0.00100000
v -0.02400000 0.00200000 0.00100000
v -0.02400000 0.00400000 -0.00100000
v -0.02400000 0.00400000 0.00100000
v -0.02400000 0.00600000 -0.00100000
v -0.02400000 0.00600000 0.00100000
v -0.02400000 0.00800000 -0.00100000
v -0.02400000 0.00800000 0.00100000
v -0.02400000 0.01000000 -0.00100000
v -0.02400000 0.01000000 0.00100000
v -0.02400000 0.01200000 -0.00100000
v -0.02400000 0.01200000 0.00100000
v -0.02400000 0.01400000 -0.00100000
v -0.02400000 0.01400000 0.00100000
v -0.02400000 0.01600000 -0.00100000
v -0.02400000 0.01600000 0.00100000
v -0.02400000 0.01800000 -0.00100000
v -0.02400000 0.01800000 0.00100000
v -0.02400000 0.02000000 -0.00100000
v -0.02400000 0.02000000 0.00100000
v -0.02400000 0.02200000 -0.00100000
v -0.02400000 0.02200000 0.00100000
v -0.02400000 0.02400000 -0.00100000
v -0.02400000 0.02400000 0.00100000
v -0.02400000 0.02600000 -0.00100000
v -0.02400000 0.02600000 0.00100000
v -0.02400000 0.02800000 -0.00100000
v -0.02400000 0.02800000 0.00100000
v -0.02400000 0.03000000 -0.00100000
v -0.02400000 0.03000000 0.00100000
v -0.02400000 0.03200000 -0.00100000
v -0.02400000 0.03200000 0.00100000
v -0.02400000 0.03400000 -0.00100000
v -0.02400000 0.03400000 0.00100000
v -0.02400000 0.03600000 -0.00100000
v -0.02400000 0.03600000 0.00100000
v -0.02400000 0.03800000 -0.00100000
v -0.02400000 0.03800000 0.00100000
v -0.02400000 0.04000000 -0.00100000
v -0.02400000 0.04000000 0.00100000
v -0.02400000 0.04200000 -0.00100000
v -0.02400000 0.04200000 0.00100000
v -0.02400000 0.04400000 -0.00100000
v -0.02400000 0.04400000 0.00100000
v -0.02400000 0.04600000 -0.00100000
v -0.02400000 0.04600000 0.00100000
v -0.02400000 0.04800000 -0.00100000
v -0.02400000 0.04800000 0.00100000
v -0.02400000 0.05000000 0.00100000
v -0.02400000 0.05000000 -0.00100000
v -0.02200000 -0.05000000 0.00100000
v -0.02200000 -0.05000000 -0.00100000
v -0.02200000 -0.04800000 -0.00100000
v -0.02200000 -0.04800000 0.00100000
v -0.02200000 -0.04600000 -0.00100000
v -0.02200000 -0.04600000 0.00100000
v -0.02200000 -0.04400000 -0.00100000
v -0.02200000 -0.04400000 0.00100000
v -0.02200000 -0.04200000 -0.00100000
v -0.02200000 -0.04200000 0.00100000
v -0.02200000 -0.04000000 -0.00100000
v -0.02200000 -0.04000000 0.00100000
v -0.02200000 -0.03800000 -0.00100000
v -0.02200000 -0.03800000 0.00100000
v -0.02200000 -0.03600000 -0.00100000
v -0.02200000 -0.03600000 0.00100000
v -0.02200000 -0.03400000 -0.00100000
v -0.02200000 -0.03400000 0.00100000
v -0.02200000 -0.03200000 -0.00100000
v -0.02200000 -0.03200000 0.00100000
v -0.02200000 -0.03000000 -0.00100000
v -0.02200000 -0.03000000 0.00100000
v -0.02200000 -0.02800000 -0.00100000
v -0.02200000 -0.02800000 0.00100000
v -0.02200000 -0.02600000 -0.00100000
v -0.02200000 -0.02600000 0.00100000
v -0.02200000 -0.02400000 -0.00100000
v -0.02200000 -0.02400000 0.00100000
v -0.02200000 -0.02200000 -0.00100000
v -0.02200000 -0.02200000 0.00100000
v -0.02200000 -0.02000000 -0.00100000
v -0.02200000 -0.02000000 0.00100000
v -0.02200000 -0.01800000 -0.00100000
v -0.02200000 -0.01800000 0.00100000
v -0.02200000 -0.01600000 -0.00100000
v -0.02200000 -0.01600000 0.00100000
v -0.02200000 -0.01400000 -0.00100000
v -0.02200000 -0.01400000 0.00100000
v -0.02200000 -0.01200000 -0.00100000
v -0.02200000 -0.01200000 0.00100000
v -0.02200000 -0.01000000 -0.00100000
v -0.02200000 -0.01000000 0.00100000
v -0.02200000 -0.00800000 -0.00100000
v -0.02200000 -0.00800000 0.00100000
v -0.02200000 -0.00600000 -0.00100000
v -0.02200000 -0.00600000 0.00100000
v -0.02200000 -0.00400000 -0.00100000
v -0.02200000 -0.00400000 0.00100000
v -0.02200000 -0.00200000 -0.00100000
v -0.02200000 -0.00200000 0.00100000
v -0.02200000 0.00000000 -0.00100000
v -0.02200000 0.00000000 0.00100000
v -0.02200000 0.00200000 -0.00100000
v -0.02200000 0.00200000 0.00100000
v -0.02200000 0.00400000 -0.00100000
v -0.02200000 0.00400000 0.00100000
v -0.02200000 0.00600000 -0.00100000
v -0.02200000 0.00600000 0.00100000
v -0.02200000 0.00800000 -0.00100000
v -0.02200000 0.00800000 0.00100000
v -0.02200000 0.01000000 -0.00100000
v -0.02200000 0.01000000 0.00100000
v -0.02200000 0.01200000 -0.00100000
v -0.02200000 0.01200000 0.00100000
v -0.02200000 0.01400000 -0.00100000
v -0.02200000 0.01400000 0.00100000
v -0.02200000 0.01600000 -0.00100000
v -0.02200000 0.01600000 0.00100000
v -0.02200000 0.01800000 -0.00100000
v -0.02200000 0.01800000 0.00100000
v -0.02200000 0.02000000 -0.00100000
v -0.02200000 0.02000000 0.00100000
v -0.02200000 0.02200000 -0.00100000
v -0.02200000 0.02200000 0.00100000
v -0.02200000 0.02400000 -0.00100000
v -0.02200000 0.02400000 0.00100000
v -0.02200000 0.02600000 -0.00100000
v -0.02200000 0.02600000 0.00100000
v -0.02200000 0.02800000 -0.00100000
v -0.02200000 0.02800000 0.00100000
v -0.02200000 0.03000000 -0.00100000
v -0.02200000 0.03000000 0.00100000
v -0.02200000 0.03200000 -0.00100000
v -0.02200000 0.03200000 0.00100000
v -0.02200000 0.03400000 -0.00100000
v -0.02200000 0.03400000 0.00100000
v -0.02200000 0.03600000 -0.00100000
v -0.02200000 0.03600000 0.00100000
v -0.02200000 0.03800000 -0.00100000
v -0.02200000 0.03800000 0.00100000
v -0.02200000 0.04000000 -0.00100000
v -0.02200000 0.04000000 0.00100000
v -0.02200000 0.04200000 -0.00100000
v -0.02200000 0.04200000 0.00100000
v -0.02200000 0.04400000 -0.00100000
v -0.02200000 0.04400000 0.00100000
v -0.02200000 0.04600000 -0.00100000
v -0.02200000 0.04600000 0.00100000
v -0.02200000 0.04800000 -0.00100000
v -0.02200000 0.04800000 0.00100000
v -0.02200000 0.05000000 0.00100000
v -0.02200000 0.05000000 -0.00100000
v -0.02000000 -0.05000000 0.00100000
v -0.02000000 -0.05000000 -0.00100000
v -0.02000000 -0.04800000 -0.00100000
v -0.02000000 -0.04800000 0.00100000
v -0.02000000 -0.04600000 -0.00100000
v -0.02000000 -0.04600000 0.00100000
v -0.02000000 -0.04400000 -0.00100000
v -0.02000000 -0.04400000 0.00100000
v -0.02000000 -0.04200000 -0.00100000
v -0.02000000 -0.04200000 0.00100000
v -0.02000000 -0.04000000 -0.00100000
v -0.02000000 -0.04000000 0.00100000
v -0.02000000 -0.03800000 -0.00100000
v -0.02000000 -0.03800000 0.00100000
v -0.02000000 -0.03600000 -0.00100000
v -0.02000000 -0.03600000 0.00100000
v -0.02000000 -0.03400000 -0.00100000
v -0.02000000 -0.03400000 0.00100000
v -0.02000000 -0.03200000 -0.00100000
v -0.02000000 -0.03200000 0.00100000
v -0.02000000 -0.03000000 -0.00100000
v -0.02000000 -0.03000000 0.00100000
v -0.02000000 -0.02800000 -0.00100000
v -0.02000000 -0.02800000 0.00100000
v -0.02000000 -0.02600000 -0.00100000
v -0.02000000 -0.02600000 0.00100000
v -0.02000000 -0.02400000 -0.00100000
v -0.02000000 -0.02400000 0.00100000
v -0.02000000 -0.02200000 -0.00100000
v -0.02000000 -0.02200000 0.00100000
v -0.02000000 -0.02000000 -0.00100000
v -0.02000000 -0.02000000 0.00100000
v -0.02000000 -0.01800000 -0.00100000
v -0.02000000 -0.01800000 0.00100000
v -0.02000000 -0.01600000 -0.00100000
v -0.02000000 -0.01600000 0.00100000
v -0.02000000 -0.01400000 -0.00100000
v -0.02000000 -0.01400000 0.00100000
v -0.02000000 -0.01200000 -0.00100000
v -0.02000000 -0.01200000 0.00100000
v -0.02000000 -0.01000000 -0.00100000
v -0.02000000 -0.01000000 0.00100000
v -0.02000000 -0.00800000 -0.00100000
v -0.02000000 -0.00800000 0.00100000
v -0.02000000 -0.00600000 -0.00100000
v -0.02000000 -0.00600000 0.00100000
v -0.02000000 -0.00400000 -0.00100000
v -0.02000000 -0.00400000 0.00100000
v -0.02000000 -0.00200000 -0.00100000
v -0.02000000 -0.00200000 0.00100000
v -0.02000000 0.00000000 -0.00100000
v -0.02000000 0.00000000 0.00100000
v -0.02000000 0.00200000 -0.00100000
v -0.02000000 0.00200000 0.00100000
v -0.02000000 0.00400000 -0.00100000
v -0.02000000 0.00400000 0.00100000
v -0.02000000 0.00600000 -0.00100000
v -0.02000000 0.00600000 0.00100000
v -0.02000000 0.00800000 -0.00100000
v -0.02000000 0.00800000 0.00100000
v -0.02000000 0.01000000 -0.00100000
v -0.02000000 0.01000000 0.00100000
v -0.02000000 0.01200000 -0.00100000
v -0.02000000 0.01200000 0.00100000
v -0.02000000 0.01400000 -0.00100000
v -0.02000000 0.01400000 0.00100000
v -0.02000000 0.01600000 -0.00100000
v -0.02000000 0.01600000 0.00100000
v -0.02000000 0.01800000 -0.00100000
v -0.02000000 0.01800000 0.00100000
v -0.02000000 0.02000000 -0.00100000
v -0.02000000 0.02000000 0.00100000
v -0.02000000 0.02200000 -0.00100000
v -0.02000000 0.02200000 0.00100000
v -0.02000000 0.02400000 -0.00100000
v -0.02000000 0.02400000 0.00100000
v -0.02000000 0.02600000 -0.00100000
v -0.02000000 0.02600000 0.00100000
v -0.02000000 0.02800000 -0.00100000
v -0.02000000 0.02800000 0.00100000
v -0.02000000 0.03000000 -0.00100000
v -0.02000000 0.03000000 0.00100000
v -0.02000000 0.03200000 -0.00100000
v -0.02000000 0.03200000 0.00100000
v -0.02000000 0.03400000 -0.00100000
v -0.02000000 0.03400000 0.00100000
v -0.02000000 0.03600000 -0.00100000
v -0.02000000 0.03600000 0.00100000
v -0.02000000 0.03800000 -0.00100000
v -0.02000000 0.03800000 0.00100000
v -0.02000000 0.04000000 -0.00100000
v -0.02000000 0.04000000 0.00100000
v -0.02000000 0.04200000 -0.00100000
v -0.02000000 0.04200000 0.00100000
v -0.02000000 0.04400000 -0.00100000
v -0.02000000 0.04400000 0.00100000
v -0.02000000 0.04600000 -0.00100000
v -0.02000000 0.04600000 0.00100000
v -0.02000000 0.04800000 -0.00100000
v -0.02000000 0.04800000 0.00100000
v -0.02000000 0.05000000 0.00100000
v -0.02000000 0.05000000 -0.00100000
v -0.01800000 -0.05000000 0.00100000
v -0.01800000 -0.05000000 -0.00100000
v -0.01800000 -0.04800000 -0.00100000
v -0.01800000 -0.04800000 0.00100000
v -0.01800000 -0.04600000 -0.00100000
v -0.01800000 -0.04600000 0.00100000
v -0.01800000 -0.04400000 -0.00100000
v -0.01800000 -0.04400000 0.00100000
v -0.01800000 -0.04200000 -0.00100000
v -0.01800000 -0.04200000 0.00100000
v -0.01800000 -0.04000000 -0.00100000
v -0.01800000 -0.04000000 0.00100000
v -0.01800000 -0.03800000 -0.00100000
v -0.01800000 -0.03800000 0.00100000
v -0.01800000 -0.03600000 -0.00100000
v -0.01800000 -0.03600000 0.00100000
v -0.01800000 -0.03400000 -0.00100000
v -0.01800000 -0.03400000 0.00100000
v -0.01800000 -0.03200000 -0.00100000
v -0.01800000 -0.03200000 0.00100000
v -0.01800000 -0.03000000 -0.00100000
v -0.01800000 -0.03000000 0.00100000
v -0.01800000 -0.02800000 -0.00100000
v -0.01800000 -0.02800000 0.00100000
v -0.01800000 -0.02600000 -0.00100000
v -0.01800000 -0.02600000 0.00100000
v -0.01800000 -0.02400000 -0.00100000
v -0.01800000 -0.02400000 0.00100000
v -0.01800000 -0.02200000 -0.00100000
v -0.01800000 -0.02200000 0.00100000
v -0.01800000 -0.02000000 -0.00100000
v -0.01800000 -0.02000000 0.00100000
v -0.01800000 -0.01800000 -0.00100000
v -0.01800000 -0.01800000 0.00100000
v -0.01800000 -0.01600000 -0.00100000
v -0.01800000 -0.01600000 0.00100000
v -0.01800000 -0.01400000 -0.00100000
v -0.01800000 -0.01400000 0.00100000
v -0.01800000 -0.01200000 -0.00100000
v -0.01800000 -0.01200000 0.00100000
v -0.01800000 -0.01000000 -0.00100000
v -0.01800000 -0.01000000 0.00100000
v -0.01800000 -0.00800000 -0.00100000
v -0.01800000 -0.00800000 0.00100000
v -0.01800000 -0.00600000 -0.00100000
v -0.01800000 -0.00600000 0.00100000
v -0.01800000 -0.00400000 -0.00100000
v -0.01800000 -0.00400000 0.00100000
v -0.01800000 -0.00200000 -0.00100000
v -0.01800000 -0.00200000 0.00100000
v -0.01800000 0.00000000 -0.00100000
v -0.01800000 0.00000000 0.00100000
v -0.01800000 0.00200000 -0.00100000
v -0.01800000 0.00200000 0.00100000
v -0.01800000 0.00400000 -0.00100000
v -0.01800000 0.00400000 0.00100000
v -0.01800000 0.00600000 -0.00100000
v -0.01800000 0.00600000 0.00100000
v -0.01800000 0.00800000 -0.00100000
v -0.01800000 0.00800000 0.00100000
v -0.01800000 0.01000000 -0.00100000
v -0.01800000 0.01000000 0.00100000
v -0.01800000 0.01200000 -0.00100000
v -0.01800000 0.01200000 0.00100000
v -0.01800000 0.01400000 -0.00100000
v -0.01800000 0.01400000 0.00100000
v -0.01800000 0.01600000 -0.00100000
v -0.01800000 0.01600000 0.00100000
v -0.01800000 0.01800000 -0.00100000
v -0.01800000 0.01800000 0.00100000
v -0.01800000 0.02000000 -0.00100000
v -0.01800000 0.02000000 0.00100000
v -0.01800000 0.02200000 -0.00100000
v -0.01800000 0.02200000 0.00100000
v -0.01800000 0.02400000 -0.00100000
v -0.01800000 0.02400000 0.00100000
v -0.01800000 0.02600000 -0.00100000
v -0.01800000 0.02600000 0.00100000
v -0.01800000 0.02800000 -0.00100000
v -0.01800000 0.02800000 0.00100000
v -0.01800000 0.03000000 -0.00100000
v -0.01800000 0.03000000 0.00100000
v -0.01800000 0.03200000 -0.00100000
v -0.01800000 0.03200000 0.00100000
v -0.01800000 0.03400000 -0.00100000
v -0.01800000 0.03400000 0.00100000
v -0.01800000 0.03600000 -0.00100000
v -0.01800000 0.03600000 0.00100000
v -0.01800000 0.03800000 -0.00100000
v -0.01800000 0.03800000 0.00100000
v -0.01800000 0.04000000 -0.00100000
v -0.01800000 0.04000000 0.00100000
v -0.01800000 0.04200000 -0.00100000
v -0.01800000 0.04200000 0.00100000
v -0.01800000 0.04400000 -0.00100000
v -0.01800000 0.04400000 0.00100000
v -0.01800000 0.04600000 -0.00100000
v -0.01800000 0.04600000 0.00100000
v -0.01800000 0.04800000 -0.00100000
v -0.01800000 0.04800000 0.00100000
v -0.01800000 0.05000000 0.00100000
v -0.01800000 0.05000000 -0.00100000
v -0.01600000 -0.05000000 0.00100000
v -0.01600000 -0.05000000 -0.00100000
v -0.01600000 -0.04800000 -0.00100000
v -0.01600000 -0.04800000 0.00100000
v -0.01600000 -0.04600000 -0.00100000
v -0.01600000 -0.04600000 0.00100000
v -0.01600000 -0.04400000 -0.00100000
v -0.01600000 -0.04400000 0.00100000
v -0.01600000 -0.04200000 -0.00100000
v -0.01600000 -0.04200000 0.00100000
v -0.01600000 -0.04000000 -0.00100000
v -0.01600000 -0.04000000 0.00100000
v -0.01600000 -0.03800000 -0.00100000
v -0.01600000 -0.03800000 0.00100000
v -0.01600000 -0.03600000 -0.00100000
v -0.01600000 -0.03600000 0.00100000
v -0.01600000 -0.03400000 -0.00100000
v -0.01600000 -0.03400000 0.00100000
v -0.01600000 -0.03200000 -0.00100000
v -0.01600000 -0.03200000 0.00100000
v -0.01600000 -0.03000000 -0.00100000
v -0.01600000 -0.03000000 0.00100000
v -0.01600000 -0.02800000 -0.00100000
v -0.01600000 -0.02800000 0.00100000
v -0.01600000 -0.02600000 -0.00100000
v -0.01600000 -0.02600000 0.00100000
v -0.01600000 -0.02400000 -0.00100000
v -0.01600000 -0.02400000 0.00100000
v -0.01600000 -0.02200000 -0.00100000
v -0.01600000 -0.02200000 0.00100000
v -0.01600000 -0.02000000 -0.00100000
v -0.01600000 -0.02000000 0.00100000
v -0.01600000 -0.01800000 -0.00100000
v -0.01600000 -0.01800000 0.00100000
v -0.01600000 -0.01600000 -0.00100000
v -0.01600000 -0.01600000 0.00100000
v -0.01600000 -0.01400000 -0.00100000
v -0.01600000 -0.01400000 0.00100000
v -0.01600000 -0.01200000 -0.00100000
v -0.01600000 -0.01200000 0.00100000
v -0.01600000 -0.01000000 -0.00100000
v -0.01600000 -0.01000000 0.00100000
v -0.01600000 -0.00800000 -0.00100000
v -0.01600000 -0.00800000 0.00100000
v -0.01600000 -0.00600000 -0.00100000
v -0.01600000 -0.00600000 0.00100000
v -0.01600000 -0.00400000 -0.00100000
v -0.01600000 -0.00400000 0.00100000
v -0.01600000 -0.00200000 -0.00100000
v -0.01600000 -0.00200000 0.00100000
v -0.01600000 0.00000000 -0.00100000
v -0.01600000 0.00000000 0.00100000
v -0.01600000 0.00200000 -0.00100000
v -0.01600000 0.00200000 0.00100000
v -0.01600000 0.00400000 -0.00100000
v -0.01600000 0.00400000 0.00100000
v -0.01600000 0.00600000 -0.00100000
v -0.01600000 0.00600000 0.00100000
v -0.01600000 0.00800000 -0.00100000
v -0.01600000 0.00800000 0.00100000
v -0.01600000 0.01000000 -0.00100000
v -0.01600000 0.01000000 0.00100000
v -0.01600000 0.01200000 -0.00100000
v -0.01600000 0.01200000 0.00100000
v -0.01600000 0.01400000 -0.00100000
v -0.01600000 0.01400000 0.00100000
v -0.01600000 0.01600000 -0.00100000
v -0.01600000 0.01600000 0.00100000
v -0.01600000 0.01800000 -0.00100000
v -0.01600000 0.01800000 0.00100000
v -0.01600000 0.02000000 -0.00100000
v -0.01600000 0.02000000 0.00100000
v -0.01600000 0.02200000 -0.00100000
v -0.01600000 0.02200000 0.00100000
v -0.01600000 0.02400000 -0.00100000
v -0.01600000 0.02400000 0.00100000
v -0.01600000 0.02600000 -0.00100000
v -0.01600000 0.02600000 0.00100000
v -0.01600000 0.02800000 -0.00100000
v -0.01600000 0.02800000 0.00100000
v -0.01600000 0.03000000 -0.00100000
v -0.01600000 0.03000000 0.00100000
v -0.01600000 0.03200000 -0.00100000
v -0.01600000 0.03200000 0.00100000
v -0.01600000 0.03400000 -0.00100000
v -0.01600000 0.03400000 0.00100000
v -0.01600000 0.03600000 -0.00100000
v -0.01600000 0.03600000 0.00100000
v -0.01600000 0.03800000 -0.00100000
v -0.01600000 0.03800000 0.00100000
v -0.01600000 0.04000000 -0.00100000
v -0.01600000 0.04000000 0.00100000
v -0.01600000 0.04200000 -0.00100000
v -0.01600000 0.04200000 0.00100000
v -0.01600000 0.04400000 -0.00100000
v -0.01600000 0.04400000 0.00100000
v -0.01600000 0.04600000 -0.00100000
v -0.01600000 0.04600000 0.00100000
v -0.01600000 0.04800000 -0.00100000
v -0.01600000 0.04800000 0.00100000
v -0.01600000 0.05000000 0.00100000
v -0.01600000 0.05000000 -0.00100000
v -0.01400000 -0.05000000 0.00100000
v -0.01400000 -0.05000000 -0.00100000
v -0.01400000 -0.04800000 -0.00100000
v -0.01400000 -0.04800000 0.00100000
v -0.01400000 -0.04600000 -0.00100000
v -0.01400000 -0.04600000 0.00100000
v -0.01400000 -0.04400000 -0.00100000
v -0.01400000 -0.04400000 0.00100000
v -0.01400000 -0.04200000 -0.00100000
v -0.01400000 -0.04200000 0.00100000
v -0.01400000 -0.04000000 -0.00100000
v -0.01400000 -0.04000000 0.00100000
v -0.01400000 -0.03800000 -0.00100000
v -0.01400000 -0.03800000 0.00100000
v -0.01400000 -0.03600000 -0.00100000
v -0.01400000 -0.03600000 0.00100000
v -0.01400000 -0.03400000 -0.00100000
v -0.01400000 -0.03400000 0.00100000
v -0.01400000 -0.03200000 -0.00100000
v -0.01400000 -0.03200000 0.00100000
v -0.01400000 -0.03000000 -0.00100000
v -0.01400000 -0.03000000 0.00100000
v -0.01400000 -0.02800000 -0.00100000
v -0.01400000 -0.02800000 0.00100000
v -0.01400000 -0.02600000 -0.00100000
v -0.01400000 -0.02600000 0.00100000
v -0.01400000 -0.02400000 -0.00100000
v -0.01400000 -0.02400000 0.00100000
v -0.01400000 -0.02200000 -0.00100000
v -0.01400000 -0.02200000 0.00100000
v -0.01400000 -0.02000000 -0.00100000
v -0.01400000 -0.02000000 0.00100000
v -0.01400000 -0.01800000 -0.00100000
v -0.01400000 -0.01800000 0.00100000
v -0.01400000 -0.01600000 -0.00100000
v -0.01400000 -0.01600000 0.00100000
v -0.01400000 -0.01400000 -0.00100000
v -0.01400000 -0.01400000 0.00100000
v -0.01400000 -0.01200000 -0.00100000
v -0.01400000 -0.01200000 0.00100000
v -0.01400000 -0.01000000 -0.00100000
v -0.01400000 -0.01000000 0.00100000
v -0.01400000 -0.00800000 -0.00100000
v -0.01400000 -0.00800000 0.00100000
v -0.01400000 -0.00600000 -0.00100000
v -0.01400000 -0.00600000 0.00100000
v -0.01400000 -0.00400000 -0.00100000
v -0.01400000 -0.00400000 0.00100000
v -0.01400000 -0.00200000 -0.00100000
v -0.01400000 -0.00200000 0.00100000
v -0.01400000 0.00000000 -0.00100000
v -0.01400000 0.00000000 0.00100000
v -0.01400000 0.00200000 -0.00100000
v -0.01400000 0.00200000 0.00100000
v -0.01400000 0.00400000 -0.00100000
v -0.01400000 0.00400000 0.00100000
v -0.01400000 0.00600000 -0.00100000
v -0.01400000 0.00600000 0.00100000
v -0.01400000 0.00800000 -0.00100000
v -0.01400000 0.00800000 0.00100000
v -0.01400000 0.01000000 -0.00100000
v -0.01400000 0.01000000 0.00100000
v -0.01400000 0.01200000 -0.00100000
v -0.01400000 0.01200000 0.00100000
v -0.01400000 0.01400000 -0.00100000
v -0.01400000 0.01400000 0.00100000
v -0.01400000 0.01600000 -0.00100000
v -0.01400000 0.01600000 0.00100000
v -0.01400000 0.01800000 -0.00100000
v -0.01400000 0.01800000 0.00100000
v -0.01400000 0.02000000 -0.00100000
v -0.01400000 0.02000000 0.00100000
v -0.01400000 0.02200000 -0.00100000
v -0.01400000 0.02200000 0.00100000
v -0.01400000 0.02400000 -0.00100000
v -0.01400000 0.02400000 0.00100000
v -0.01400000 0.02600000 -0.00100000
v -0.01400000 0.02600000 0.00100000
v -0.01400000 0.02800000 -0.00100000
v -0.01400000 0.02800000 0.00100000
v -0.01400000 0.03000000 -0.00100000
v -0.01400000 0.03000000 0.00100000
v -0.01400000 0.03200000 -0.00100000
v -0.01400000 0.03200000 0.00100000
v -0.01400000 0.03400000 -0.00100000
v -0.01400000 0.03400000 0.00100000
v -0.01400000 0.03600000 -0.00100000
v -0.01400000 0.03600000 0.00100000
v -0.01400000 0.03800000 -0.00100000
v -0.01400000 0.03800000 0.00100000
v -0.01400000 0.04000000 -0.00100000
v -0.01400000 0.04000000 0.00100000
v -0.01400000 0.04200000 -0.00100000
v -0.01400000 0.04200000 0.00100000
v -0.01400000 0.04400000 -0.00100000
v -0.01400000 0.04400000 0.00100000
v -0.01400000 0.04600000 -0.00100000
v -0.01400000 0.04600000 0.00100000
v -0.01400000 0.04800000 -0.00100000
v -0.01400000 0.04800000 0.00100000
v -0.01400000 0.05000000 0.00100000
v -0.01400000 0.05000000 -0.00100000
v -0.01200000 -0.05000000 0.00100000
v -0.01200000 -0.05000000 -0.00100000
v -0.01200000 -0.04800000 -0.00100000
v -0.01200000 -0.04800000 0.00100000
v -0.01200000 -0.04600000 -0.00100000
v -0.01200000 -0.04600000 0.00100000
v -0.01200000 -0.04400000 -0.00100000
v -0.01200000 -0.04400000 0.00100000
v -0.01200000 -0.04200000 -0.00100000
v -0.01200000 -0.04200000 0.00100000
v -0.01200000 -0.04000000 -0.00100000
v -0.01200000 -0.04000000 0.00100000
v -0.01200000 -0.03800000 -0.00100000
v -0.01200000 -0.03800000 0.00100000
v -0.01200000 -0.03600000 -0.00100000
v -0.01200000 -0.03600000 0.00100000
v -0.01200000 -0.03400000 -0.00100000
v -0.01200000 -0.03400000 0.00100000
v -0.01200000 -0.03200000 -0.00100000
v -0.01200000 -0.03200000 0.00100000
v -0.01200000 -0.03000000 -0.00100000
v -0.01200000 -0.03000000 0.00100000
v -0.01200000 -0.02800000 -0.00100000
v -0.01200000 -0.02800000 0.00100000
v -0.01200000 -0.02600000 -0.00100000
v -0.01200000 -0.02600000 0.00100000
v -0.01200000 -0.02400000 -0.00100000
v -0.01200000 -0.02400000 0.00100000
v -0.01200000 -0.02200000 -0.00100000
v -0.01200000 -0.02200000 0.00100000
v -0.01200000 -0.02000000 -0.00100000
v -0.01200000 -0.02000000 0.00100000
v -0.01200000 -0.01800000 -0.00100000
v -0.01200000 -0.01800000 0.00100000
v -0.01200000 -0.01600000 -0.00100000
v -0.01200000 -0.01600000 0.00100000
v -0.01200000 -0.01400000 -0.00100000
v -0.01200000 -0.01400000 0.00100000
v -0.01200000 -0.01200000 -0.00100000
v -0.01200000 -0.01200000 0.00100000
v -0.01200000 -0.01000000 -0.00100000
v -0.01200000 -0.01000000 0.00100000
v -0.01200000 -0.00800000 -0.00100000
v -0.01200000 -0.00800000 0.00100000
v -0.01200000 -0.00600000 -0.00100000
v -0.01200000 -0.00600000 0.00100000
v -0.01200000 -0.00400000 -0.00100000
v -0.01200000 -0.00400000 0.00100000
v -0.01200000 -0.00200000 -0.00100000
v -0.01200000 -0.00200000 0.00100000
v -0.01200000 0.00000000 -0.00100000
v -0.01200000 0.00000000 0.00100000
v -0.01200000 0.00200000 -0.00100000
v -0.01200000 0.00200000 0.00100000
v -0.01200000 0.00400000 -0.00100000
v -0.01200000 0.00400000 0.00100000
v -0.01200000 0.00600000 -0.00100000
v -0.01200000 0.00600000 0.00100000
v -0.01200000 0.00800000 -0.00100000
v -0.01200000 0.00800000 0.00100000
v -0.01200000 0.01000000 -0.00100000
v -0.01200000 0.01000000 0.00100000
v -0.01200000 0.01200000 -0.00100000
v -0.01200000 0.01200000 0.00100000
v -0.01200000 0.01400000 -0.00100000
v -0.01200000 0.01400000 0.00100000
v -0.01200000 0.01600000 -0.00100000
v -0.01200000 0.01600000 0.00100000
v -0.01200000 0.01800000 -0.00100000
v -0.01200000 0.01800000 0.00100000
v -0.01200000 0.02000000 -0.00100000
v -0.01200000 0.02000000 0.00100000
v -0.01200000 0.02200000 -0.00100000
v -0.01200000 0.02200000 0.00100000
v -0.01200000 0.02400000 -0.00100000
v -0.01200000 0.02400000 0.00100000
v -0.01200000 0.02600000 -0.00100000
v -0.01200000 0.02600000 0.00100000
v -0.01200000 0.02800000 -0.00100000
v -0.01200000 0.02800000 0.00100000
v -0.01200000 0.03000000 -0.00100000
v -0.01200000 0.03000000 0.00100000
v -0.01200000 0.03200000 -0.00100000
v -0.01200000 0.03200000 0.00100000
v -0.01200000 0.03400000 -0.00100000
v -0.01200000 0.03400000 0.00100000
v -0.01200000 0.03600000 -0.00100000
v -0.01200000 0.03600000 0.00100000
v -0.01200000 0.03800000 -0.00100000
v -0.01200000 0.03800000 0.00100000
v -0.01200000 0.04000000 -0.00100000
v -0.01200000 0.04000000 0.00100000
v -0.01200000 0.04200000 -0.00100000
v -0.01200000 0.04200000 0.00100000
v -0.01200000 0.04400000 -0.00100000
v -0.01200000 0.04400000 0.00100000
v -0.01200000 0.04600000 -0.00100000
v -0.01200000 0.04600000 0.00100000
v -0.01200000 0.04800000 -0.00100000
v -0.01200000 0.04800000 0.00100000
v -0.01200000 0.05000000 0.00100000
v -0.01200000 0.05000000 -0.00100000
v -0.01000000 -0.05000000 0.00100000
v -0.01000000 -0.05000000 -0.00100000
v -0.01000000 -0.04800000 -0.00100000
v -0.01000000 -0.04800000 0.00100000
v -0.01000000 -0.04600000 -0.00100000
v -0.01000000 -0.04600000 0.00100000
v -0.01000000 -0.04400000 -0.00100000
v -0.01000000 -0.04400000 0.00100000
v -0.01000000 -0.04200000 -0.00100000
v -0.01000000 -0.04200000 0.00100000
v -0.01000000 -0.04000000 -0.00100000
v -0.01000000 -0.04000000 0.00100000
v -0.01000000 -0.03800000 -0.00100000
v -0.01000000 -0.03800000 0.00100000
v -0.01000000 -0.03600000 -0.00100000
v -0.01000000 -0.03600000 0.00100000
v -0.01000000 -0.03400000 -0.00100000
v -0.01000000 -0.03400000 0.00100000
v -0.01000000 -0.03200000 -0.00100000
v -0.01000000 -0.03200000 0.00100000
v -0.01000000 -0.03000000 -0.00100000
v -0.01000000 -0.03000000 0.00100000
v -0.01000000 -0.02800000 -0.00100000
v -0.01000000 -0.02800000 0.00100000
v -0.01000000 -0.02600000 -0.00100000
v -0.01000000 -0.02600000 0.00100000
v -0.01000000 -0.02400000 -0.00100000
v -0.01000000 -0.02400000 0.00100000
v -0.01000000 -0.02200000 -0.00100000
v -0.01000000 -0.02200000 0.00100000
v -0.01000000 -0.02000000 -0.00100000
v -0.01000000 -0.02000000 0.00100000
v -0.01000000 -0.01800000 -0.00100000
v -0.01000000 -0.01800000 0.00100000
v -0.01000000 -0.01600000 -0.00100000
v -0.01000000 -0.01600000 0.00100000
v -0.01000000 -0.01400000 -0.00100000
v -0.01000000 -0.01400000 0.00100000
v -0.01000000 -0.01200000 -0.00100000
v -0.01000000 -0.01200000 0.00100000
v -0.01000000 -0.01000000 -0.00100000
v -0.01000000 -0.01000000 0.00100000
v -0.01000000 -0.00800000 -0.00100000
v -0.01000000 -0.00800000 0.00100000
v -0.01000000 -0.00600000 -0.00100000
v -0.01000000 -0.00600000 0.00100000
v -0.01000000 -0.00400000 -0.00100000
v -0.01000000 -0.00400000 0.00100000
v -0.01000000 -0.00200000 -0.00100000
v -0.01000000 -0.00200000 0.00100000
v -0.01000000 0.00000000 -0.00100000
v -0.01000000 0.00000000 0.00100000
v -0.01000000 0.00200000 -0.00100000
v -0.01000000 0.00200000 0.00100000
v -0.01000000 0.00400000 -0.00100000
v -0.01000000 0.00400000 0.00100000
v -0.01000000 0.00600000 -0.00100000
v -0.01000000 0.00600000 0.00100000
v -0.01000000 0.00800000 -0.00100000
v -0.01000000 0.00800000 0.00100000
v -0.01000000 0.01000000 -0.00100000
v -0.01000000 0.01000000 0.00100000
v -0.01000000 0.01200000 -0.00100000
v -0.01000000 0.01200000 0.00100000
v -0.01000000 0.01400000 -0.00100000
v -0.01000000 0.01400000 0.00100000
v -0.01000000 0.01600000 -0.00100000
v -0.01000000 0.01600000 0.00100000
v -0.01000000 0.01800000 -0.00100000
v -0.01000000 0.01800000 0.00100000
v -0.01000000 0.02000000 -0.00100000
v -0.01000000 0.02000000 0.00100000
v -0.01000000 0.02200000 -0.00100000
v -0.01000000 0.02200000 0.00100000
v -0.01000000 0.02400000 -0.00100000
v -0.01000000 0.02400000 0.00100000
v -0.01000000 0.02600000 -0.00100000
v -0.01000000 0.02600000 0.00100000
v -0.01000000 0.02800000 -0.00100000
v -0.01000000 0.02800000 0.00100000
v -0.01000000 0.03000000 -0.00100000
v -0.01000000 0.03000000 0.00100000
v -0.01000000 0.03200000 -0.00100000
v -0.01000000 0.03200000 0.00100000
v -0.01000000 0.03400000 -0.00100000
v -0.01000000 0.03400000 0.00100000
v -0.01000000 0.03600000 -0.00100000
v -0.01000000 0.03600000 0.00100000
v -0.01000000 0.03800000 -0.00100000
v -0.01000000 0.03800000 0.00100000
v -0.01000000 0.04000000 -0.00100000
v -0.01000000 0.04000000 0.00100000
v -0.01000000 0.04200000 -0.00100000
v -0.01000000 0.04200000 0.00100000
v -0.01000000 0.04400000 -0.00100000
v -0.01000000 0.04400000 0.00100000
v -0.01000000 0.04600000 -0.00100000
v -0.01000000 0.04600000 0.00100000
v -0.01000000 0.04800000 -0.00100000
v -0.01000000 0.04800000 0.00100000
v -0.01000000 0.05000000 0.00100000
v -0.01000000 0.05000000 -0.00100000
v -0.00800000 -0.05000000 0.00100000
v -0.00800000 -0.05000000 -0.00100000
v -0.00800000 -0.04800000 -0.00100000
v -0.00800000 -0.04800000 0.00100000
v -0.00800000 -0.04600000 -0.00100000
v -0.00800000 -0.04600000 0.00100000
v -0.00800000 -0.04400000 -0.00100000
v -0.00800000 -0.04400000 0.00100000
v -0.00800000 -0.04200000 -0.00100000
v -0.00800000 -0.04200000 0.00100000
v -0.00800000 -0.04000000 -0.00100000
v -0.00800000 -0.04000000 0.00100000
v -0.00800000 -0.03800000 -0.00100000
v -0.00800000 -0.03800000 0.00100000
v -0.00800000 -0.03600000 -0.00100000
v -0.00800000 -0.03600000 0.00100000
v -0.00800000 -0.03400000 -0.00100000
v -0.00800000 -0.03400000 0.00100000
v -0.00800000 -0.03200000 -0.00100000
v -0.00800000 -0.03200000 0.00100000
v -0.00800000 -0.03000000 -0.00100000
v -0.00800000 -0.03000000 0.00100000
v -0.00800000 -0.02800000 -0.00100000
v -0.00800000 -0.02800000 0.00100000
v -0.00800000 -0.02600000 -0.00100000
v -0.00800000 -0.02600000 0.00100000
v -0.00800000 -0.02400000 -0.00100000
v -0.00800000 -0.02400000 0.00100000
v -0.00800000 -0.02200000 -0.00100000
v -0.00800000 -0.02200000 0.00100000
v -0.00800000 -0.02000000 -0.00100000
v -0.00800000 -0.02000000 0.00100000
v -0.00800000 -0.01800000 -0.00100000
v -0.00800000 -0.01800000 0.00100000
v -0.00800000 -0.01600000 -0.00100000
v -0.00800000 -0.01600000 0.00100000
v -0.00800000 -0.01400000 -0.00100000
v -0.00800000 -0.01400000 0.00100000
v -0.00800000 -0.01200000 -0.00100000
v -0.00800000 -0.01200000 0.00100000
v -0.00800000 -0.01000000 -0.00100000
v -0.00800000 -0.01000000 0.00100000
v -0.00800000 -0.00800000 -0.00100000
v -0.00800000 -0.00800000 0.00100000
v -0.00800000 -0.00600000 -0.00100000
v -0.00800000 -0.00600000 0.00100000
v -0.00800000 -0.00400000 -0.00100000
v -0.00800000 -0.00400000 0.00100000
v -0.00800000 -0.00200000 -0.00100000
v -0.00800000 -0.00200000 0.00100000
v -0.00800000 0.00000000 -0.00100000
v -0.00800000 0.00000000 0.00100000
v -0.00800000 0.00200000 -0.00100000
v -0.00800000 0.00200000 0.00100000
v -0.00800000 0.00400000 -0.00100000
v -0.00800000 0.00400000 0.00100000
v -0.00800000 0.00600000 -0.00100000
v -0.00800000 0.00600000 0.00100000
v -0.00800000 0.00800000 -0.00100000
v -0.00800000 0.00800000 0.00100000
v -0.00800000 0.01000000 -0.00100000
v -0.00800000 0.01000000 0.00100000
v -0.00800000 0.01200000 -0.00100000
v -0.00800000 0.01200000 0.00100000
v -0.00800000 0.01400000 -0.00100000
v -0.00800000 0.01400000 0.00100000
v -0.00800000 0.01600000 -0.00100000
v -0.00800000 0.01600000 0.00100000
v -0.00800000 0.01800000 -0.00100000
v -0.00800000 0.01800000 0.00100000
v -0.00800000 0.02000000 -0.00100000
v -0.00800000 0.02000000 0.00100000
v -0.00800000 0.02200000 -0.00100000
v -0.00800000 0.02200000 0.00100000
v -0.00800000 0.02400000 -0.00100000
v -0.00800000 0.02400000 0.00100000
v -0.00800000 0.02600000 -0.00100000
v -0.00800000 0.02600000 0.00100000
v -0.00800000 0.02800000 -0.00100000
v -0.00800000 0.02800000 0.00100000
v -0.00800000 0.03000000 -0.00100000
v -0.00800000 0.03000000 0.00100000
v -0.00800000 0.03200000 -0.00100000
v -0.00800000 0.03200000 0.00100000
v -0.00800000 0.03400000 -0.00100000
v -0.00800000 0.03400000 0.00100000
v -0.00800000 0.03600000 -0.00100000
v -0.00800000 0.03600000 0.00100000
v -0.00800000 0.03800000 -0.00100000
v -0.00800000 0.03800000 0.00100000
v -0.00800000 0.04000000 -0.00100000
v -0.00800000 0.04000000 0.00100000
v -0.00800000 0.04200000 -0.00100000
v -0.00800000 0.04200000 0.00100000
v -0.00800000 0.04400000 -0.00100000
v -0.00800000 0.04400000 0.00100000
v -0.00800000 0.04600000 -0.00100000
v -0.00800000 0.04600000 0.00100000
v -0.00800000 0.04800000 -0.00100000
v -0.00800000 0.04800000 0.00100000
v -0.00800000 0.05000000 0.00100000
v -0.00800000 0.05000000 -0.00100000
v -0.00600000 -0.05000000 0.00100000
v -0.00600000 -0.05000000 -0.00100000
v -0.00600000 -0.04800000 -0.00100000
v -0.00600000 -0.04800000 0.00100000
v -0.00600000 -0.04600000 -0.00100000
v -0.00600000 -0.04600000 0.00100000
v -0.00600000 -0.04400000 -0.00100000
v -0.00600000 -0.04400000 0.00100000
v -0.00600000 -0.04200000 -0.00100000
v -0.00600000 -0.04200000 0.00100000
v -0.00600000 -0.04000000 -0.00100000
v -0.00600000 -0.04000000 0.00100000
v -0.00600000 -0.03800000 -0.00100000
v -0.00600000 -0.03800000 0.00100000
v -0.00600000 -0.03600000 -0.00100000
v -0.00600000 -0.03600000 0.00100000
v -0.00600000 -0.03400000 -0.00100000
v -0.00600000 -0.03400000 0.00100000
v -0.00600000 -0.03200000 -0.00100000
v -0.00600000 -0.03200000 0.00100000
v -0.00600000 -0.03000000 -0.00100000
v -0.00600000 -0.03000000 0.00100000
v -0.00600000 -0.02800000 -0.00100000
v -0.00600000 -0.02800000 0.00100000
v -0.00600000 -0.02600000 -0.00100000
v -0.00600000 -0.02600000 0.00100000
v -0.00600000 -0.02400000 -0.00100000
v -0.00600000 -0.02400000 0.00100000
v -0.00600000 -0.02200000 -0.00100000
v -0.00600000 -0.02200000 0.00100000
v -0.00600000 -0.02000000 -0.00100000
v -0.00600000 -0.02000000 0.00100000
v -0.00600000 -0.01800000 -0.00100000
v -0.00600000 -0.01800000 0.00100000
v -0.00600000 -0.01600000 -0.00100000
v -0.00600000 -0.01600000 0.00100000
v -0.00600000 -0.01400000 -0.00100000
v -0.00600000 -0.01400000 0.00100000
v -0.00600000 -0.01200000 -0.00100000
v -0.00600000 -0.01200000 0.00100000
v -0.00600000 -0.01000000 -0.00100000
v -0.00600000 -0.01000000 0.00100000
v -0.00600000 -0.00800000 -0.00100000
v -0.00600000 -0.00800000 0.00100000
v -0.00600000 -0.00600000 -0.00100000
v -0.00600000 -0.00600000 0.00100000
v -0.00600000 -0.00400000 -0.00100000
v -0.00600000 -0.00400000 0.00100000
v -0.00600000 -0.00200000 -0.00100000
v -0.00600000 -0.00200000 0.00100000
v -0.00600000 0.00000000 -0.00100000
v -0.00600000 0.00000000 0.00100000
v -0.00600000 0.00200000 -0.00100000
v -0.00600000 0.00200000 0.00100000
v -0.00600000 0.00400000 -0.00100000
v -0.00600000 0.00400000 0.00100000
v -0.00600000 0.00600000 -0.00100000
v -0.00600000 0.00600000 0.00100000
v -0.00600000 0.00800000 -0.00100000
v -0.00600000 0.00800000 0.00100000
v -0.00600000 0.01000000 -0.00100000
v -0.00600000 0.01000000 0.00100000
v -0.00600000 0.01200000 -0.00100000
v -0.00600000 0.01200000 0.00100000
v -0.00600000 0.01400000 -0.00100000
v -0.00600000 0.01400000 0.00100000
v -0.00600000 0.01600000 -0.00100000
v -0.00600000 0.01600000 0.00100000
v -0.00600000 0.01800000 -0.00100000
v -0.00600000 0.01800000 0.00100000
v -0.00600000 0.02000000 -0.00100000
v -0.00600000 0.02000000 0.00100000
v -0.00600000 0.02200000 -0.00100000
v -0.00600000 0.02200000 0.00100000
v -0.00600000 0.02400000 -0.00100000
v -0.00600000 0.02400000 0.00100000
v -0.00600000 0.02600000 -0.00100000
v -0.00600000 0.02600000 0.00100000
v -0.00600000 0.02800000 -0.00100000
v -0.00600000 0.02800000 0.00100000
v -0.00600000 0.03000000 -0.00100000
v -0.00600000 0.03000000 0.00100000
v -0.00600000 0.03200000 -0.00100000
v -0.00600000 0.03200000 0.00100000
v -0.00600000 0.03400000 -0.00100000
v -0.00600000 0.03400000 0.00100000
v -0.00600000 0.03600000 -0.00100000
v -0.00600000 0.03600000 0.00100000
v -0.00600000 0.03800000 -0.00100000
v -0.00600000 0.03800000 0.00100000
v -0.00600000 0.04000000 -0.00100000
v -0.00600000 0.04000000 0.00100000
v -0.00600000 0.04200000 -0.00100000
v -0.00600000 0.04200000 0.00100000
v -0.00600000 0.04400000 -0.00100000
v -0.00600000 0.04400000 0.00100000
v -0.00600000 0.04600000 -0.00100000
v -0.00600000 0.04600000 0.00100000
v -0.00600000 0.04800000 -0.00100000
v -0.00600000 0.04800000 0.00100000
v -0.00600000 0.05000000 0.00100000
v -0.00600000 0.05000000 -0.00100000
v -0.00400000 -0.05000000 0.00100000
v -0.00400000 -0.05000000 -0.00100000
v -0.00400000 -0.04800000 -0.00100000
v -0.00400000 -0.04800000 0.00100000
v -0.00400000 -0.04600000 -0.00100000
v -0.00400000 -0.04600000 0.00100000
v -0.00400000 -0.04400000 -0.00100000
v -0.00400000 -0.04400000 0.00100000
v -0.00400000 -0.04200000 -0.00100000
v -0.00400000 -0.04200000 0.00100000
v -0.00400000 -0.04000000 -0.00100000
v -0.00400000 -0.04000000 0.00100000
v -0.00400000 -0.03800000 -0.00100000
v -0.00400000 -0.03800000 0.00100000
v -0.00400000 -0.03600000 -0.00100000
v -0.00400000 -0.03600000 0.00100000
v -0.00400000 -0.03400000 -0.00100000
v -0.00400000 -0.03400000 0.00100000
v -0.00400000 -0.03200000 -0.00100000
v -0.00400000 -0.03200000 0.00100000
v -0.00400000 -0.03000000 -0.00100000
v -0.00400000 -0.03000000 0.00100000
v -0.00400000 -0.02800000 -0.00100000
v -0.00400000 -0.02800000 0.00100000
v -0.00400000 -0.02600000 -0.00100000
v -0.00400000 -0.02600000 0.00100000
v -0.00400000 -0.02400000 -0.00100000
v -0.00400000 -0.02400000 0.00100000
v -0.00400000 -0.02200000 -0.00100000
v -0.00400000 -0.02200000 0.00100000
v -0.00400000 -0.02000000 -0.00100000
v -0.00400000 -0.02000000 0.00100000
v -0.00400000 -0.01800000 -0.00100000
v -0.00400000 -0.01800000 0.00100000
v -0.00400000 -0.01600000 -0.00100000
v -0.00400000 -0.01600000 0.00100000
v -0.00400000 -0.01400000 -0.00100000
v -0.00400000 -0.01400000 0.00100000
v -0.00400000 -0.01200000 -0.00100000
v -0.00400000 -0.01200000 0.00100000
v -0.00400000 -0.01000000 -0.00100000
v -0.00400000 -0.01000000 0.00100000
v -0.00400000 -0.00800000 -0.00100000
v -0.00400000 -0.00800000 0.00100000
v -0.00400000 -0.00600000 -0.00100000
v -0.00400000 -0.00600000 0.00100000
v -0.00400000 -0.00400000 -0.00100000
v -0.00400000 -0.00400000 0.00100000
v -0.00400000 -0.00200000 -0.00100000
v -0.00400000 -0.00200000 0.00100000
v -0.00400000 0.00000000 -0.00100000
v -0.00400000 0.00000000 0.00100000
v -0.00400000 0.00200000 -0.00100000
v -0.00400000 0.00200000 0.00100000
v -0.00400000 0.00400000 -0.00100000
v -0.00400000 0.00400000 0.00100000
v -0.00400000 0.00600000 -0.00100000
v -0.00400000 0.00600000 0.00100000
v -0.00400000 0.00800000 -0.00100000
v -0.00400000 0.00800000 0.00100000
v -0.00400000 0.01000000 -0.00100000
v -0.00400000 0.01000000 0.00100000
v -0.00400000 0.01200000 -0.00100000
v -0.00400000 0.01200000 0.00100000
v -0.00400000 0.01400000 -0.00100000
v -0.00400000 0.01400000 0.00100000
v -0.00400000 0.01600000 -0.00100000
v -0.00400000 0.01600000 0.00100000
v -0.00400000 0.01800000 -0.00100000
v -0.00400000 0.01800000 0.00100000
v -0.00400000 0.02000000 -0.00100000
v -0.00400000 0.02000000 0.00100000
v -0.00400000 0.02200000 -0.00100000
v -0.00400000 0.02200000 0.00100000
v -0.00400000 0.02400000 -0.00100000
v -0.00400000 0.02400000 0.00100000
v -0.00400000 0.02600000 -0.00100000
v -0.00400000 0.02600000 0.00100000
v -0.00400000 0.02800000 -0.00100000
v -0.00400000 0.02800000 0.00100000
v -0.00400000 0.03000000 -0.00100000
v -0.00400000 0.03000000 0.00100000
v -0.00400000 0.03200000 -0.00100000
v -0.00400000 0.03200000 0.00100000
v -0.00400000 0.03400000 -0.00100000
v -0.00400000 0.03400000 0.00100000
v -0.00400000 0.03600000 -0.00100000
v -0.00400000 0.03600000 0.00100000
v -0.00400000 0.03800000 -0.00100000
v -0.00400000 0.03800000 0.00100000
v -0.00400000 0.04000000 -0.00100000
v -0.00400000 0.04000000 0.00100000
v -0.00400000 0.04200000 -0.00100000
v -0.00400000 0.04200000 0.00100000
v -0.00400000 0.04400000 -0.00100000
v -0.00400000 0.04400000 0.00100000
v -0.00400000 0.04600000 -0.00100000
v -0.00400000 0.04600000 0.00100000
v -0.00400000 0.04800000 -0.00100000
v -0.00400000 0.04800000 0.00100000
v -0.00400000 0.05000000 0.00100000
v -0.00400000 0.05000000 -0.00100000
v -0.00200000 -0.05000000 0.00100000
v -0.00200000 -0.05000000 -0.00100000
v -0.00200000 -0.04800000 -0.00100000
v -0.00200000 -0.04800000 0.00100000
v -0.00200000 -0.04600000 -0.00100000
v -0.00200000 -0.04600000 0.00100000
v -0.00200000 -0.04400000 -0.00100000
v -0.00200000 -0.04400000 0.00100000
v -0.00200000 -0.04200000 -0.00100000
v -0.00200000 -0.04200000 0.00100000
v -0.00200000 -0.04000000 -0.00100000
v -0.00200000 -0.04000000 0.00100000
v -0.00200000 -0.03800000 -0.00100000
v -0.00200000 -0.03800000 0.00100000
v -0.00200000 -0.03600000 -0.00100000
v -0.00200000 -0.03600000 0.00100000
v -0.00200000 -0.03400000 -0.00100000
v -0.00200000 -0.03400000 0.00100000
v -0.00200000 -0.03200000 -0.00100000
v -0.00200000 -0.03200000 0.00100000
v -0.00200000 -0.03000000 -0.00100000
v -0.00200000 -0.03000000 0.00100000
v -0.00200000 -0.02800000 -0.00100000
v -0.00200000 -0.02800000 0.00100000
v -0.00200000 -0.02600000 -0.00100000
v -0.00200000 -0.02600000 0.00100000
v -0.00200000 -0.02400000 -0.00100000
v -0.00200000 -0.02400000 0.00100000
v -0.00200000 -0.02200000 -0.00100000
v -0.00200000 -0.02200000 0.00100000
v -0.00200000 -0.02000000 -0.00100000
v -0.00200000 -0.02000000 0.00100000
v -0.00200000 -0.01800000 -0.00100000
v -0.00200000 -0.01800000 0.00100000
v -0.00200000 -0.01600000 -0.00100000
v -0.00200000 -0.01600000 0.00100000
v -0.00200000 -0.01400000 -0.00100000
v -0.00200000 -0.01400000 0.00100000
v -0.00200000 -0.01200000 -0.00100000
v -0.00200000 -0.01200000 0.00100000
v -0.00200000 -0.01000000 -0.00100000
v -0.00200000 -0.01000000 0.00100000
v -0.00200000 -0.00800000 -0.00100000
v -0.00200000 -0.00800000 0.00100000
v -0.00200000 -0.00600000 -0.00100000
v -0.00200000 -0.00600000 0.00100000
v -0.00200000 -0.00400000 -0.00100000
v -0.00200000 -0.00400000 0.00100000
v -0.00200000 -0.00200000 -0.00100000
v -0.00200000 -0.00200000 0.00100000
v -0.00200000 0.00000000 -0.00100000
v -0.00200000 0.00000000 0.00100000
v -0.00200000 0.00200000 -0.00100000
v -0.00200000 0.00200000 0.00100000
v -0.00200000 0.00400000 -0.00100000
v -0.00200000 0.00400000 0.00100000
v -0.00200000 0.00600000 -0.00100000
v -0.00200000 0.00600000 0.00100000
v -0.00200000 0.00800000 -0.00100000
v -0.00200000 0.00800000 0.00100000
v -0.00200000 0.01000000 -0.00100000
v -0.00200000 0.01000000 0.00100000
v -0.00200000 0.01200000 -0.00100000
v -0.00200000 0.01200000 0.00100000
v -0.00200000 0.01400000 -0.00100000
v -0.00200000 0.01400000 0.00100000
v -0.00200000 0.01600000 -0.00100000
v -0.00200000 0.01600000 0.00100000
v -0.00200000 0.01800000 -0.00100000
v -0.00200000 0.01800000 0.00100000
v -0.00200000 0.02000000 -0.00100000
v -0.00200000 0.02000000 0.00100000
v -0.00200000 0.02200000 -0.00100000
v -0.00200000 0.02200000 0.00100000
v -0.00200000 0.02400000 -0.00100000
v -0.00200000 0.02400000 0.00100000
v -0.00200000 0.02600000 -0.00100000
v -0.00200000 0.02600000 0.00100000
v -0.00200000 0.02800000 -0.00100000
v -0.00200000 0.02800000 0.00100000
v -0.00200000 0.03000000 -0.00100000
v -0.00200000 0.03000000 0.00100000
v -0.00200000 0.03200000 -0.00100000
v -0.00200000 0.03200000 0.00100000
v -0.00200000 0.03400000 -0.00100000
v -0.00200000 0.03400000 0.00100000
v -0.00200000 0.03600000 -0.00100000
v -0.00200000 0.03600000 0.00100000
v -0.00200000 0.03800000 -0.00100000
v -0.00200000 0.03800000 0.00100000
v -0.00200000 0.04000000 -0.00100000
v -0.00200000 0.04000000 0.00100000
v -0.00200000 0.04200000 -0.00100000
v -0.00200000 0.04200000 0.00100000
v -0.00200000 0.04400000 -0.00100000
v -0.00200000 0.04400000 0.00100000
v -0.00200000 0.04600000 -0.00100000
v -0.00200000 0.04600000 0.00100000
v -0.00200000 0.04800000 -0.00100000
v -0.00200000 0.04800000 0.00100000
v -0.00200000 0.05000000 0.00100000
v -0.00200000 0.05000000 -0.00100000
v 0.00000000 -0.05000000 0.00100000
v 0.00000000 -0.05000000 -0.00100000
v 0.00000000 -0.04800000 -0.00100000
v 0.00000000 -0.04800000 0.00100000
v 0.00000000 -0.04600000 -0.00100000
v 0.00000000 -0.04600000 0.00100000
v 0.00000000 -0.04400000 -0.00100000
v 0.00000000 -0.04400000 0.00100000
v 0.00000000 -0.04200000 -0.00100000
v 0.00000000 -0.04200000 0.00100000
v 0.00000000 -0.04000000 -0.00100000
v 0.00000000 -0.04000000 0.00100000
v 0.00000000 -0.03800000 -0.00100000
v 0.00000000 -0.03800000 0.00100000
v 0.00000000 -0.03600000 -0.00100000
v 0.00000000 -0.03600000 0.00100000
v 0.00000000 -0.03400000 -0.00100000
v 0.00000000 -0.03400000 0.00100000
v 0.00000000 -0.03200000 -0.00100000
v 0.00000000 -0.03200000 0.00100000
v 0.00000000 -0.03000000 -0.00100000
v 0.00000000 -0.03000000 0.00100000
v 0.00000000 -0.02800000 -0.00100000
v 0.00000000 -0.02800000 0.00100000
v 0.00000000 -0.02600000 -0.00100000
v 0.00000000 -0.02600000 0.00100000
v 0.00000000 -0.02400000 -0.00100000
v 0.00000000 -0.02400000 0.00100000
v 0.00000000 -0.02200000 -0.00100000
v 0.00000000 -0.02200000 0.00100000
v 0.00000000 -0.02000000 -0.00100000
v 0.00000000 -0.02000000 0.00100000
v 0.00000000 -0.01800000 -0.00100000
v 0.00000000 -0.01800000 0.00100000
v 0.00000000 -0.01600000 -0.00100000
v 0.00000000 -0.01600000 0.00100000
v 0.00000000 -0.01400000 -0.00100000
v 0.00000000 -0.01400000 0.00100000
v 0.00000000 -0.01200000 -0.00100000
v 0.00000000 -0.01200000 0.00100000
v 0.00000000 -0.01000000 -0.00100000
v 0.00000000 -0.01000000 0.00100000
v 0.00000000 -0.00800000 -0.00100000
v 0.00000000 -0.00800000 0.00100000
v 0.00000000 -0.00600000 -0.00100000
v 0.00000000 -0.00600000 0.00100000
v 0.00000000 -0.00400000 -0.00100000
v 0.00000000 -0.00400000 0.00100000
v 0.00000000 -0.00200000 -0.00100000
v 0.00000000 -0.00200000 0.00100000
v 0.00000000 0.00000000 -0.00100000
v 0.00000000 0.00000000 0.00100000
v 0.00000000 0.00200000 -0.00100000
v 0.00000000 0.00200000 0.00100000
v 0.00000000 0.00400000 -0.00100000
v 0.00000000 0.00400000 0.00100000
v 0.00000000 0.00600000 -0.00100000
v 0.00000000 0.00600000 0.00100000
v 0.00000000 0.00800000 -0.00100000
v 0.00000000 0.00800000 0.00100000
v 0.00000000 0.01000000 -0.00100000
v 0.00000000 0.01000000 0.00100000
v 0.00000000 0.01200000 -0.00100000
v 0.00000000 0.01200000 0.00100000
v 0.00000000 0.01400000 -0.00100000
v 0.00000000 0.01400000 0.00100000
v 0.00000000 0.01600000 -0.00100000
v 0.00000000 0.01600000 0.00100000
v 0.00000000 0.01800000 -0.00100000
v 0.00000000 0.01800000 0.00100000
v 0.00000000 0.02000000 -0.00100000
v 0.00000000 0.02000000 0.00100000
v 0.00000000 0.02200000 -0.00100000
v 0.00000000 0.02200000 0.00100000
v 0.00000000 0.02400000 -0.00100000
v 0.00000000 0.02400000 0.00100000
v 0.00000000 0.02600000 -0.00100000
v 0.00000000 0.02600000 0.00100000
v 0.00000000 0.02800000 -0.00100000
v 0.00000000 0.02800000 0.00100000
v 0.00000000 0.03000000 -0.00100000
v 0.00000000 0.03000000 0.00100000
v 0.00000000 0.03200000 -0.00100000
v 0.00000000 0.03200000 0.00100000
v 0.00000000 0.03400000 -0.00100000
v 0.00000000 0.03400000 0.00100000
v 0.00000000 0.03600000 -0.00100000
v 0.00000000 0.03600000 0.00100000
v 0.00000000 0.03800000 -0.00100000
v 0.00000000 0.03800000 0.00100000
v 0.00000000 0.04000000 -0.00100000
v 0.00000000 0.04000000 0.00100000
v 0.00000000 0.04200000 -0.00100000
v 0.00000000 0.04200000 0.00100000
v 0.00000000 0.04400000 -0.00100000
v 0.00000000 0.04400000 0.00100000
v 0.00000000 0.04600000 -0.00100000
v 0.00000000 0.04600000 0.00100000
v 0.00000000 0.04800000 -0.00100000
v 0.00000000 0.04800000 0.00100000
v 0.00000000 0.05000000 0.00100000
v 0.00000000 0.05000000 -0.00100000
v 0.00200000 -0.05000000 0.00100000
v 0.00200000 -0.05000000 -0.00100000
v 0.00200000 -0.04800000 -0.00100000
v 0.00200000 -0.04800000 0.00100000
v 0.00200000 -0.04600000 -0.00100000
v 0.00200000 -0.04600000 0.00100000
v 0.00200000 -0.04400000 -0.00100000
v 0.00200000 -0.04400000 0.00100000
v 0.00200000 -0.04200000 -0.00100000
v 0.00200000 -0.04200000 0.00100000
v 0.00200000 -0.04000000 -0.00100000
v 0.00200000 -0.04000000 0.00100000
v 0.00200000 -0.03800000 -0.00100000
v 0.00200000 -0.03800000 0.00100000
v 0.00200000 -0.03600000 -0.00100000
v 0.00200000 -0.03600000 0.00100000
v 0.00200000 -0.03400000 -0.00100000
v 0.00200000 -0.03400000 0.00100000
v 0.00200000 -0.03200000 -0.00100000
v 0.00200000 -0.03200000 0.00100000
v 0.00200000 -0.03000000 -0.00100000
v 0.00200000 -0.03000000 0.00100000
v 0.00200000 -0.02800000 -0.00100000
v 0.00200000 -0.02800000 0.00100000
v 0.00200000 -0.02600000 -0.00100000
v 0.00200000 -0.02600000 0.00100000
v 0.00200000 -0.02400000 -0.00100000
v 0.00200000 -0.02400000 0.00100000
v 0.00200000 -0.02200000 -0.00100000
v 0.00200000 -0.02200000 0.00100000
v 0.00200000 -0.02000000 -0.00100000
v 0.00200000 -0.02000000 0.00100000
v 0.00200000 -0.01800000 -0.00100000
v 0.00200000 -0.01800000 0.00100000
v 0.00200000 -0.01600000 -0.00100000
v 0.00200000 -0.01600000 0.00100000
v 0.00200000 -0.01400000 -0.00100000
v 0.00200000 -0.01400000 0.00100000
v 0.00200000 -0.01200000 -0.00100000
v 0.00200000 -0.01200000 0.00100000
v 0.00200000 -0.01000000 -0.00100000
v 0.00200000 -0.01000000 0.00100000
v 0.00200000 -0.00800000 -0.00100000
v 0.00200000 -0.00800000 0.00100000
v 0.00200000 -0.00600000 -0.00100000
v 0.00200000 -0.00600000 0.00100000
v 0.00200000 -0.00400000 -0.00100000
v 0.00200000 -0.00400000 0.00100000
v 0.00200000 -0.00200000 -0.00100000
v 0.00200000 -0.00200000 0.00100000
v 0.00200000 0.00000000 -0.00100000
v 0.00200000 0.00000000 0.00100000
v 0.00200000 0.00200000 -0.00100000
v 0.00200000 0.00200000 0.00100000
v 0.00200000 0.00400000 -0.00100000
v 0.00200000 0.00400000 0.00100000
v 0.00200000 0.00600000 -0.00100000
v 0.00200000 0.00600000 0.00100000
v 0.00200000 0.00800000 -0.00100000
v 0.00200000 0.00800000 0.00100000
v 0.00200000 0.01000000 -0.00100000
v 0.00200000 0.01000000 0.00100000
v 0.00200000 0.01200000 -0.00100000
v 0.00200000 0.01200000 0.00100000
v 0.00200000 0.01400000 -0.00100000
v 0.00200000 0.01400000 0.00100000
v 0.00200000 0.01600000 -0.00100000
v 0.00200000 0.01600000 0.00100000
v 0.00200000 0.01800000 -0.00100000
v 0.00200000 0.01800000 0.00100000
v 0.00200000 0.02000000 -0.00100000
v 0.00200000 0.02000000 0.00100000
v 0.00200000 0.02200000 -0.00100000
v 0.00200000 0.02200000 0.00100000
v 0.00200000 0.02400000 -0.00100000
v 0.00200000 0.02400000 0.00100000
v 0.00200000 0.02600000 -0.00100000
v 0.00200000 0.02600000 0.00100000
v 0.00200000 0.02800000 -0.00100000
v 0.00200000 0.02800000 0.00100000
v 0.00200000 0.03000000 -0.00100000
v 0.00200000 0.03000000 0.00100000
v 0.00200000 0.03200000 -0.00100000
v 0.00200000 0.03200000 0.00100000
v 0.00200000 0.03400000 -0.00100000
v 0.00200000 0.03400000 0.00100000
v 0.00200000 0.03600000 -0.00100000
v 0.00200000 0.03600000 0.00100000
v 0.00200000 0.03800000 -0.00100000
v 0.00200000 0.03800000 0.00100000
v 0.00200000 0.04000000 -0.00100000
v 0.00200000 0.04000000 0.00100000
v 0.00200000 0.04200000 -0.00100000
v 0.00200000 0.04200000 0.00100000
v 0.00200000 0.04400000 -0.00100000
v 0.00200000 0.04400000 0.00100000
v 0.00200000 0.04600000 -0.00100000
v 0.00200000 0.04600000 0.00100000
v 0.00200000 0.04800000 -0.00100000
v 0.00200000 0.04800000 0.00100000
v 0.00200000 0.05000000 0.00100000
v 0.00200000 0.05000000 -0.00100000
v 0.00400000 -0.05000000 0.00100000
v 0.00400000 -0.05000000 -0.00100000
v 0.00400000 -0.04800000 -0.00100000
v 0.00400000 -0.04800000 0.00100000
v 0.00400000 -0.04600000 -0.00100000
v 0.00400000 -0.04600000 0.00100000
v 0.00400000 -0.04400000 -0.00100000
v 0.00400000 -0.04400000 0.00100000
v 0.00400000 -0.04200000 -0.00100000
v 0.00400000 -0.04200000 0.00100000
v 0.00400000 -0.04000000 -0.00100000
v 0.00400000 -0.04000000 0.00100000
v 0.00400000 -0.03800000 -0.00100000
v 0.00400000 -0.03800000 0.00100000
v 0.00400000 -0.03600000 -0.00100000
v 0.00400000 -0.03600000 0.00100000
v 0.00400000 -0.03400000 -0.00100000
v 0.00400000 -0.03400000 0.00100000
v 0.00400000 -0.03200000 -0.00100000
v 0.00400000 -0.03200000 0.00100000
v 0.00400000 -0.03000000 -0.00100000
v 0.00400000 -0.03000000 0.00100000
v 0.00400000 -0.02800000 -0.00100000
v 0.00400000 -0.02800000 0.00100000
v 0.00400000 -0.02600000 -0.00100000
v 0.00400000 -0.02600000 0.00100000
v 0.00400000 -0.02400000 -0.00100000
v 0.00400000 -0.02400000 0.00100000
v 0.00400000 -0.02200000 -0.00100000
v 0.00400000 -0.02200000 0.00100000
v 0.00400000 -0.02000000 -0.00100000
v 0.00400000 -0.02000000 0.00100000
v 0.00400000 -0.01800000 -0.00100000
v 0.00400000 -0.01800000 0.00100000
v 0.00400000 -0.01600000 -0.00100000
v 0.00400000 -0.01600000 0.00100000
v 0.00400000 -0.01400000 -0.00100000
v 0.00400000 -0.01400000 0.00100000
v 0.00400000 -0.01200000 -0.00100000
v 0.00400000 -0.01200000 0.00100000
v 0.00400000 -0.01000000 -0.00100000
v 0.00400000 -0.01000000 0.00100000
v 0.00400000 -0.00800000 -0.00100000
v 0.00400000 -0.00800000 0.00100000
v 0.00400000 -0.00600000 -0.00100000
v 0.00400000 -0.00600000 0.00100000
v 0.00400000 -0.00400000 -0.00100000
v 0.00400000 -0.00400000 0.00100000
v 0.00400000 -0.00200000 -0.00100000
v 0.00400000 -0.00200000 0.00100000
v 0.00400000 0.00000000 -0.00100000
v 0.00400000 0.00000000 0.00100000
v 0.00400000 0.00200000 -0.00100000
v 0.00400000 0.00200000 0.00100000
v 0.00400000 0.00400000 -0.00100000
v 0.00400000 0.00400000 0.00100000
v 0.00400000 0.00600000 -0.00100000
v 0.00400000 0.00600000 0.00100000
v 0.00400000 0.00800000 -0.00100000
v 0.00400000 0.00800000 0.00100000
v 0.00400000 0.01000000 -0.00100000
v 0.00400000 0.01000000 0.00100000
v 0.00400000 0.01200000 -0.00100000
v 0.00400000 0.01200000 0.00100000
v 0.00400000 0.01400000 -0.00100000
v 0.00400000 0.01400000 0.00100000
v 0.00400000 0.01600000 -0.00100000
v 0.00400000 0.01600000 0.00100000
v 0.00400000 0.01800000 -0.00100000
v 0.00400000 0.01800000 0.00100000
v 0.00400000 0.02000000 -0.00100000
v 0.00400000 0.02000000 0.00100000
v 0.00400000 0.02200000 -0.00100000
v 0.00400000 0.02200000 0.00100000
v 0.00400000 0.02400000 -0.00100000
v 0.00400000 0.02400000 0.00100000
v 0.00400000 0.02600000 -0.00100000
v 0.00400000 0.02600000 0.00100000
v 0.00400000 0.02800000 -0.00100000
v 0.00400000 0.02800000 0.00100000
v 0.00400000 0.03000000 -0.00100000
v 0.00400000 0.03000000 0.00100000
v 0.00400000 0.03200000 -0.00100000
v 0.00400000 0.03200000 0.00100000
v 0.00400000 0.03400000 -0.00100000
v 0.00400000 0.03400000 0.00100000
v 0.00400000 0.03600000 -0.00100000
v 0.00400000 0.03600000 0.00100000
v 0.00400000 0.03800000 -0.00100000
v 0.00400000 0.03800000 0.00100000
v 0.00400000 0.04000000 -0.00100000
v 0.00400000 0.04000000 0.00100000
v 0.00400000 0.04200000 -0.00100000
v 0.00400000 0.04200000 0.00100000
v 0.00400000 0.04400000 -0.00100000
v 0.00400000 0.04400000 0.00100000
v 0.00400000 0.04600000 -0.00100000
v 0.00400000 0.04600000 0.00100000
v 0.00400000 0.04800000 -0.00100000
v 0.00400000 0.04800000 0.00100000
v 0.00400000 0.05000000 0.00100000
v 0.00400000 0.05000000 -0.00100000
v 0.00600000 -0.05000000 0.00100000
v 0.00600000 -0.05000000 -0.00100000
v 0.00600000 -0.04800000 -0.00100000
v 0.00600000 -0.04800000 0.00100000
v 0.00600000 -0.04600000 -0.00100000
v 0.00600000 -0.04600000 0.00100000
v 0.00600000 -0.04400000 -0.00100000
v 0.00600000 -0.04400000 0.00100000
v 0.00600000 -0.04200000 -0.00100000
v 0.00600000 -0.04200000 0.00100000
v 0.00600000 -0.04000000 -0.00100000
v 0.00600000 -0.04000000 0.00100000
v 0.00600000 -0.03800000 -0.00100000
v 0.00600000 -0.03800000 0.00100000
v 0.00600000 -0.03600000 -0.00100000
v 0.00600000 -0.03600000 0.00100000
v 0.00600000 -0.03400000 -0.00100000
v 0.00600000 -0.03400000 0.00100000
v 0.00600000 -0.03200000 -0.00100000
v 0.00600000 -0.03200000 0.00100000
v 0.00600000 -0.03000000 -0.00100000
v 0.00600000 -0.03000000 0.00100000
v 0.00600000 -0.02800000 -0.00100000
v 0.00600000 -0.02800000 0.00100000
v 0.00600000 -0.02600000 -0.00100000
v 0.00600000 -0.02600000 0.00100000
v 0.00600000 -0.02400000 -0.00100000
v 0.00600000 -0.02400000 0.00100000
v 0.00600000 -0.02200000 -0.00100000
v 0.00600000 -0.02200000 0.00100000
v 0.00600000 -0.02000000 -0.00100000
v 0.00600000 -0.02000000 0.00100000
v 0.00600000 -0.01800000 -0.00100000
v 0.00600000 -0.01800000 0.00100000
v 0.00600000 -0.01600000 -0.00100000
v 0.00600000 -0.01600000 0.00100000
v 0.00600000 -0.01400000 -0.00100000
v 0.00600000 -0.01400000 0.00100000
v 0.00600000 -0.01200000 -0.00100000
v 0.00600000 -0.01200000 0.00100000
v 0.00600000 -0.01000000 -0.00100000
v 0.00600000 -0.01000000 0.00100000
v 0.00600000 -0.00800000 -0.00100000
v 0.00600000 -0.00800000 0.00100000
v 0.00600000 -0.00600000 -0.00100000
v 0.00600000 -0.00600000 0.00100000
v 0.00600000 -0.00400000 -0.00100000
v 0.00600000 -0.00400000 0.00100000
v 0.00600000 -0.00200000 -0.00100000
v 0.00600000 -0.00200000 0.00100000
v 0.00600000 0.00000000 -0.00100000
v 0.00600000 0.00000000 0.00100000
v 0.00600000 0.00200000 -0.00100000
v 0.00600000 0.00200000 0.00100000
v 0.00600000 0.00400000 -0.00100000
v 0.00600000 0.00400000 0.00100000
v 0.00600000 0.00600000 -0.00100000
v 0.00600000 0.00600000 0.00100000
v 0.00600000 0.00800000 -0.00100000
v 0.00600000 0.00800000 0.00100000
v 0.00600000 0.01000000 -0.00100000
v 0.00600000 0.01000000 0.00100000
v 0.00600000 0.01200000 -0.00100000
v 0.00600000 0.01200000 0.00100000
v 0.00600000 0.01400000 -0.00100000
v 0.00600000 0.01400000 0.00100000
v 0.00600000 0.01600000 -0.00100000
v 0.00600000 0.01600000 0.00100000
v 0.00600000 0.01800000 -0.00100000
v 0.00600000 0.01800000 0.00100000
v 0.00600000 0.02000000 -0.00100000
v 0.00600000 0.02000000 0.00100000
v 0.00600000 0.02200000 -0.00100000
v 0.00600000 0.02200000 0.00100000
v 0.00600000 0.02400000 -0.00100000
v 0.00600000 0.02400000 0.00100000
v 0.00600000 0.02600000 -0.00100000
v 0.00600000 0.02600000 0.00100000
v 0.00600000 0.02800000 -0.00100000
v 0.00600000 0.02800000 0.00100000
v 0.00600000 0.03000000 -0.00100000
v 0.00600000 0.03000000 0.00100000
v 0.00600000 0.03200000 -0.00100000
v 0.00600000 0.03200000 0.00100000
v 0.00600000 0.03400000 -0.00100000
v 0.00600000 0.03400000 0.00100000
v 0.00600000 0.03600000 -0.00100000
v 0.00600000 0.03600000 0.00100000
v 0.00600000 0.03800000 -0.00100000
v 0.00600000 0.03800000 0.00100000
v 0.00600000 0.04000000 -0.00100000
v 0.00600000 0.04000000 0.00100000
v 0.00600000 0.04200000 -0.00100000
v 0.00600000 0.04200000 0.00100000
v 0.00600000 0.04400000 -0.00100000
v 0.00600000 0.04400000 0.00100000
v 0.00600000 0.04600000 -0.00100000
v 0.00600000 0.04600000 0.00100000
v 0.00600000 0.04800000 -0.00100000
v 0.00600000 0.04800000 0.00100000
v 0.00600000 0.05000000 0.00100000
v 0.00600000 0.05000000 -0.00100000
v 0.00800000 -0.05000000 0.00100000
v 0.00800000 -0.05000000 -0.00100000
v 0.00800000 -0.04800000 -0.00100000
v 0.00800000 -0.04800000 0.00100000
v 0.00800000 -0.04600000 -0.00100000
v 0.00800000 -0.04600000 0.00100000
v 0.00800000 -0.04400000 -0.00100000
v 0.00800000 -0.04400000 0.00100000
v 0.00800000 -0.04200000 -0.00100000
v 0.00800000 -0.04200000 0.00100000
v 0.00800000 -0.04000000 -0.00100000
v 0.00800000 -0.04000000 0.00100000
v 0.00800000 -0.03800000 -0.00100000
v 0.00800000 -0.03800000 0.00100000
v 0.00800000 -0.03600000 -0.00100000
v 0.00800000 -0.03600000 0.00100000
v 0.00800000 -0.03400000 -0.00100000
v 0.00800000 -0.03400000 0.00100000
v 0.00800000 -0.03200000 -0.00100000
v 0.00800000 -0.03200000 0.00100000
v 0.00800000 -0.03000000 -0.00100000
v 0.00800000 -0.03000000 0.00100000
v 0.00800000 -0.02800000 -0.00100000
v 0.00800000 -0.02800000 0.00100000
v 0.00800000 -0.02600000 -0.00100000
v 0.00800000 -0.02600000 0.00100000
v 0.00800000 -0.02400000 -0.00100000
v 0.00800000 -0.02400000 0.00100000
v 0.00800000 -0.02200000 -0.00100000
v 0.00800000 -0.02200000 0.00100000
v 0.00800000 -0.02000000 -0.00100000
v 0.00800000 -0.02000000 0.00100000
v 0.00800000 -0.01800000 -0.00100000
v 0.00800000 -0.01800000 0.00100000
v 0.00800000 -0.01600000 -0.00100000
v 0.00800000 -0.01600000 0.00100000
v 0.00800000 -0.01400000 -0.00100000
v 0.00800000 -0.01400000 0.00100000
v 0.00800000 -0.01200000 -0.00100000
v 0.00800000 -0.01200000 0.00100000
v 0.00800000 -0.01000000 -0.00100000
v 0.00800000 -0.01000000 0.00100000
v 0.00800000 -0.00800000 -0.00100000
v 0.00800000 -0.00800000 0.00100000
v 0.00800000 -0.00600000 -0.00100000
v 0.00800000 -0.00600000 0.00100000
v 0.00800000 -0.00400000 -0.00100000
v 0.00800000 -0.00400000 0.00100000
v 0.00800000 -0.00200000 -0.00100000
v 0.00800000 -0.00200000 0.00100000
v 0.00800000 0.00000000 -0.00100000
v 0.00800000 0.00000000 0.00100000
v 0.00800000 0.00200000 -0.00100000
v 0.00800000 0.00200000 0.00100000
v 0.00800000 0.00400000 -0.00100000
v 0.00800000 0.00400000 0.00100000
v 0.00800000 0.00600000 -0.00100000
v 0.00800000 0.00600000 0.00100000
v 0.00800000 0.00800000 -0.00100000
v 0.00800000 0.00800000 0.00100000
v 0.00800000 0.01000000 -0.00100000
v 0.00800000 0.01000000 0.00100000
v 0.00800000 0.01200000 -0.00100000
v 0.00800000 0.01200000 0.00100000
v 0.00800000 0.01400000 -0.00100000
v 0.00800000 0.01400000 0.00100000
v 0.00800000 0.01600000 -0.00100000
v 0.00800000 0.01600000 0.00100000
v 0.00800000 0.01800000 -0.00100000
v 0.00800000 0.01800000 0.00100000
v 0.00800000 0.02000000 -0.00100000
v 0.00800000 0.02000000 0.00100000
v 0.00800000 0.02200000 -0.00100000
v 0.00800000 0.02200000 0.00100000
v 0.00800000 0.02400000 -0.00100000
v 0.00800000 0.02400000 0.00100000
v 0.00800000 0.02600000 -0.00100000
v 0.00800000 0.02600000 0.00100000
v 0.00800000 0.02800000 -0.00100000
v 0.00800000 0.02800000 0.00100000
v 0.00800000 0.03000000 -0.00100000
v 0.00800000 0.03000000 0.00100000
v 0.00800000 0.03200000 -0.00100000
v 0.00800000 0.03200000 0.00100000
v 0.00800000 0.03400000 -0.00100000
v 0.00800000 0.03400000 0.00100000
v 0.00800000 0.03600000 -0.00100000
v 0.00800000 0.03600000 0.00100000
v 0.00800000 0.03800000 -0.00100000
v 0.00800000 0.03800000 0.00100000
v 0.00800000 0.04000000 -0.00100000
v 0.00800000 0.04000000 0.00100000
v 0.00800000 0.04200000 -0.00100000
v 0.00800000 0.04200000 0.00100000
v 0.00800000 0.04400000 -0.00100000
v 0.00800000 0.04400000 0.00100000
v 0.00800000 0.04600000 -0.00100000
v 0.00800000 0.04600000 0.00100000
v 0.00800000 0.04800000 -0.00100000
v 0.00800000 0.04800000 0.00100000
v 0.00800000 0.05000000 0.00100000
v 0.00800000 0.05000000 -0.00100000
v 0.01000000 -0.05000000 0.00100000
v 0.01000000 -0.05000000 -0.00100000
v 0.01000000 -0.04800000 -0.00100000
v 0.01000000 -0.04800000 0.00100000
v 0.01000000 -0.04600000 -0.00100000
v 0.01000000 -0.04600000 0.00100000
v 0.01000000 -0.04400000 -0.00100000
v 0.01000000 -0.04400000 0.00100000
v 0.01000000 -0.04200000 -0.00100000
v 0.01000000 -0.04200000 0.00100000
v 0.01000000 -0.04000000 -0.00100000
v 0.01000000 -0.04000000 0.00100000
v 0.01000000 -0.03800000 -0.00100000
v 0.01000000 -0.03800000 0.00100000
v 0.01000000 -0.03600000 -0.00100000
v 0.01000000 -0.03600000 0.00100000
v 0.01000000 -0.03400000 -0.00100000
v 0.01000000 -0.03400000 0.00100000
v 0.01000000 -0.03200000 -0.00100000
v 0.01000000 -0.03200000 0.00100000
v 0.01000000 -0.03000000 -0.00100000
v 0.01000000 -0.03000000 0.00100000
v 0.01000000 -0.02800000 -0.00100000
v 0.01000000 -0.02800000 0.00100000
v 0.01000000 -0.02600000 -0.00100000
v 0.01000000 -0.02600000 0.00100000
v 0.01000000 -0.02400000 -0.00100000
v 0.01000000 -0.02400000 0.00100000
v 0.01000000 -0.02200000 -0.00100000
v 0.01000000 -0.02200000 0.00100000
v 0.01000000 -0.02000000 -0.00100000
v 0.01000000 -0.02000000 0.00100000
v 0.01000000 -0.01800000 -0.00100000
v 0.01000000 -0.01800000 0.00100000
v 0.01000000 -0.01600000 -0.00100000
v 0.01000000 -0.01600000 0.00100000
v 0.01000000 -0.01400000 -0.00100000
v 0.01000000 -0.01400000 0.00100000
v 0.01000000 -0.01200000 -0.00100000
v 0.01000000 -0.01200000 0.00100000
v 0.01000000 -0.01000000 -0.00100000
v 0.01000000 -0.01000000 0.00100000
v 0.01000000 -0.00800000 -0.00100000
v 0.01000000 -0.00800000 0.00100000
v 0.01000000 -0.00600000 -0.00100000
v 0.01000000 -0.00600000 0.00100000
v 0.01000000 -0.00400000 -0.00100000
v 0.01000000 -0.00400000 0.00100000
v 0.01000000 -0.00200000 -0.00100000
v 0.01000000 -0.00200000 0.00100000
v 0.01000000 0.00000000 -0.00100000
v 0.01000000 0.00000000 0.00100000
v 0.01000000 0.00200000 -0.00100000
v 0.01000000 0.00200000 0.00100000
v 0.01000000 0.00400000 -0.00100000
v 0.01000000 0.00400000 0.00100000
v 0.01000000 0.00600000 -0.00100000
v 0.01000000 0.00600000 0.00100000
v 0.01000000 0.00800000 -0.00100000
v 0.01000000 0.00800000 0.00100000
v 0.01000000 0.01000000 -0.00100000
v 0.01000000 0.01000000 0.00100000
v 0.01000000 0.01200000 -0.00100000
v 0.01000000 0.01200000 0.00100000
v 0.01000000 0.01400000 -0.00100000
v 0.01000000 0.01400000 0.00100000
v 0.01000000 0.01600000 -0.00100000
v 0.01000000 0.01600000 0.00100000
v 0.01000000 0.01800000 -0.00100000
v 0.01000000 0.01800000 0.00100000
v 0.01000000 0.02000000 -0.00100000
v 0.01000000 0.02000000 0.00100000
v 0.01000000 0.02200000 -0.00100000
v 0.01000000 0.02200000 0.00100000
v 0.01000000 0.02400000 -0.00100000
v 0.01000000 0.02400000 0.00100000
v 0.01000000 0.02600000 -0.00100000
v 0.01000000 0.02600000 0.00100000
v 0.01000000 0.02800000 -0.00100000
v 0.01000000 0.02800000 0.00100000
v 0.01000000 0.03000000 -0.00100000
v 0.01000000 0.03000000 0.00100000
v 0.01000000 0.03200000 -0.00100000
v 0.01000000 0.03200000 0.00100000
v 0.01000000 0.03400000 -0.00100000
v 0.01000000 0.03400000 0.00100000
v 0.01000000 0.03600000 -0.00100000
v 0.01000000 0.03600000 0.00100000
v 0.01000000 0.03800000 -0.00100000
v 0.01000000 0.03800000 0.00100000
v 0.01000000 0.04000000 -0.00100000
v 0.01000000 0.04000000 0.00100000
v 0.01000000 0.04200000 -0.00100000
v 0.01000000 0.04200000 0.00100000
v 0.01000000 0.04400000 -0.00100000
v 0.01000000 0.04400000 0.00100000
v 0.01000000 0.04600000 -0.00100000
v 0.01000000 0.04600000 0.00100000
v 0.01000000 0.04800000 -0.00100000
v 0.01000000 0.04800000 0.00100000
v 0.01000000 0.05000000 0.00100000
v 0.01000000 0.05000000 -0.00100000
v 0.01200000 -0.05000000 0.00100000
v 0.01200000 -0.05000000 -0.00100000
v 0.01200000 -0.04800000 -0.00100000
v 0.01200000 -0.04800000 0.00100000
v 0.01200000 -0.04600000 -0.00100000
v 0.01200000 -0.04600000 0.00100000
v 0.01200000 -0.04400000 -0.00100000
v 0.01200000 -0.04400000 0.00100000
v 0.01200000 -0.04200000 -0.00100000
v 0.01200000 -0.04200000 0.00100000
v 0.01200000 -0.04000000 -0.00100000
v 0.01200000 -0.04000000 0.00100000
v 0.01200000 -0.03800000 -0.00100000
v 0.01200000 -0.03800000 0.00100000
v 0.01200000 -0.03600000 -0.00100000
v 0.01200000 -0.03600000 0.00100000
v 0.01200000 -0.03400000 -0.00100000
v 0.01200000 -0.03400000 0.00100000
v 0.01200000 -0.03200000 -0.00100000
v 0.01200000 -0.03200000 0.00100000
v 0.01200000 -0.03000000 -0.00100000
v 0.01200000 -0.03000000 0.00100000
v 0.01200000 -0.02800000 -0.00100000
v 0.01200000 -0.02800000 0.00100000
v 0.01200000 -0.02600000 -0.00100000
v 0.01200000 -0.02600000 0.00100000
v 0.01200000 -0.02400000 -0.00100000
v 0.01200000 -0.02400000 0.00100000
v 0.01200000 -0.02200000 -0.00100000
v 0.01200000 -0.02200000 0.00100000
v 0.01200000 -0.02000000 -0.00100000
v 0.01200000 -0.02000000 0.00100000
v 0.01200000 -0.01800000 -0.00100000
v 0.01200000 -0.01800000 0.00100000
v 0.01200000 -0.01600000 -0.00100000
v 0.01200000 -0.01600000 0.00100000
v 0.01200000 -0.01400000 -0.00100000
v 0.01200000 -0.01400000 0.00100000
v 0.01200000 -0.01200000 -0.00100000
v 0.01200000 -0.01200000 0.00100000
v 0.01200000 -0.01000000 -0.00100000
v 0.01200000 -0.01000000 0.00100000
v 0.01200000 -0.00800000 -0.00100000
v 0.01200000 -0.00800000 0.00100000
v 0.01200000 -0.00600000 -0.00100000
v 0.01200000 -0.00600000 0.00100000
v 0.01200000 -0.00400000 -0.00100000
v 0.01200000 -0.00400000 0.00100000
v 0.01200000 -0.00200000 -0.00100000
v 0.01200000 -0.00200000 0.00100000
v 0.01200000 0.00000000 -0.00100000
v 0.01200000 0.00000000 0.00100000
v 0.01200000 0.00200000 -0.00100000
v 0.01200000 0.00200000 0.00100000
v 0.01200000 0.00400000 -0.00100000
v 0.01200000 0.00400000 0.00100000
v 0.01200000 0.00600000 -0.00100000
v 0.01200000 0.00600000 0.00100000
v 0.01200000 0.00800000 -0.00100000
v 0.01200000 0.00800000 0.00100000
v 0.01200000 0.01000000 -0.00100000
v 0.01200000 0.01000000 0.00100000
v 0.01200000 0.01200000 -0.00100000
v 0.01200000 0.01200000 0.00100000
v 0.01200000 0.01400000 -0.00100000
v 0.01200000 0.01400000 0.00100000
v 0.01200000 0.01600000 -0.00100000
v 0.01200000 0.01600000 0.00100000
v 0.01200000 0.01800000 -0.00100000
v 0.01200000 0.01800000 0.00100000
v 0.01200000 0.02000000 -0.00100000
v 0.01200000 0.02000000 0.00100000
v 0.01200000 0.02200000 -0.00100000
v 0.01200000 0.02200000 0.00100000
v 0.01200000 0.02400000 -0.00100000
v 0.01200000 0.02400000 0.00100000
v 0.01200000 0.02600000 -0.00100000
v 0.01200000 0.02600000 0.00100000
v 0.01200000 0.02800000 -0.00100000
v 0.01200000 0.02800000 0.00100000
v 0.01200000 0.03000000 -0.00100000
v 0.01200000 0.03000000 0.00100000
v 0.01200000 0.03200000 -0.00100000
v 0.01200000 0.03200000 0.00100000
v 0.01200000 0.03400000 -0.00100000
v 0.01200000 0.03400000 0.00100000
v 0.01200000 0.03600000 -0.00100000
v 0.01200000 0.03600000 0.00100000
v 0.01200000 0.03800000 -0.00100000
v 0.01200000 0.03800000 0.00100000
v 0.01200000 0.04000000 -0.00100000
v 0.01200000 0.04000000 0.00100000
v 0.01200000 0.04200000 -0.00100000
v 0.01200000 0.04200000 0.00100000
v 0.01200000 0.04400000 -0.00100000
v 0.01200000 0.04400000 0.00100000
v 0.01200000 0.04600000 -0.00100000
v 0.01200000 0.04600000 0.00100000
v 0.01200000 0.04800000 -0.00100000
v 0.01200000 0.04800000 0.00100000
v 0.01200000 0.05000000 0.00100000
v 0.01200000 0.05000000 -0.00100000
v 0.01400000 -0.05000000 0.00100000
v 0.01400000 -0.05000000 -0.00100000
v 0.01400000 -0.04800000 -0.00100000
v 0.01400000 -0.04800000 0.00100000
v 0.01400000 -0.04600000 -0.00100000
v 0.01400000 -0.04600000 0.00100000
v 0.01400000 -0.04400000 -0.00100000
v 0.01400000 -0.04400000 0.00100000
v 0.01400000 -0.04200000 -0.00100000
v 0.01400000 -0.04200000 0.00100000
v 0.01400000 -0.04000000 -0.00100000
v 0.01400000 -0.04000000 0.00100000
v 0.01400000 -0.03800000 -0.00100000
v 0.01400000 -0.03800000 0.00100000
v 0.01400000 -0.03600000 -0.00100000
v 0.01400000 -0.03600000 0.00100000
v 0.01400000 -0.03400000 -0.00100000
v 0.01400000 -0.03400000 0.00100000
v 0.01400000 -0.03200000 -0.00100000
v 0.01400000 -0.03200000 0.00100000
v 0.01400000 -0.03000000 -0.00100000
v 0.01400000 -0.03000000 0.00100000
v 0.01400000 -0.02800000 -0.00100000
v 0.01400000 -0.02800000 0.00100000
v 0.01400000 -0.02600000 -0.00100000
v 0.01400000 -0.02600000 0.00100000
v 0.01400000 -0.02400000 -0.00100000
v 0.01400000 -0.02400000 0.00100000
v 0.01400000 -0.02200000 -0.00100000
v 0.01400000 -0.02200000 0.00100000
v 0.01400000 -0.02000000 -0.00100000
v 0.01400000 -0.02000000 0.00100000
v 0.01400000 -0.01800000 -0.00100000
v 0.01400000 -0.01800000 0.00100000
v 0.01400000 -0.01600000 -0.00100000
v 0.01400000 -0.01600000 0.00100000
v 0.01400000 -0.01400000 -0.00100000
v 0.01400000 -0.01400000 0.00100000
v 0.01400000 -0.01200000 -0.00100000
v 0.01400000 -0.01200000 0.00100000
v 0.01400000 -0.01000000 -0.00100000
v 0.01400000 -0.01000000 0.00100000
v 0.01400000 -0.00800000 -0.00100000
v 0.01400000 -0.00800000 0.00100000
v 0.01400000 -0.00600000 -0.00100000
v 0.01400000 -0.00600000 0.00100000
v 0.01400000 -0.00400000 -0.00100000
v 0.01400000 -0.00400000 0.00100000
v 0.01400000 -0.00200000 -0.00100000
v 0.01400000 -0.00200000 0.00100000
v 0.01400000 0.00000000 -0.00100000
v 0.01400000 0.00000000 0.00100000
v 0.01400000 0.00200000 -0.00100000
v 0.01400000 0.00200000 0.00100000
v 0.01400000 0.00400000 -0.00100000
v 0.01400000 0.00400000 0.00100000
v 0.01400000 0.00600000 -0.00100000
v 0.01400000 0.00600000 0.00100000
v 0.01400000 0.00800000 -0.00100000
v 0.01400000 0.00800000 0.00100000
v 0.01400000 0.01000000 -0.00100000
v 0.01400000 0.01000000 0.00100000
v 0.01400000 0.01200000 -0.00100000
v 0.01400000 0.01200000 0.00100000
v 0.01400000 0.01400000 -0.00100000
v 0.01400000 0.01400000 0.00100000
v 0.01400000 0.01600000 -0.00100000
v 0.01400000 0.01600000 0.00100000
v 0.01400000 0.01800000 -0.00100000
v 0.01400000 0.01800000 0.00100000
v 0.01400000 0.02000000 -0.00100000
v 0.01400000 0.02000000 0.00100000
v 0.01400000 0.02200000 -0.00100000
v 0.01400000 0.02200000 0.00100000
v 0.01400000 0.02400000 -0.00100000
v 0.01400000 0.02400000 0.00100000
v 0.01400000 0.02600000 -0.00100000
v 0.01400000 0.02600000 0.00100000
v 0.01400000 0.02800000 -0.00100000
v 0.01400000 0.02800000 0.00100000
v 0.01400000 0.03000000 -0.00100000
v 0.01400000 0.03000000 0.00100000
v 0.01400000 0.03200000 -0.00100000
v 0.01400000 0.03200000 0.00100000
v 0.01400000 0.03400000 -0.00100000
v 0.01400000 0.03400000 0.00100000
v 0.01400000 0.03600000 -0.00100000
v 0.01400000 0.03600000 0.00100000
v 0.01400000 0.03800000 -0.00100000
v 0.01400000 0.03800000 0.00100000
v 0.01400000 0.04000000 -0.00100000
v 0.01400000 0.04000000 0.00100000
v 0.01400000 0.04200000 -0.00100000
v 0.01400000 0.04200000 0.00100000
v 0.01400000 0.04400000 -0.00100000
v 0.01400000 0.04400000 0.00100000
v 0.01400000 0.04600000 -0.00100000
v 0.01400000 0.04600000 0.00100000
v 0.01400000 0.04800000 -0.00100000
v 0.01400000 0.04800000 0.00100000
v 0.01400000 0.05000000 0.00100000
v 0.01400000 0.05000000 -0.00100000
v 0.01600000 -0.05000000 0.00100000
v 0.01600000 -0.05000000 -0.00100000
v 0.01600000 -0.04800000 -0.00100000
v 0.01600000 -0.04800000 0.00100000
v 0.01600000 -0.04600000 -0.00100000
v 0.01600000 -0.04600000 0.00100000
v 0.01600000 -0.04400000 -0.00100000
v 0.01600000 -0.04400000 0.00100000
v 0.01600000 -0.04200000 -0.00100000
v 0.01600000 -0.04200000 0.00100000
v 0.01600000 -0.04000000 -0.00100000
v 0.01600000 -0.04000000 0.00100000
v 0.01600000 -0.03800000 -0.00100000
v 0.01600000 -0.03800000 0.00100000
v 0.01600000 -0.03600000 -0.00100000
v 0.01600000 -0.03600000 0.00100000
v 0.01600000 -0.03400000 -0.00100000
v 0.01600000 -0.03400000 0.00100000
v 0.01600000 -0.03200000 -0.00100000
v 0.01600000 -0.03200000 0.00100000
v 0.01600000 -0.03000000 -0.00100000
v 0.01600000 -0.03000000 0.00100000
v 0.01600000 -0.02800000 -0.00100000
v 0.01600000 -0.02800000 0.00100000
v 0.01600000 -0.02600000 -0.00100000
v 0.01600000 -0.02600000 0.00100000
v 0.01600000 -0.02400000 -0.00100000
v 0.01600000 -0.02400000 0.00100000
v 0.01600000 -0.02200000 -0.00100000
v 0.01600000 -0.02200000 0.00100000
v 0.01600000 -0.02000000 -0.00100000
v 0.01600000 -0.02000000 0.00100000
v 0.01600000 -0.01800000 -0.00100000
v 0.01600000 -0.01800000 0.00100000
v 0.01600000 -0.01600000 -0.00100000
v 0.01600000 -0.01600000 0.00100000
v 0.01600000 -0.01400000 -0.00100000
v 0.01600000 -0.01400000 0.00100000
v 0.01600000 -0.01200000 -0.00100000
v 0.01600000 -0.01200000 0.00100000
v 0.01600000 -0.01000000 -0.00100000
v 0.01600000 -0.01000000 0.00100000
v 0.01600000 -0.00800000 -0.00100000
v 0.01600000 -0.00800000 0.00100000
v 0.01600000 -0.00600000 -0.00100000
v 0.01600000 -0.00600000 0.00100000
v 0.01600000 -0.00400000 -0.00100000
v 0.01600000 -0.00400000 0.00100000
v 0.01600000 -0.00200000 -0.00100000
v 0.01600000 -0.00200000 0.00100000
v 0.01600000 0.00000000 -0.00100000
v 0.01600000 0.00000000 0.00100000
v 0.01600000 0.00200000 -0.00100000
v 0.01600000 0.00200000 0.00100000
v 0.01600000 0.00400000 -0.00100000
v 0.01600000 0.00400000 0.00100000
v 0.01600000 0.00600000 -0.00100000
v 0.01600000 0.00600000 0.00100000
v 0.01600000 0.00800000 -0.00100000
v 0.01600000 0.00800000 0.00100000
v 0.01600000 0.01000000 -0.00100000
v 0.01600000 0.01000000 0.00100000
v 0.01600000 0.01200000 -0.00100000
v 0.01600000 0.01200000 0.00100000
v 0.01600000 0.01400000 -0.00100000
v 0.01600000 0.01400000 0.00100000
v 0.01600000 0.01600000 -0.00100000
v 0.01600000 0.01600000 0.00100000
v 0.01600000 0.01800000 -0.00100000
v 0.01600000 0.01800000 0.00100000
v 0.01600000 0.02000000 -0.00100000
v 0.01600000 0.02000000 0.00100000
v 0.01600000 0.02200000 -0.00100000
v 0.01600000 0.02200000 0.00100000
v 0.01600000 0.02400000 -0.00100000
v 0.01600000 0.02400000 0.00100000
v 0.01600000 0.02600000 -0.00100000
v 0.01600000 0.02600000 0.00100000
v 0.01600000 0.02800000 -0.00100000
v 0.01600000 0.02800000 0.00100000
v 0.01600000 0.03000000 -0.00100000
v 0.01600000 0.03000000 0.00100000
v 0.01600000 0.03200000 -0.00100000
v 0.01600000 0.03200000 0.00100000
v 0.01600000 0.03400000 -0.00100000
v 0.01600000 0.03400000 0.00100000
v 0.01600000 0.03600000 -0.00100000
v 0.01600000 0.03600000 0.00100000
v 0.01600000 0.03800000 -0.00100000
v 0.01600000 0.03800000 0.00100000
v 0.01600000 0.04000000 -0.00100000
v 0.01600000 0.04000000 0.00100000
v 0.01600000 0.04200000 -0.00100000
v 0.01600000 0.04200000 0.00100000
v 0.01600000 0.04400000 -0.00100000
v 0.01600000 0.04400000 0.00100000
v 0.01600000 0.04600000 -0.00100000
v 0.01600000 0.04600000 0.00100000
v 0.01600000 0.04800000 -0.00100000
v 0.01600000 0.04800000 0.00100000
v 0.01600000 0.05000000 0.00100000
v 0.01600000 0.05000000 -0.00100000
v 0.01800000 -0.05000000 0.00100000
v 0.01800000 -0.05000000 -0.00100000
v 0.01800000 -0.04800000 -0.00100000
v 0.01800000 -0.04800000 0.00100000
v 0.01800000 -0.04600000 -0.00100000
v 0.01800000 -0.04600000 0.00100000
v 0.01800000 -0.04400000 -0.00100000
v 0.01800000 -0.04400000 0.00100000
v 0.01800000 -0.04200000 -0.00100000
v 0.01800000 -0.04200000 0.00100000
v 0.01800000 -0.04000000 -0.00100000
v 0.01800000 -0.04000000 0.00100000
v 0.01800000 -0.03800000 -0.00100000
v 0.01800000 -0.03800000 0.00100000
v 0.01800000 -0.03600000 -0.00100000
v 0.01800000 -0.03600000 0.00100000
v 0.01800000 -0.03400000 -0.00100000
v 0.01800000 -0.03400000 0.00100000
v 0.01800000 -0.03200000 -0.00100000
v 0.01800000 -0.03200000 0.00100000
v 0.01800000 -0.03000000 -0.00100000
v 0.01800000 -0.03000000 0.00100000
v 0.01800000 -0.02800000 -0.00100000
v 0.01800000 -0.02800000 0.00100000
v 0.01800000 -0.02600000 -0.00100000
v 0.01800000 -0.02600000 0.00100000
v 0.01800000 -0.02400000 -0.00100000
v 0.01800000 -0.02400000 0.00100000
v 0.01800000 -0.02200000 -0.00100000
v 0.01800000 -0.02200000 0.00100000
v 0.01800000 -0.02000000 -0.00100000
v 0.01800000 -0.02000000 0.00100000
v 0.01800000 -0.01800000 -0.00100000
v 0.01800000 -0.01800000 0.00100000
v 0.01800000 -0.01600000 -0.00100000
v 0.01800000 -0.01600000 0.00100000
v 0.01800000 -0.01400000 -0.00100000
v 0.01800000 -0.01400000 0.00100000
v 0.01800000 -0.01200000 -0.00100000
v 0.01800000 -0.01200000 0.00100000
v 0.01800000 -0.01000000 -0.00100000
v 0.01800000 -0.01000000 0.00100000
v 0.01800000 -0.00800000 -0.00100000
v 0.01800000 -0.00800000 0.00100000
v 0.01800000 -0.00600000 -0.00100000
v 0.01800000 -0.00600000 0.00100000
v 0.01800000 -0.00400000 -0.00100000
v 0.01800000 -0.00400000 0.00100000
v 0.01800000 -0.00200000 -0.00100000
v 0.01800000 -0.00200000 0.00100000
v 0.01800000 0.00000000 -0.00100000
v 0.01800000 0.00000000 0.00100000
v 0.01800000 0.00200000 -0.00100000
v 0.01800000 0.00200000 0.00100000
v 0.01800000 0.00400000 -0.00100000
v 0.01800000 0.00400000 0.00100000
v 0.01800000 0.00600000 -0.00100000
v 0.01800000 0.00600000 0.00100000
v 0.01800000 0.00800000 -0.00100000
v 0.01800000 0.00800000 0.00100000
v 0.01800000 0.01000000 -0.00100000
v 0.01800000 0.01000000 0.00100000
v 0.01800000 0.01200000 -0.00100000
v 0.01800000 0.01200000 0.00100000
v 0.01800000 0.01400000 -0.00100000
v 0.01800000 0.01400000 0.00100000
v 0.01800000 0.01600000 -0.00100000
v 0.01800000 0.01600000 0.00100000
v 0.01800000 0.01800000 -0.00100000
v 0.01800000 0.01800000 0.00100000
v 0.01800000 0.02000000 -0.00100000
v 0.01800000 0.02000000 0.00100000
v 0.01800000 0.02200000 -0.00100000
v 0.01800000 0.02200000 0.00100000
v 0.01800000 0.02400000 -0.00100000
v 0.01800000 0.02400000 0.00100000
v 0.01800000 0.02600000 -0.00100000
v 0.01800000 0.02600000 0.00100000
v 0.01800000 0.02800000 -0.00100000
v 0.01800000 0.02800000 0.00100000
v 0.01800000 0.03000000 -0.00100000
v 0.01800000 0.03000000 0.00100000
v 0.01800000 0.03200000 -0.00100000
v 0.01800000 0.03200000 0.00100000
v 0.01800000 0.03400000 -0.00100000
v 0.01800000 0.03400000 0.00100000
v 0.01800000 0.03600000 -0.00100000
v 0.01800000 0.03600000 0.00100000
v 0.01800000 0.03800000 -0.00100000
v 0.01800000 0.03800000 0.00100000
v 0.01800000 0.04000000 -0.00100000
v 0.01800000 0.04000000 0.00100000
v 0.01800000 0.04200000 -0.00100000
v 0.01800000 0.04200000 0.00100000
v 0.01800000 0.04400000 -0.00100000
v 0.01800000 0.04400000 0.00100000
v 0.01800000 0.04600000 -0.00100000
v 0.01800000 0.04600000 0.00100000
v 0.01800000 0.04800000 -0.00100000
v 0.01800000 0.04800000 0.00100000
v 0.01800000 0.05000000 0.00100000
v 0.01800000 0.05000000 -0.00100000
v 0.02000000 -0.05000000 0.00100000
v 0.02000000 -0.05000000 -0.00100000
v 0.02000000 -0.04800000 -0.00100000
v 0.02000000 -0.04800000 0.00100000
v 0.02000000 -0.04600000 -0.00100000
v 0.02000000 -0.04600000 0.00100000
v 0.02000000 -0.04400000 -0.00100000
v 0.02000000 -0.04400000 0.00100000
v 0.02000000 -0.04200000 -0.00100000
v 0.02000000 -0.04200000 0.00100000
v 0.02000000 -0.04000000 -0.00100000
v 0.02000000 -0.04000000 0.00100000
v 0.02000000 -0.03800000 -0.00100000
v 0.02000000 -0.03800000 0.00100000
v 0.02000000 -0.03600000 -0.00100000
v 0.02000000 -0.03600000 0.00100000
v 0.02000000 -0.03400000 -0.00100000
v 0.02000000 -0.03400000 0.00100000
v 0.02000000 -0.03200000 -0.00100000
v 0.02000000 -0.03200000 0.00100000
v 0.02000000 -0.03000000 -0.00100000
v 0.02000000 -0.03000000 0.00100000
v 0.02000000 -0.02800000 -0.00100000
v 0.02000000 -0.02800000 0.00100000
v 0.02000000 -0.02600000 -0.00100000
v 0.02000000 -0.02600000 0.00100000
v 0.02000000 -0.02400000 -0.00100000
v 0.02000000 -0.02400000 0.00100000
v 0.02000000 -0.02200000 -0.00100000
v 0.02000000 -0.02200000 0.00100000
v 0.02000000 -0.02000000 -0.00100000
v 0.02000000 -0.02000000 0.00100000
v 0.02000000 -0.01800000 -0.00100000
v 0.02000000 -0.01800000 0.00100000
v 0.02000000 -0.01600000 -0.00100000
v 0.02000000 -0.01600000 0.00100000
v 0.02000000 -0.01400000 -0.00100000
v 0.02000000 -0.01400000 0.00100000
v 0.02000000 -0.01200000 -0.00100000
v 0.02000000 -0.01200000 0.00100000
v 0.02000000 -0.01000000 -0.00100000
v 0.02000000 -0.01000000 0.00100000
v 0.02000000 -0.00800000 -0.00100000
v 0.02000000 -0.00800000 0.00100000
v 0.02000000 -0.00600000 -0.00100000
v 0.02000000 -0.00600000 0.00100000
v 0.02000000 -0.00400000 -0.00100000
v 0.02000000 -0.00400000 0.00100000
v 0.02000000 -0.00200000 -0.00100000
v 0.02000000 -0.00200000 0.00100000
v 0.02000000 0.00000000 -0.00100000
v 0.02000000 0.00000000 0.00100000
v 0.02000000 0.00200000 -0.00100000
v 0.02000000 0.00200000 0.00100000
v 0.02000000 0.00400000 -0.00100000
v 0.02000000 0.00400000 0.00100000
v 0.02000000 0.00600000 -0.00100000
v 0.02000000 0.00600000 0.00100000
v 0.02000000 0.00800000 -0.00100000
v 0.02000000 0.00800000 0.00100000
v 0.02000000 0.01000000 -0.00100000
v 0.02000000 0.01000000 0.00100000
v 0.02000000 0.01200000 -0.00100000
v 0.02000000 0.01200000 0.00100000
v 0.02000000 0.01400000 -0.00100000
v 0.02000000 0.01400000 0.00100000
v 0.02000000 0.01600000 -0.00100000
v 0.02000000 0.01600000 0.00100000
v 0.02000000 0.01800000 -0.00100000
v 0.02000000 0.01800000 0.00100000
v 0.02000000 0.02000000 -0.00100000
v 0.02000000 0.02000000 0.00100000
v 0.02000000 0.02200000 -0.00100000
v 0.02000000 0.02200000 0.00100000
v 0.02000000 0.02400000 -0.00100000
v 0.02000000 0.02400000 0.00100000
v 0.02000000 0.02600000 -0.00100000
v 0.02000000 0.02600000 0.00100000
v 0.02000000 0.02800000 -0.00100000
v 0.02000000 0.02800000 0.00100000
v 0.02000000 0.03000000 -0.00100000
v 0.02000000 0.03000000 0.00100000
v 0.02000000 0.03200000 -0.00100000
v 0.02000000 0.03200000 0.00100000
v 0.02000000 0.03400000 -0.00100000
v 0.02000000 0.03400000 0.00100000
v 0.02000000 0.03600000 -0.00100000
v 0.02000000 0.03600000 0.00100000
v 0.02000000 0.03800000 -0.00100000
v 0.02000000 0.03800000 0.00100000
v 0.02000000 0.04000000 -0.00100000
v 0.02000000 0.04000000 0.00100000
v 0.02000000 0.04200000 -0.00100000
v 0.02000000 0.04200000 0.00100000
v 0.02000000 0.04400000 -0.00100000
v 0.02000000 0.04400000 0.00100000
v 0.02000000 0.04600000 -0.00100000
v 0.02000000 0.04600000 0.00100000
v 0.02000000 0.04800000 -0.00100000
v 0.02000000 0.04800000 0.00100000
v 0.02000000 0.05000000 0.00100000
v 0.02000000 0.05000000 -0.00100000
v 0.02200000 -0.05000000 0.00100000
v 0.02200000 -0.05000000 -0.00100000
v 0.02200000 -0.04800000 -0.00100000
v 0.02200000 -0.04800000 0.00100000
v 0.02200000 -0.04600000 -0.00100000
v 0.02200000 -0.04600000 0.00100000
v 0.02200000 -0.04400000 -0.00100000
v 0.02200000 -0.04400000 0.00100000
v 0.02200000 -0.04200000 -0.00100000
v 0.02200000 -0.04200000 0.00100000
v 0.02200000 -0.04000000 -0.00100000
v 0.02200000 -0.04000000 0.00100000
v 0.02200000 -0.03800000 -0.00100000
v 0.02200000 -0.03800000 0.00100000
v 0.02200000 -0.03600000 -0.00100000
v 0.02200000 -0.03600000 0.00100000
v 0.02200000 -0.03400000 -0.00100000
v 0.02200000 -0.03400000 0.00100000
v 0.02200000 -0.03200000 -0.00100000
v 0.02200000 -0.03200000 0.00100000
v 0.02200000 -0.03000000 -0.00100000
v 0.02200000 -0.03000000 0.00100000
v 0.02200000 -0.02800000 -0.00100000
v 0.02200000 -0.02800000 0.00100000
v 0.02200000 -0.02600000 -0.00100000
v 0.02200000 -0.02600000 0.00100000
v 0.02200000 -0.02400000 -0.00100000
v 0.02200000 -0.02400000 0.00100000
v 0.02200000 -0.02200000 -0.00100000
v 0.02200000 -0.02200000 0.00100000
v 0.02200000 -0.02000000 -0.00100000
v 0.02200000 -0.02000000 0.00100000
v 0.02200000 -0.01800000 -0.00100000
v 0.02200000 -0.01800000 0.00100000
v 0.02200000 -0.01600000 -0.00100000
v 0.02200000 -0.01600000 0.00100000
v 0.02200000 -0.01400000 -0.00100000
v 0.02200000 -0.01400000 0.00100000
v 0.02200000 -0.01200000 -0.00100000
v 0.02200000 -0.01200000 0.00100000
v 0.02200000 -0.01000000 -0.00100000
v 0.02200000 -0.01000000 0.00100000
v 0.02200000 -0.00800000 -0.00100000
v 0.02200000 -0.00800000 0.00100000
v 0.02200000 -0.00600000 -0.00100000
v 0.02200000 -0.00600000 0.00100000
v 0.02200000 -0.00400000 -0.00100000
v 0.02200000 -0.00400000 0.00100000
v 0.02200000 -0.00200000 -0.00100000
v 0.02200000 -0.00200000 0.00100000
v 0.02200000 0.00000000 -0.00100000
v 0.02200000 0.00000000 0.00100000
v 0.02200000 0.00200000 -0.00100000
v 0.02200000 0.00200000 0.00100000
v 0.02200000 0.00400000 -0.00100000
v 0.02200000 0.00400000 0.00100000
v 0.02200000 0.00600000 -0.00100000
v 0.02200000 0.00600000 0.00100000
v 0.02200000 0.00800000 -0.00100000
v 0.02200000 0.00800000 0.00100000
v 0.02200000 0.01000000 -0.00100000
v 0.02200000 0.01000000 0.00100000
v 0.02200000 0.01200000 -0.00100000
v 0.02200000 0.01200000 0.00100000
v 0.02200000 0.01400000 -0.00100000
v 0.02200000 0.01400000 0.00100000
v 0.02200000 0.01600000 -0.00100000
v 0.02200000 0.01600000 0.00100000
v 0.02200000 0.01800000 -0.00100000
v 0.02200000 0.01800000 0.00100000
v 0.02200000 0.02000000 -0.00100000
v 0.02200000 0.02000000 0.00100000
v 0.02200000 0.02200000 -0.00100000
v 0.02200000 0.02200000 0.00100000
v 0.02200000 0.02400000 -0.00100000
v 0.02200000 0.02400000 0.00100000
v 0.02200000 0.02600000 -0.00100000
v 0.02200000 0.02600000 0.00100000
v 0.02200000 0.02800000 -0.00100000
v 0.02200000 0.02800000 0.00100000
v 0.02200000 0.03000000 -0.00100000
v 0.02200000 0.03000000 0.00100000
v 0.02200000 0.03200000 -0.00100000
v 0.02200000 0.03200000 0.00100000
v 0.02200000 0.03400000 -0.00100000
v 0.02200000 0.03400000 0.00100000
v 0.02200000 0.03600000 -0.00100000
v 0.02200000 0.03600000 0.00100000
v 0.02200000 0.03800000 -0.00100000
v 0.02200000 0.03800000 0.00100000
v 0.02200000 0.04000000 -0.00100000
v 0.02200000 0.04000000 0.00100000
v 0.02200000 0.04200000 -0.00100000
v 0.02200000 0.04200000 0.00100000
v 0.02200000 0.04400000 -0.00100000
v 0.02200000 0.04400000 0.00100000
v 0.02200000 0.04600000 -0.00100000
v 0.02200000 0.04600000 0.00100000
v 0.02200000 0.04800000 -0.00100000
v 0.02200000 0.04800000 0.00100000
v 0.02200000 0.05000000 0.00100000
v 0.02200000 0.05000000 -0.00100000
v 0.02400000 -0.05000000 0.00100000
v 0.02400000 -0.05000000 -0.00100000
v 0.02400000 -0.04800000 -0.00100000
v 0.02400000 -0.04800000 0.00100000
v 0.02400000 -0.04600000 -0.00100000
v 0.02400000 -0.04600000 0.00100000
v 0.02400000 -0.04400000 -0.00100000
v 0.02400000 -0.04400000 0.00100000
v 0.02400000 -0.04200000 -0.00100000
v 0.02400000 -0.04200000 0.00100000
v 0.02400000 -0.04000000 -0.00100000
v 0.02400000 -0.04000000 0.00100000
v 0.02400000 -0.03800000 -0.00100000
v 0.02400000 -0.03800000 0.00100000
v 0.02400000 -0.03600000 -0.00100000
v 0.02400000 -0.03600000 0.00100000
v 0.02400000 -0.03400000 -0.00100000
v 0.02400000 -0.03400000 0.00100000
v 0.02400000 -0.03200000 -0.00100000
v 0.02400000 -0.03200000 0.00100000
v 0.02400000 -0.03000000 -0.00100000
v 0.02400000 -0.03000000 0.00100000
v 0.02400000 -0.02800000 -0.00100000
v 0.02400000 -0.02800000 0.00100000
v 0.02400000 -0.02600000 -0.00100000
v 0.02400000 -0.02600000 0.00100000
v 0.02400000 -0.02400000 -0.00100000
v 0.02400000 -0.02400000 0.00100000
v 0.02400000 -0.02200000 -0.00100000
v 0.02400000 -0.02200000 0.00100000
v 0.02400000 -0.02000000 -0.00100000
v 0.02400000 -0.02000000 0.00100000
v 0.02400000 -0.01800000 -0.00100000
v 0.02400000 -0.01800000 0.00100000
v 0.02400000 -0.01600000 -0.00100000
v 0.02400000 -0.01600000 0.00100000
v 0.02400000 -0.01400000 -0.00100000
v 0.02400000 -0.01400000 0.00100000
v 0.02400000 -0.01200000 -0.00100000
v 0.02400000 -0.01200000 0.00100000
v 0.02400000 -0.01000000 -0.00100000
v 0.02400000 -0.01000000 0.00100000
v 0.02400000 -0.00800000 -0.00100000
v 0.02400000 -0.00800000 0.00100000
v 0.02400000 -0.00600000 -0.00100000
v 0.02400000 -0.00600000 0.00100000
v 0.02400000 -0.00400000 -0.00100000
v 0.02400000 -0.00400000 0.00100000
v 0.02400000 -0.00200000 -0.00100000
v 0.02400000 -0.00200000 0.00100000
v 0.02400000 0.00000000 -0.00100000
v 0.02400000 0.00000000 0.00100000
v 0.02400000 0.00200000 -0.00100000
v 0.02400000 0.00200000 0.00100000
v 0.02400000 0.00400000 -0.00100000
v 0.02400000 0.00400000 0.00100000
v 0.02400000 0.00600000 -0.00100000
v 0.02400000 0.00600000 0.00100000
v 0.02400000 0.00800000 -0.00100000
v 0.02400000 0.00800000 0.00100000
v 0.02400000 0.01000000 -0.00100000
v 0.02400000 0.01000000 0.00100000
v 0.02400000 0.01200000 -0.00100000
v 0.02400000 0.01200000 0.00100000
v 0.02400000 0.01400000 -0.00100000
v 0.02400000 0.01400000 0.00100000
v 0.02400000 0.01600000 -0.00100000
v 0.02400000 0.01600000 0.00100000
v 0.02400000 0.01800000 -0.00100000
v 0.02400000 0.01800000 0.00100000
v 0.02400000 0.02000000 -0.00100000
v 0.02400000 0.02000000 0.00100000
v 0.02400000 0.02200000 -0.00100000
v 0.02400000 0.02200000 0.00100000
v 0.02400000 0.02400000 -0.00100000
v 0.02400000 0.02400000 0.00100000
v 0.02400000 0.02600000 -0.00100000
v 0.02400000 0.02600000 0.00100000
v 0.02400000 0.02800000 -0.00100000
v 0.02400000 0.02800000 0.00100000
v 0.02400000 0.03000000 -0.00100000
v 0.02400000 0.03000000 0.00100000
v 0.02400000 0.03200000 -0.00100000
v 0.02400000 0.03200000 0.00100000
v 0.02400000 0.03400000 -0.00100000
v 0.02400000 0.03400000 0.00100000
v 0.02400000 0.03600000 -0.00100000
v 0.02400000 0.03600000 0.00100000
v 0.02400000 0.03800000 -0.00100000
v 0.02400000 0.03800000 0.00100000
v 0.02400000 0.04000000 -0.00100000
v 0.02400000 0.04000000 0.00100000
v 0.02400000 0.04200000 -0.00100000
v 0.02400000 0.04200000 0.00100000
v 0.02400000 0.04400000 -0.00100000
v 0.02400000 0.04400000 0.00100000
v 0.02400000 0.04600000 -0.00100000
v 0.02400000 0.04600000 0.00100000
v 0.02400000 0.04800000 -0.00100000
v 0.02400000 0.04800000 0.00100000
v 0.02400000 0.05000000 0.00100000
v 0.02400000 0.05000000 -0.00100000
v 0.02600000 -0.05000000 0.00100000
v 0.02600000 -0.05000000 -0.00100000
v 0.02600000 -0.04800000 -0.00100000
v 0.02600000 -0.04800000 0.00100000
v 0.02600000 -0.04600000 -0.00100000
v 0.02600000 -0.04600000 0.00100000
v 0.02600000 -0.04400000 -0.00100000
v 0.02600000 -0.04400000 0.00100000
v 0.02600000 -0.04200000 -0.00100000
v 0.02600000 -0.04200000 0.00100000
v 0.02600000 -0.04000000 -0.00100000
v 0.02600000 -0.04000000 0.00100000
v 0.02600000 -0.03800000 -0.00100000
v 0.02600000 -0.03800000 0.00100000
v 0.02600000 -0.03600000 -0.00100000
v 0.02600000 -0.03600000 0.00100000
v 0.02600000 -0.03400000 -0.00100000
v 0.02600000 -0.03400000 0.00100000
v 0.02600000 -0.03200000 -0.00100000
v 0.02600000 -0.03200000 0.00100000
v 0.02600000 -0.03000000 -0.00100000
v 0.02600000 -0.03000000 0.00100000
v 0.02600000 -0.02800000 -0.00100000
v 0.02600000 -0.02800000 0.00100000
v 0.02600000 -0.02600000 -0.00100000
v 0.02600000 -0.02600000 0.00100000
v 0.02600000 -0.02400000 -0.00100000
v 0.02600000 -0.02400000 0.00100000
v 0.02600000 -0.02200000 -0.00100000
v 0.02600000 -0.02200000 0.00100000
v 0.02600000 -0.02000000 -0.00100000
v 0.02600000 -0.02000000 0.00100000
v 0.02600000 -0.01800000 -0.00100000
v 0.02600000 -0.01800000 0.00100000
v 0.02600000 -0.01600000 -0.00100000
v 0.02600000 -0.01600000 0.00100000
v 0.02600000 -0.01400000 -0.00100000
v 0.02600000 -0.01400000 0.00100000
v 0.02600000 -0.01200000 -0.00100000
v 0.02600000 -0.01200000 0.00100000
v 0.02600000 -0.01000000 -0.00100000
v 0.02600000 -0.01000000 0.00100000
v 0.02600000 -0.00800000 -0.00100000
v 0.02600000 -0.00800000 0.00100000
v 0.02600000 -0.00600000 -0.00100000
v 0.02600000 -0.00600000 0.00100000
v 0.02600000 -0.00400000 -0.00100000
v 0.02600000 -0.00400000 0.00100000
v 0.02600000 -0.00200000 -0.00100000
v 0.02600000 -0.00200000 0.00100000
v 0.02600000 0.00000000 -0.00100000
v 0.02600000 0.00000000 0.00100000
v 0.02600000 0.00200000 -0.00100000
v 0.02600000 0.00200000 0.00100000
v 0.02600000 0.00400000 -0.00100000
v 0.02600000 0.00400000 0.00100000
v 0.02600000 0.00600000 -0.00100000
v 0.02600000 0.00600000 0.00100000
v 0.02600000 0.00800000 -0.00100000
v 0.02600000 0.00800000 0.00100000
v 0.02600000 0.01000000 -0.00100000
v 0.02600000 0.01000000 0.00100000
v 0.02600000 0.01200000 -0.00100000
v 0.02600000 0.01200000 0.00100000
v 0.02600000 0.01400000 -0.00100000
v 0.02600000 0.01400000 0.00100000
v 0.02600000 0.01600000 -0.00100000
v 0.02600000 0.01600000 0.00100000
v 0.02600000 0.01800000 -0.00100000
v 0.02600000 0.01800000 0.00100000
v 0.02600000 0.02000000 -0.00100000
v 0.02600000 0.02000000 0.00100000
v 0.02600000 0.02200000 -0.00100000
v 0.02600000 0.02200000 0.00100000
v 0.02600000 0.02400000 -0.00100000
v 0.02600000 0.02400000 0.00100000
v 0.02600000 0.02600000 -0.00100000
v 0.02600000 0.02600000 0.00100000
v 0.02600000 0.02800000 -0.00100000
v 0.02600000 0.02800000 0.00100000
v 0.02600000 0.03000000 -0.00100000
v 0.02600000 0.03000000 0.00100000
v 0.02600000 0.03200000 -0.00100000
v 0.02600000 0.03200000 0.00100000
v 0.02600000 0.03400000 -0.00100000
v 0.02600000 0.03400000 0.00100000
v 0.02600000 0.03600000 -0.00100000
v 0.02600000 0.03600000 0.00100000
v 0.02600000 0.03800000 -0.00100000
v 0.02600000 0.03800000 0.00100000
v 0.02600000 0.04000000 -0.00100000
v 0.02600000 0.04000000 0.00100000
v 0.02600000 0.04200000 -0.00100000
v 0.02600000 0.04200000 0.00100000
v 0.02600000 0.04400000 -0.00100000
v 0.02600000 0.04400000 0.00100000
v 0.02600000 0.04600000 -0.00100000
v 0.02600000 0.04600000 0.00100000
v 0.02600000 0.04800000 -0.00100000
v 0.02600000 0.04800000 0.00100000
v 0.02600000 0.05000000 0.00100000
v 0.02600000 0.05000000 -0.00100000
v 0.02800000 -0.05000000 0.00100000
v 0.02800000 -0.05000000 -0.00100000
v 0.02800000 -0.04800000 -0.00100000
v 0.02800000 -0.04800000 0.00100000
v 0.02800000 -0.04600000 -0.00100000
v 0.02800000 -0.04600000 0.00100000
v 0.02800000 -0.04400000 -0.00100000
v 0.02800000 -0.04400000 0.00100000
v 0.02800000 -0.04200000 -0.00100000
v 0.02800000 -0.04200000 0.00100000
v 0.02800000 -0.04000000 -0.00100000
v 0.02800000 -0.04000000 0.00100000
v 0.02800000 -0.03800000 -0.00100000
v 0.02800000 -0.03800000 0.00100000
v 0.02800000 -0.03600000 -0.00100000
v 0.02800000 -0.03600000 0.00100000
v 0.02800000 -0.03400000 -0.00100000
v 0.02800000 -0.03400000 0.00100000
v 0.02800000 -0.03200000 -0.00100000
v 0.02800000 -0.03200000 0.00100000
v 0.02800000 -0.03000000 -0.00100000
v 0.02800000 -0.03000000 0.00100000
v 0.02800000 -0.02800000 -0.00100000
v 0.02800000 -0.02800000 0.00100000
v 0.02800000 -0.02600000 -0.00100000
v 0.02800000 -0.02600000 0.00100000
v 0.02800000 -0.02400000 -0.00100000
v 0.02800000 -0.02400000 0.00100000
v 0.02800000 -0.02200000 -0.00100000
v 0.02800000 -0.02200000 0.00100000
v 0.02800000 -0.02000000 -0.00100000
v 0.02800000 -0.02000000 0.00100000
v 0.02800000 -0.01800000 -0.00100000
v 0.02800000 -0.01800000 0.00100000
v 0.02800000 -0.01600000 -0.00100000
v 0.02800000 -0.01600000 0.00100000
v 0.02800000 -0.01400000 -0.00100000
v 0.02800000 -0.01400000 0.00100000
v 0.02800000 -0.01200000 -0.00100000
v 0.02800000 -0.01200000 0.00100000
v 0.02800000 -0.01000000 -0.00100000
v 0.02800000 -0.01000000 0.00100000
v 0.02800000 -0.00800000 -0.00100000
v 0.02800000 -0.00800000 0.00100000
v 0.02800000 -0.00600000 -0.00100000
v 0.02800000 -0.00600000 0.00100000
v 0.02800000 -0.00400000 -0.00100000
v 0.02800000 -0.00400000 0.00100000
v 0.02800000 -0.00200000 -0.00100000
v 0.02800000 -0.00200000 0.00100000
v 0.02800000 0.00000000 -0.00100000
v 0.02800000 0.00000000 0.00100000
v 0.02800000 0.00200000 -0.00100000
v 0.02800000 0.00200000 0.00100000
v 0.02800000 0.00400000 -0.00100000
v 0.02800000 0.00400000 0.00100000
v 0.02800000 0.00600000 -0.00100000
v 0.02800000 0.00600000 0.00100000
v 0.02800000 0.00800000 -0.00100000
v 0.02800000 0.00800000 0.00100000
v 0.02800000 0.01000000 -0.00100000
v 0.02800000 0.01000000 0.00100000
v 0.02800000 0.01200000 -0.00100000
v 0.02800000 0.01200000 0.00100000
v 0.02800000 0.01400000 -0.00100000
v 0.02800000 0.01400000 0.00100000
v 0.02800000 0.01600000 -0.00100000
v 0.02800000 0.01600000 0.00100000
v 0.02800000 0.01800000 -0.00100000
v 0.02800000 0.01800000 0.00100000
v 0.02800000 0.02000000 -0.00100000
v 0.02800000 0.02000000 0.00100000
v 0.02800000 0.02200000 -0.00100000
v 0.02800000 0.02200000 0.00100000
v 0.02800000 0.02400000 -0.00100000
v 0.02800000 0.02400000 0.00100000
v 0.02800000 0.02600000 -0.00100000
v 0.02800000 0.02600000 0.00100000
v 0.02800000 0.02800000 -0.00100000
v 0.02800000 0.02800000 0.00100000
v 0.02800000 0.03000000 -0.00100000
v 0.02800000 0.03000000 0.00100000
v 0.02800000 0.03200000 -0.00100000
v 0.02800000 0.03200000 0.00100000
v 0.02800000 0.03400000 -0.00100000
v 0.02800000 0.03400000 0.00100000
v 0.02800000 0.03600000 -0.00100000
v 0.02800000 0.03600000 0.00100000
v 0.02800000 0.03800000 -0.00100000
v 0.02800000 0.03800000 0.00100000
v 0.02800000 0.04000000 -0.00100000
v 0.02800000 0.04000000 0.00100000
v 0.02800000 0.04200000 -0.00100000
v 0.02800000 0.04200000 0.00100000
v 0.02800000 0.04400000 -0.00100000
v 0.02800000 0.04400000 0.00100000
v 0.02800000 0.04600000 -0.00100000
v 0.02800000 0.04600000 0.00100000
v 0.02800000 0.04800000 -0.00100000
v 0.02800000 0.04800000 0.00100000
v 0.02800000 0.05000000 0.00100000
v 0.02800000 0.05000000 -0.00100000
v 0.03000000 -0.05000000 0.00100000
v 0.03000000 -0.05000000 -0.00100000
v 0.03000000 -0.04800000 -0.00100000
v 0.03000000 -0.04800000 0.00100000
v 0.03000000 -0.04600000 -0.00100000
v 0.03000000 -0.04600000 0.00100000
v 0.03000000 -0.04400000 -0.00100000
v 0.03000000 -0.04400000 0.00100000
v 0.03000000 -0.04200000 -0.00100000
v 0.03000000 -0.04200000 0.00100000
v 0.03000000 -0.04000000 -0.00100000
v 0.03000000 -0.04000000 0.00100000
v 0.03000000 -0.03800000 -0.00100000
v 0.03000000 -0.03800000 0.00100000
v 0.03000000 -0.03600000 -0.00100000
v 0.03000000 -0.03600000 0.00100000
v 0.03000000 -0.03400000 -0.00100000
v 0.03000000 -0.03400000 0.00100000
v 0.03000000 -0.03200000 -0.00100000
v 0.03000000 -0.03200000 0.00100000
v 0.03000000 -0.03000000 -0.00100000
v 0.03000000 -0.03000000 0.00100000
v 0.03000000 -0.02800000 -0.00100000
v 0.03000000 -0.02800000 0.00100000
v 0.03000000 -0.02600000 -0.00100000
v 0.03000000 -0.02600000 0.00100000
v 0.03000000 -0.02400000 -0.00100000
v 0.03000000 -0.02400000 0.00100000
v 0.03000000 -0.02200000 -0.00100000
v 0.03000000 -0.02200000 0.00100000
v 0.03000000 -0.02000000 -0.00100000
v 0.03000000 -0.02000000 0.00100000
v 0.03000000 -0.01800000 -0.00100000
v 0.03000000 -0.01800000 0.00100000
v 0.03000000 -0.01600000 -0.00100000
v 0.03000000 -0.01600000 0.00100000
v 0.03000000 -0.01400000 -0.00100000
v 0.03000000 -0.01400000 0.00100000
v 0.03000000 -0.01200000 -0.00100000
v 0.03000000 -0.01200000 0.00100000
v 0.03000000 -0.01000000 -0.00100000
v 0.03000000 -0.01000000 0.00100000
v 0.03000000 -0.00800000 -0.00100000
v 0.03000000 -0.00800000 0.00100000
v 0.03000000 -0.00600000 -0.00100000
v 0.03000000 -0.00600000 0.00100000
v 0.03000000 -0.00400000 -0.00100000
v 0.03000000 -0.00400000 0.00100000
v 0.03000000 -0.00200000 -0.00100000
v 0.03000000 -0.00200000 0.00100000
v 0.03000000 0.00000000 -0.00100000
v 0.03000000 0.00000000 0.00100000
v 0.03000000 0.00200000 -0.00100000
v 0.03000000 0.00200000 0.00100000
v 0.03000000 0.00400000 -0.00100000
v 0.03000000 0.00400000 0.00100000
v 0.03000000 0.00600000 -0.00100000
v 0.03000000 0.00600000 0.00100000
v 0.03000000 0.00800000 -0.00100000
v 0.03000000 0.00800000 0.00100000
v 0.03000000 0.01000000 -0.00100000
v 0.03000000 0.01000000 0.00100000
v 0.03000000 0.01200000 -0.00100000
v 0.03000000 0.01200000 0.00100000
v 0.03000000 0.01400000 -0.00100000
v 0.03000000 0.01400000 0.00100000
v 0.03000000 0.01600000 -0.00100000
v 0.03000000 0.01600000 0.00100000
v 0.03000000 0.01800000 -0.00100000
v 0.03000000 0.01800000 0.00100000
v 0.03000000 0.02000000 -0.00100000
v 0.03000000 0.02000000 0.00100000
v 0.03000000 0.02200000 -0.00100000
v 0.03000000 0.02200000 0.00100000
v 0.03000000 0.02400000 -0.00100000
v 0.03000000 0.02400000 0.00100000
v 0.03000000 0.02600000 -0.00100000
v 0.03000000 0.02600000 0.00100000
v 0.03000000 0.02800000 -0.00100000
v 0.03000000 0.02800000 0.00100000
v 0.03000000 0.03000000 -0.00100000
v 0.03000000 0.03000000 0.00100000
v 0.03000000 0.03200000 -0.00100000
v 0.03000000 0.03200000 0.00100000
v 0.03000000 0.03400000 -0.00100000
v 0.03000000 0.03400000 0.00100000
v 0.03000000 0.03600000 -0.00100000
v 0.03000000 0.03600000 0.00100000
v 0.03000000 0.03800000 -0.00100000
v 0.03000000 0.03800000 0.00100000
v 0.03000000 0.04000000 -0.00100000
v 0.03000000 0.04000000 0.00100000
v 0.03000000 0.04200000 -0.00100000
v 0.03000000 0.04200000 0.00100000
v 0.03000000 0.04400000 -0.00100000
v 0.03000000 0.04400000 0.00100000
v 0.03000000 0.04600000 -0.00100000
v 0.03000000 0.04600000 0.00100000
v 0.03000000 0.04800000 -0.00100000
v 0.03000000 0.04800000 0.00100000
v 0.03000000 0.05000000 0.00100000
v 0.03000000 0.05000000 -0.00100000
v 0.03200000 -0.05000000 0.00100000
v 0.03200000 -0.05000000 -0.00100000
v 0.03200000 -0.04800000 -0.00100000
v 0.03200000 -0.04800000 0.00100000
v 0.03200000 -0.04600000 -0.00100000
v 0.03200000 -0.04600000 0.00100000
v 0.03200000 -0.04400000 -0.00100000
v 0.03200000 -0.04400000 0.00100000
v 0.03200000 -0.04200000 -0.00100000
v 0.03200000 -0.04200000 0.00100000
v 0.03200000 -0.04000000 -0.00100000
v 0.03200000 -0.04000000 0.00100000
v 0.03200000 -0.03800000 -0.00100000
v 0.03200000 -0.03800000 0.00100000
v 0.03200000 -0.03600000 -0.00100000
v 0.03200000 -0.03600000 0.00100000
v 0.03200000 -0.03400000 -0.00100000
v 0.03200000 -0.03400000 0.00100000
v 0.03200000 -0.03200000 -0.00100000
v 0.03200000 -0.03200000 0.00100000
v 0.03200000 -0.03000000 -0.00100000
v 0.03200000 -0.03000000 0.00100000
v 0.03200000 -0.02800000 -0.00100000
v 0.03200000 -0.02800000 0.00100000
v 0.03200000 -0.02600000 -0.00100000
v 0.03200000 -0.02600000 0.00100000
v 0.03200000 -0.02400000 -0.00100000
v 0.03200000 -0.02400000 0.00100000
v 0.03200000 -0.02200000 -0.00100000
v 0.03200000 -0.02200000 0.00100000
v 0.03200000 -0.02000000 -0.00100000
v 0.03200000 -0.02000000 0.00100000
v 0.03200000 -0.01800000 -0.00100000
v 0.03200000 -0.01800000 0.00100000
v 0.03200000 -0.01600000 -0.00100000
v 0.03200000 -0.01600000 0.00100000
v 0.03200000 -0.01400000 -0.00100000
v 0.03200000 -0.01400000 0.00100000
v 0.03200000 -0.01200000 -0.00100000
v 0.03200000 -0.01200000 0.00100000
v 0.03200000 -0.01000000 -0.00100000
v 0.03200000 -0.01000000 0.00100000
v 0.03200000 -0.00800000 -0.00100000
v 0.03200000 -0.00800000 0.00100000
v 0.03200000 -0.00600000 -0.00100000
v 0.03200000 -0.00600000 0.00100000
v 0.03200000 -0.00400000 -0.00100000
v 0.03200000 -0.00400000 0.00100000
v 0.03200000 -0.00200000 -0.00100000
v 0.03200000 -0.00200000 0.00100000
v 0.03200000 0.00000000 -0.00100000
v 0.03200000 0.00000000 0.00100000
v 0.03200000 0.00200000 -0.00100000
v 0.03200000 0.00200000 0.00100000
v 0.03200000 0.00400000 -0.00100000
v 0.03200000 0.00400000 0.00100000
v 0.03200000 0.00600000 -0.00100000
v 0.03200000 0.00600000 0.00100000
v 0.03200000 0.00800000 -0.00100000
v 0.03200000 0.00800000 0.00100000
v 0.03200000 0.01000000 -0.00100000
v 0.03200000 0.01000000 0.00100000
v 0.03200000 0.01200000 -0.00100000
v 0.03200000 0.01200000 0.00100000
v 0.03200000 0.01400000 -0.00100000
v 0.03200000 0.01400000 0.00100000
v 0.03200000 0.01600000 -0.00100000
v 0.03200000 0.01600000 0.00100000
v 0.03200000 0.01800000 -0.00100000
v 0.03200000 0.01800000 0.00100000
v 0.03200000 0.02000000 -0.00100000
v 0.03200000 0.02000000 0.00100000
v 0.03200000 0.02200000 -0.00100000
v 0.03200000 0.02200000 0.00100000
v 0.03200000 0.02400000 -0.00100000
v 0.03200000 0.02400000 0.00100000
v 0.03200000 0.02600000 -0.00100000
v 0.03200000 0.02600000 0.00100000
v 0.03200000 0.02800000 -0.00100000
v 0.03200000 0.02800000 0.00100000
v 0.03200000 0.03000000 -0.00100000
v 0.03200000 0.03000000 0.00100000
v 0.03200000 0.03200000 -0.00100000
v 0.03200000 0.03200000 0.00100000
v 0.03200000 0.03400000 -0.00100000
v 0.03200000 0.03400000 0.00100000
v 0.03200000 0.03600000 -0.00100000
v 0.03200000 0.03600000 0.00100000
v 0.03200000 0.03800000 -0.00100000
v 0.03200000 0.03800000 0.00100000
v 0.03200000 0.04000000 -0.00100000
v 0.03200000 0.04000000 0.00100000
v 0.03200000 0.04200000 -0.00100000
v 0.03200000 0.04200000 0.00100000
v 0.03200000 0.04400000 -0.00100000
v 0.03200000 0.04400000 0.00100000
v 0.03200000 0.04600000 -0.00100000
v 0.03200000 0.04600000 0.00100000
v 0.03200000 0.04800000 -0.00100000
v 0.03200000 0.04800000 0.00100000
v 0.03200000 0.05000000 0.00100000
v 0.03200000 0.05000000 -0.00100000
v 0.03400000 -0.05000000 0.00100000
v 0.03400000 -0.05000000 -0.00100000
v 0.03400000 -0.04800000 -0.00100000
v 0.03400000 -0.04800000 0.00100000
v 0.03400000 -0.04600000 -0.00100000
v 0.03400000 -0.04600000 0.00100000
v 0.03400000 -0.04400000 -0.00100000
v 0.03400000 -0.04400000 0.00100000
v 0.03400000 -0.04200000 -0.00100000
v 0.03400000 -0.04200000 0.00100000
v 0.03400000 -0.04000000 -0.00100000
v 0.03400000 -0.04000000 0.00100000
v 0.03400000 -0.03800000 -0.00100000
v 0.03400000 -0.03800000 0.00100000
v 0.03400000 -0.03600000 -0.00100000
v 0.03400000 -0.03600000 0.00100000
v 0.03400000 -0.03400000 -0.00100000
v 0.03400000 -0.03400000 0.00100000
v 0.03400000 -0.03200000 -0.00100000
v 0.03400000 -0.03200000 0.00100000
v 0.03400000 -0.03000000 -0.00100000
v 0.03400000 -0.03000000 0.00100000
v 0.03400000 -0.02800000 -0.00100000
v 0.03400000 -0.02800000 0.00100000
v 0.03400000 -0.02600000 -0.00100000
v 0.03400000 -0.02600000 0.00100000
v 0.03400000 -0.02400000 -0.00100000
v 0.03400000 -0.02400000 0.00100000
v 0.03400000 -0.02200000 -0.00100000
v 0.03400000 -0.02200000 0.00100000
v 0.03400000 -0.02000000 -0.00100000
v 0.03400000 -0.02000000 0.00100000
v 0.03400000 -0.01800000 -0.00100000
v 0.03400000 -0.01800000 0.00100000
v 0.03400000 -0.01600000 -0.00100000
v 0.03400000 -0.01600000 0.00100000
v 0.03400000 -0.01400000 -0.00100000
v 0.03400000 -0.01400000 0.00100000
v 0.03400000 -0.01200000 -0.00100000
v 0.03400000 -0.01200000 0.00100000
v 0.03400000 -0.01000000 -0.00100000
v 0.03400000 -0.01000000 0.00100000
v 0.03400000 -0.00800000 -0.00100000
v 0.03400000 -0.00800000 0.00100000
v 0.03400000 -0.00600000 -0.00100000
v 0.03400000 -0.00600000 0.00100000
v 0.03400000 -0.00400000 -0.00100000
v 0.03400000 -0.00400000 0.00100000
v 0.03400000 -0.00200000 -0.00100000
v 0.03400000 -0.00200000 0.00100000
v 0.03400000 0.00000000 -0.00100000
v 0.03400000 0.00000000 0.00100000
v 0.03400000 0.00200000 -0.00100000
v 0.03400000 0.00200000 0.00100000
v 0.03400000 0.00400000 -0.00100000
v 0.03400000 0.00400000 0.00100000
v 0.03400000 0.00600000 -0.00100000
v 0.03400000 0.00600000 0.00100000
v 0.03400000 0.00800000 -0.00100000
v 0.03400000 0.00800000 0.00100000
v 0.03400000 0.01000000 -0.00100000
v 0.03400000 0.01000000 0.00100000
v 0.03400000 0.01200000 -0.00100000
v 0.03400000 0.01200000 0.00100000
v 0.03400000 0.01400000 -0.00100000
v 0.03400000 0.01400000 0.00100000
v 0.03400000 0.01600000 -0.00100000
v 0.03400000 0.01600000 0.00100000
v 0.03400000 0.01800000 -0.00100000
v 0.03400000 0.01800000 0.00100000
v 0.03400000 0.02000000 -0.00100000
v 0.03400000 0.02000000 0.00100000
v 0.03400000 0.02200000 -0.00100000
v 0.03400000 0.02200000 0.00100000
v 0.03400000 0.02400000 -0.00100000
v 0.03400000 0.02400000 0.00100000
v 0.03400000 0.02600000 -0.00100000
v 0.03400000 0.02600000 0.00100000
v 0.03400000 0.02800000 -0.00100000
v 0.03400000 0.02800000 0.00100000
v 0.03400000 0.03000000 -0.00100000
v 0.03400000 0.03000000 0.00100000
v 0.03400000 0.03200000 -0.00100000
v 0.03400000 0.03200000 0.00100000
v 0.03400000 0.03400000 -0.00100000
v 0.03400000 0.03400000 0.00100000
v 0.03400000 0.03600000 -0.00100000
v 0.03400000 0.03600000 0.00100000
v 0.03400000 0.03800000 -0.00100000
v 0.03400000 0.03800000 0.00100000
v 0.03400000 0.04000000 -0.00100000
v 0.03400000 0.04000000 0.00100000
v 0.03400000 0.04200000 -0.00100000
v 0.03400000 0.04200000 0.00100000
v 0.03400000 0.04400000 -0.00100000
v 0.03400000 0.04400000 0.00100000
v 0.03400000 0.04600000 -0.00100000
v 0.03400000 0.04600000 0.00100000
v 0.03400000 0.04800000 -0.00100000
v 0.03400000 0.04800000 0.00100000
v 0.03400000 0.05000000 0.00100000
v 0.03400000 0.05000000 -0.00100000
v 0.03600000 -0.05000000 0.00100000
v 0.03600000 -0.05000000 -0.00100000
v 0.03600000 -0.04800000 -0.00100000
v 0.03600000 -0.04800000 0.00100000
v 0.03600000 -0.04600000 -0.00100000
v 0.03600000 -0.04600000 0.00100000
v 0.03600000 -0.04400000 -0.00100000
v 0.03600000 -0.04400000 0.00100000
v 0.03600000 -0.04200000 -0.00100000
v 0.03600000 -0.04200000 0.00100000
v 0.03600000 -0.04000000 -0.00100000
v 0.03600000 -0.04000000 0.00100000
v 0.03600000 -0.03800000 -0.00100000
v 0.03600000 -0.03800000 0.00100000
v 0.03600000 -0.03600000 -0.00100000
v 0.03600000 -0.03600000 0.00100000
v 0.03600000 -0.03400000 -0.00100000
v 0.03600000 -0.03400000 0.00100000
v 0.03600000 -0.03200000 -0.00100000
v 0.03600000 -0.03200000 0.00100000
v 0.03600000 -0.03000000 -0.00100000
v 0.03600000 -0.03000000 0.00100000
v 0.03600000 -0.02800000 -0.00100000
v 0.03600000 -0.02800000 0.00100000
v 0.03600000 -0.02600000 -0.00100000
v 0.03600000 -0.02600000 0.00100000
v 0.03600000 -0.02400000 -0.00100000
v 0.03600000 -0.02400000 0.00100000
v 0.03600000 -0.02200000 -0.00100000
v 0.03600000 -0.02200000 0.00100000
v 0.03600000 -0.02000000 -0.00100000
v 0.03600000 -0.02000000 0.00100000
v 0.03600000 -0.01800000 -0.00100000
v 0.03600000 -0.01800000 0.00100000
v 0.03600000 -0.01600000 -0.00100000
v 0.03600000 -0.01600000 0.00100000
v 0.03600000 -0.01400000 -0.00100000
v 0.03600000 -0.01400000 0.00100000
v 0.03600000 -0.01200000 -0.00100000
v 0.03600000 -0.01200000 0.00100000
v 0.03600000 -0.01000000 -0.00100000
v 0.03600000 -0.01000000 0.00100000
v 0.03600000 -0.00800000 -0.00100000
v 0.03600000 -0.00800000 0.00100000
v 0.03600000 -0.00600000 -0.00100000
v 0.03600000 -0.00600000 0.00100000
v 0.03600000 -0.00400000 -0.00100000
v 0.03600000 -0.00400000 0.00100000
v 0.03600000 -0.00200000 -0.00100000
v 0.03600000 -0.00200000 0.00100000
v 0.03600000 0.00000000 -0.00100000
v 0.03600000 0.00000000 0.00100000
v 0.03600000 0.00200000 -0.00100000
v 0.03600000 0.00200000 0.00100000
v 0.03600000 0.00400000 -0.00100000
v 0.03600000 0.00400000 0.00100000
v 0.03600000 0.00600000 -0.00100000
v 0.03600000 0.00600000 0.00100000
v 0.03600000 0.00800000 -0.00100000
v 0.03600000 0.00800000 0.00100000
v 0.03600000 0.01000000 -0.00100000
v 0.03600000 0.01000000 0.00100000
v 0.03600000 0.01200000 -0.00100000
v 0.03600000 0.01200000 0.00100000
v 0.03600000 0.01400000 -0.00100000
v 0.03600000 0.01400000 0.00100000
v 0.03600000 0.01600000 -0.00100000
v 0.03600000 0.01600000 0.00100000
v 0.03600000 0.01800000 -0.00100000
v 0.03600000 0.01800000 0.00100000
v 0.03600000 0.02000000 -0.00100000
v 0.03600000 0.02000000 0.00100000
v 0.03600000 0.02200000 -0.00100000
v 0.03600000 0.02200000 0.00100000
v 0.03600000 0.02400000 -0.00100000
v 0.03600000 0.02400000 0.00100000
v 0.03600000 0.02600000 -0.00100000
v 0.03600000 0.02600000 0.00100000
v 0.03600000 0.02800000 -0.00100000
v 0.03600000 0.02800000 0.00100000
v 0.03600000 0.03000000 -0.00100000
v 0.03600000 0.03000000 0.00100000
v 0.03600000 0.03200000 -0.00100000
v 0.03600000 0.03200000 0.00100000
v 0.03600000 0.03400000 -0.00100000
v 0.03600000 0.03400000 0.00100000
v 0.03600000 0.03600000 -0.00100000
v 0.03600000 0.03600000 0.00100000
v 0.03600000 0.03800000 -0.00100000
v 0.03600000 0.03800000 0.00100000
v 0.03600000 0.04000000 -0.00100000
v 0.03600000 0.04000000 0.00100000
v 0.03600000 0.04200000 -0.00100000
v 0.03600000 0.04200000 0.00100000
v 0.03600000 0.04400000 -0.00100000
v 0.03600000 0.04400000 0.00100000
v 0.03600000 0.04600000 -0.00100000
v 0.03600000 0.04600000 0.00100000
v 0.03600000 0.04800000 -0.00100000
v 0.03600000 0.04800000 0.00100000
v 0.03600000 0.05000000 0.00100000
v 0.03600000 0.05000000 -0.00100000
v 0.03800000 -0.05000000 0.00100000
v 0.03800000 -0.05000000 -0.00100000
v 0.03800000 -0.04800000 -0.00100000
v 0.03800000 -0.04800000 0.00100000
v 0.03800000 -0.04600000 -0.00100000
v 0.03800000 -0.04600000 0.00100000
v 0.03800000 -0.04400000 -0.00100000
v 0.03800000 -0.04400000 0.00100000
v 0.03800000 -0.04200000 -0.00100000
v 0.03800000 -0.04200000 0.00100000
v 0.03800000 -0.04000000 -0.00100000
v 0.03800000 -0.04000000 0.00100000
v 0.03800000 -0.03800000 -0.00100000
v 0.03800000 -0.03800000 0.00100000
v 0.03800000 -0.03600000 -0.00100000
v 0.03800000 -0.03600000 0.00100000
v 0.03800000 -0.03400000 -0.00100000
v 0.03800000 -0.03400000 0.00100000
v 0.03800000 -0.03200000 -0.00100000
v 0.03800000 -0.03200000 0.00100000
v 0.03800000 -0.03000000 -0.00100000
v 0.03800000 -0.03000000 0.00100000
v 0.03800000 -0.02800000 -0.00100000
v 0.03800000 -0.02800000 0.00100000
v 0.03800000 -0.02600000 -0.00100000
v 0.03800000 -0.02600000 0.00100000
v 0.03800000 -0.02400000 -0.00100000
v 0.03800000 -0.02400000 0.00100000
v 0.03800000 -0.02200000 -0.00100000
v 0.03800000 -0.02200000 0.00100000
v 0.03800000 -0.02000000 -0.00100000
v 0.03800000 -0.02000000 0.00100000
v 0.03800000 -0.01800000 -0.00100000
v 0.03800000 -0.01800000 0.00100000
v 0.03800000 -0.01600000 -0.00100000
v 0.03800000 -0.01600000 0.00100000
v 0.03800000 -0.01400000 -0.00100000
v 0.03800000 -0.01400000 0.00100000
v 0.03800000 -0.01200000 -0.00100000
v 0.03800000 -0.01200000 0.00100000
v 0.03800000 -0.01000000 -0.00100000
v 0.03800000 -0.01000000 0.00100000
v 0.03800000 -0.00800000 -0.00100000
v 0.03800000 -0.00800000 0.00100000
v 0.03800000 -0.00600000 -0.00100000
v 0.03800000 -0.00600000 0.00100000
v 0.03800000 -0.00400000 -0.00100000
v 0.03800000 -0.00400000 0.00100000
v 0.03800000 -0.00200000 -0.00100000
v 0.03800000 -0.00200000 0.00100000
v 0.03800000 0.00000000 -0.00100000
v 0.03800000 0.00000000 0.00100000
v 0.03800000 0.00200000 -0.00100000
v 0.03800000 0.00200000 0.00100000
v 0.03800000 0.00400000 -0.00100000
v 0.03800000 0.00400000 0.00100000
v 0.03800000 0.00600000 -0.00100000
v 0.03800000 0.00600000 0.00100000
v 0.03800000 0.00800000 -0.00100000
v 0.03800000 0.00800000 0.00100000
v 0.03800000 0.01000000 -0.00100000
v 0.03800000 0.01000000 0.00100000
v 0.03800000 0.01200000 -0.00100000
v 0.03800000 0.01200000 0.00100000
v 0.03800000 0.01400000 -0.00100000
v 0.03800000 0.01400000 0.00100000
v 0.03800000 0.01600000 -0.00100000
v 0.03800000 0.01600000 0.00100000
v 0.03800000 0.01800000 -0.00100000
v 0.03800000 0.01800000 0.00100000
v 0.03800000 0.02000000 -0.00100000
v 0.03800000 0.02000000 0.00100000
v 0.03800000 0.02200000 -0.00100000
v 0.03800000 0.02200000 0.00100000
v 0.03800000 0.02400000 -0.00100000
v 0.03800000 0.02400000 0.00100000
v 0.03800000 0.02600000 -0.00100000
v 0.03800000 0.02600000 0.00100000
v 0.03800000 0.02800000 -0.00100000
v 0.03800000 0.02800000 0.00100000
v 0.03800000 0.03000000 -0.00100000
v 0.03800000 0.03000000 0.00100000
v 0.03800000 0.03200000 -0.00100000
v 0.03800000 0.03200000 0.00100000
v 0.03800000 0.03400000 -0.00100000
v 0.03800000 0.03400000 0.00100000
v 0.03800000 0.03600000 -0.00100000
v 0.03800000 0.03600000 0.00100000
v 0.03800000 0.03800000 -0.00100000
v 0.03800000 0.03800000 0.00100000
v 0.03800000 0.04000000 -0.00100000
v 0.03800000 0.04000000 0.00100000
v 0.03800000 0.04200000 -0.00100000
v 0.03800000 0.04200000 0.00100000
v 0.03800000 0.04400000 -0.00100000
v 0.03800000 0.04400000 0.00100000
v 0.03800000 0.04600000 -0.00100000
v 0.03800000 0.04600000 0.00100000
v 0.03800000 0.04800000 -0.00100000
v 0.03800000 0.04800000 0.00100000
v 0.03800000 0.05000000 0.00100000
v 0.03800000 0.05000000 -0.00100000
v 0.04000000 -0.05000000 0.00100000
v 0.04000000 -0.05000000 -0.00100000
v 0.04000000 -0.04800000 -0.00100000
v 0.04000000 -0.04800000 0.00100000
v 0.04000000 -0.04600000 -0.00100000
v 0.04000000 -0.04600000 0.00100000
v 0.04000000 -0.04400000 -0.00100000
v 0.04000000 -0.04400000 0.00100000
v 0.04000000 -0.04200000 -0.00100000
v 0.04000000 -0.04200000 0.00100000
v 0.04000000 -0.04000000 -0.00100000
v 0.04000000 -0.04000000 0.00100000
v 0.04000000 -0.03800000 -0.00100000
v 0.04000000 -0.03800000 0.00100000
v 0.04000000 -0.03600000 -0.00100000
v 0.04000000 -0.03600000 0.00100000
v 0.04000000 -0.03400000 -0.00100000
v 0.04000000 -0.03400000 0.00100000
v 0.04000000 -0.03200000 -0.00100000
v 0.04000000 -0.03200000 0.00100000
v 0.04000000 -0.03000000 -0.00100000
v 0.04000000 -0.03000000 0.00100000
v 0.04000000 -0.02800000 -0.00100000
v 0.04000000 -0.02800000 0.00100000
v 0.04000000 -0.02600000 -0.00100000
v 0.04000000 -0.02600000 0.00100000
v 0.04000000 -0.02400000 -0.00100000
v 0.04000000 -0.02400000 0.00100000
v 0.04000000 -0.02200000 -0.00100000
v 0.04000000 -0.02200000 0.00100000
v 0.04000000 -0.02000000 -0.00100000
v 0.04000000 -0.02000000 0.00100000
v 0.04000000 -0.01800000 -0.00100000
v 0.04000000 -0.01800000 0.00100000
v 0.04000000 -0.01600000 -0.00100000
v 0.04000000 -0.01600000 0.00100000
v 0.04000000 -0.01400000 -0.00100000
v 0.04000000 -0.01400000 0.00100000
v 0.04000000 -0.01200000 -0.00100000
v 0.04000000 -0.01200000 0.00100000
v 0.04000000 -0.01000000 -0.00100000
v 0.04000000 -0.01000000 0.00100000
v 0.04000000 -0.00800000 -0.00100000
v 0.04000000 -0.00800000 0.00100000
v 0.04000000 -0.00600000 -0.00100000
v 0.04000000 -0.00600000 0.00100000
v 0.04000000 -0.00400000 -0.00100000
v 0.04000000 -0.00400000 0.00100000
v 0.04000000 -0.00200000 -0.00100000
v 0.04000000 -0.00200000 0.00100000
v 0.04000000 0.00000000 -0.00100000
v 0.04000000 0.00000000 0.00100000
v 0.04000000 0.00200000 -0.00100000
v 0.04000000 0.00200000 0.00100000
v 0.04000000 0.00400000 -0.00100000
v 0.04000000 0.00400000 0.00100000
v 0.04000000 0.00600000 -0.00100000
v 0.04000000 0.00600000 0.00100000
v 0.04000000 0.00800000 -0.00100000
v 0.04000000 0.00800000 0.00100000
v 0.04000000 0.01000000 -0.00100000
v 0.04000000 0.01000000 0.00100000
v 0.04000000 0.01200000 -0.00100000
v 0.04000000 0.01200000 0.00100000
v 0.04000000 0.01400000 -0.00100000
v 0.04000000 0.01400000 0.00100000
v 0.04000000 0.01600000 -0.00100000
v 0.04000000 0.01600000 0.00100000
v 0.04000000 0.01800000 -0.00100000
v 0.04000000 0.01800000 0.00100000
v 0.04000000 0.02000000 -0.00100000
v 0.04000000 0.02000000 0.00100000
v 0.04000000 0.02200000 -0.00100000
v 0.04000000 0.02200000 0.00100000
v 0.04000000 0.02400000 -0.00100000
v 0.04000000 0.02400000 0.00100000
v 0.04000000 0.02600000 -0.00100000
v 0.04000000 0.02600000 0.00100000
v 0.04000000 0.02800000 -0.00100000
v 0.04000000 0.02800000 0.00100000
v 0.04000000 0.03000000 -0.00100000
v 0.04000000 0.03000000 0.00100000
v 0.04000000 0.03200000 -0.00100000
v 0.04000000 0.03200000 0.00100000
v 0.04000000 0.03400000 -0.00100000
v 0.04000000 0.03400000 0.00100000
v 0.04000000 0.03600000 -0.00100000
v 0.04000000 0.03600000 0.00100000
v 0.04000000 0.03800000 -0.00100000
v 0.04000000 0.03800000 0.00100000
v 0.04000000 0.04000000 -0.00100000
v 0.04000000 0.04000000 0.00100000
v 0.04000000 0.04200000 -0.00100000
v 0.04000000 0.04200000 0.00100000
v 0.04000000 0.04400000 -0.00100000
v 0.04000000 0.04400000 0.00100000
v 0.04000000 0.04600000 -0.00100000
v 0.04000000 0.04600000 0.00100000
v 0.04000000 0.04800000 -0.00100000
v 0.04000000 0.04800000 0.00100000
v 0.04000000 0.05000000 0.00100000
v 0.04000000 0.05000000 -0.00100000
v 0.04200000 -0.05000000 0.00100000
v 0.04200000 -0.05000000 -0.00100000
v 0.04200000 -0.04800000 -0.00100000
v 0.04200000 -0.04800000 0.00100000
v 0.04200000 -0.04600000 -0.00100000
v 0.04200000 -0.04600000 0.00100000
v 0.04200000 -0.04400000 -0.00100000
v 0.04200000 -0.04400000 0.00100000
v 0.04200000 -0.04200000 -0.00100000
v 0.04200000 -0.04200000 0.00100000
v 0.04200000 -0.04000000 -0.00100000
v 0.04200000 -0.04000000 0.00100000
v 0.04200000 -0.03800000 -0.00100000
v 0.04200000 -0.03800000 0.00100000
v 0.04200000 -0.03600000 -0.00100000
v 0.04200000 -0.03600000 0.00100000
v 0.04200000 -0.03400000 -0.00100000
v 0.04200000 -0.03400000 0.00100000
v 0.04200000 -0.03200000 -0.00100000
v 0.04200000 -0.03200000 0.00100000
v 0.04200000 -0.03000000 -0.00100000
v 0.04200000 -0.03000000 0.00100000
v 0.04200000 -0.02800000 -0.00100000
v 0.04200000 -0.02800000 0.00100000
v 0.04200000 -0.02600000 -0.00100000
v 0.04200000 -0.02600000 0.00100000
v 0.04200000 -0.02400000 -0.00100000
v 0.04200000 -0.02400000 0.00100000
v 0.04200000 -0.02200000 -0.00100000
v 0.04200000 -0.02200000 0.00100000
v 0.04200000 -0.02000000 -0.00100000
v 0.04200000 -0.02000000 0.00100000
v 0.04200000 -0.01800000 -0.00100000
v 0.04200000 -0.01800000 0.00100000
v 0.04200000 -0.01600000 -0.00100000
v 0.04200000 -0.01600000 0.00100000
v 0.04200000 -0.01400000 -0.00100000
v 0.04200000 -0.01400000 0.00100000
v 0.04200000 -0.01200000 -0.00100000
v 0.04200000 -0.01200000 0.00100000
v 0.04200000 -0.01000000 -0.00100000
v 0.04200000 -0.01000000 0.00100000
v 0.04200000 -0.00800000 -0.00100000
v 0.04200000 -0.00800000 0.00100000
v 0.04200000 -0.00600000 -0.00100000
v 0.04200000 -0.00600000 0.00100000
v 0.04200000 -0.00400000 -0.00100000
v 0.04200000 -0.00400000 0.00100000
v 0.04200000 -0.00200000 -0.00100000
v 0.04200000 -0.00200000 0.00100000
v 0.04200000 0.00000000 -0.00100000
v 0.04200000 0.00000000 0.00100000
v 0.04200000 0.00200000 -0.00100000
v 0.04200000 0.00200000 0.00100000
v 0.04200000 0.00400000 -0.00100000
v 0.04200000 0.00400000 0.00100000
v 0.04200000 0.00600000 -0.00100000
v 0.04200000 0.00600000 0.00100000
v 0.04200000 0.00800000 -0.00100000
v 0.04200000 0.00800000 0.00100000
v 0.04200000 0.01000000 -0.00100000
v 0.04200000 0.01000000 0.00100000
v 0.04200000 0.01200000 -0.00100000
v 0.04200000 0.01200000 0.00100000
v 0.04200000 0.01400000 -0.00100000
v 0.04200000 0.01400000 0.00100000
v 0.04200000 0.01600000 -0.00100000
v 0.04200000 0.01600000 0.00100000
v 0.04200000 0.01800000 -0.00100000
v 0.04200000 0.01800000 0.00100000
v 0.04200000 0.02000000 -0.00100000
v 0.04200000 0.02000000 0.00100000
v 0.04200000 0.02200000 -0.00100000
v 0.04200000 0.02200000 0.00100000
v 0.04200000 0.02400000 -0.00100000
v 0.04200000 0.02400000 0.00100000
v 0.04200000 0.02600000 -0.00100000
v 0.04200000 0.02600000 0.00100000
v 0.04200000 0.02800000 -0.00100000
v 0.04200000 0.02800000 0.00100000
v 0.04200000 0.03000000 -0.00100000
v 0.04200000 0.03000000 0.00100000
v 0.04200000 0.03200000 -0.00100000
v 0.04200000 0.03200000 0.00100000
v 0.04200000 0.03400000 -0.00100000
v 0.04200000 0.03400000 0.00100000
v 0.04200000 0.03600000 -0.00100000
v 0.04200000 0.03600000 0.00100000
v 0.04200000 0.03800000 -0.00100000
v 0.04200000 0.03800000 0.00100000
v 0.04200000 0.04000000 -0.00100000
v 0.04200000 0.04000000 0.00100000
v 0.04200000 0.04200000 -0.00100000
v 0.04200000 0.04200000 0.00100000
v 0.04200000 0.04400000 -0.00100000
v 0.04200000 0.04400000 0.00100000
v 0.04200000 0.04600000 -0.00100000
v 0.04200000 0.04600000 0.00100000
v 0.04200000 0.04800000 -0.00100000
v 0.04200000 0.04800000 0.00100000
v 0.04200000 0.05000000 0.00100000
v 0.04200000 0.05000000 -0.00100000
v 0.04400000 -0.05000000 0.00100000
v 0.04400000 -0.05000000 -0.00100000
v 0.04400000 -0.04800000 -0.00100000
v 0.04400000 -0.04800000 0.00100000
v 0.04400000 -0.04600000 -0.00100000
v 0.04400000 -0.04600000 0.00100000
v 0.04400000 -0.04400000 -0.00100000
v 0.04400000 -0.04400000 0.00100000
v 0.04400000 -0.04200000 -0.00100000
v 0.04400000 -0.04200000 0.00100000
v 0.04400000 -0.04000000 -0.00100000
v 0.04400000 -0.04000000 0.00100000
v 0.04400000 -0.03800000 -0.00100000
v 0.04400000 -0.03800000 0.00100000
v 0.04400000 -0.03600000 -0.00100000
v 0.04400000 -0.03600000 0.00100000
v 0.04400000 -0.03400000 -0.00100000
v 0.04400000 -0.03400000 0.00100000
v 0.04400000 -0.03200000 -0.00100000
v 0.04400000 -0.03200000 0.00100000
v 0.04400000 -0.03000000 -0.00100000
v 0.04400000 -0.03000000 0.00100000
v 0.04400000 -0.02800000 -0.00100000
v 0.04400000 -0.02800000 0.00100000
v 0.04400000 -0.02600000 -0.00100000
v 0.04400000 -0.02600000 0.00100000
v 0.04400000 -0.02400000 -0.00100000
v 0.04400000 -0.02400000 0.00100000
v 0.04400000 -0.02200000 -0.00100000
v 0.04400000 -0.02200000 0.00100000
v 0.04400000 -0.02000000 -0.00100000
v 0.04400000 -0.02000000 0.00100000
v 0.04400000 -0.01800000 -0.00100000
v 0.04400000 -0.01800000 0.00100000
v 0.04400000 -0.01600000 -0.00100000
v 0.04400000 -0.01600000 0.00100000
v 0.04400000 -0.01400000 -0.00100000
v 0.04400000 -0.01400000 0.00100000
v 0.04400000 -0.01200000 -0.00100000
v 0.04400000 -0.01200000 0.00100000
v 0.04400000 -0.01000000 -0.00100000
v 0.04400000 -0.01000000 0.00100000
v 0.04400000 -0.00800000 -0.00100000
v 0.04400000 -0.00800000 0.00100000
v 0.04400000 -0.00600000 -0.00100000
v 0.04400000 -0.00600000 0.00100000
v 0.04400000 -0.00400000 -0.00100000
v 0.04400000 -0.00400000 0.00100000
v 0.04400000 -0.00200000 -0.00100000
v 0.04400000 -0.00200000 0.00100000
v 0.04400000 0.00000000 -0.00100000
v 0.04400000 0.00000000 0.00100000
v 0.04400000 0.00200000 -0.00100000
v 0.04400000 0.00200000 0.00100000
v 0.04400000 0.00400000 -0.00100000
v 0.04400000 0.00400000 0.00100000
v 0.04400000 0.00600000 -0.00100000
v 0.04400000 0.00600000 0.00100000
v 0.04400000 0.00800000 -0.00100000
v 0.04400000 0.00800000 0.00100000
v 0.04400000 0.01000000 -0.00100000
v 0.04400000 0.01000000 0.00100000
v 0.04400000 0.01200000 -0.00100000
v 0.04400000 0.01200000 0.00100000
v 0.04400000 0.01400000 -0.00100000
v 0.04400000 0.01400000 0.00100000
v 0.04400000 0.01600000 -0.00100000
v 0.04400000 0.01600000 0.00100000
v 0.04400000 0.01800000 -0.00100000
v 0.04400000 0.01800000 0.00100000
v 0.04400000 0.02000000 -0.00100000
v 0.04400000 0.02000000 0.00100000
v 0.04400000 0.02200000 -0.00100000
v 0.04400000 0.02200000 0.00100000
v 0.04400000 0.02400000 -0.00100000
v 0.04400000 0.02400000 0.00100000
v 0.04400000 0.02600000 -0.00100000
v 0.04400000 0.02600000 0.00100000
v 0.04400000 0.02800000 -0.00100000
v 0.04400000 0.02800000 0.00100000
v 0.04400000 0.03000000 -0.00100000
v 0.04400000 0.03000000 0.00100000
v 0.04400000 0.03200000 -0.00100000
v 0.04400000 0.03200000 0.00100000
v 0.04400000 0.03400000 -0.00100000
v 0.04400000 0.03400000 0.00100000
v 0.04400000 0.03600000 -0.00100000
v 0.04400000 0.03600000 0.00100000
v 0.04400000 0.03800000 -0.00100000
v 0.04400000 0.03800000 0.00100000
v 0.04400000 0.04000000 -0.00100000
v 0.04400000 0.04000000 0.00100000
v 0.04400000 0.04200000 -0.00100000
v 0.04400000 0.04200000 0.00100000
v 0.04400000 0.04400000 -0.00100000
v 0.04400000 0.04400000 0.00100000
v 0.04400000 0.04600000 -0.00100000
v 0.04400000 0.04600000 0.00100000
v 0.04400000 0.04800000 -0.00100000
v 0.04400000 0.04800000 0.00100000
v 0.04400000 0.05000000 0.00100000
v 0.04400000 0.05000000 -0.00100000
v 0.04600000 -0.05000000 0.00100000
v 0.04600000 -0.05000000 -0.00100000
v 0.04600000 -0.04800000 -0.00100000
v 0.04600000 -0.04800000 0.00100000
v 0.04600000 -0.04600000 -0.00100000
v 0.04600000 -0.04600000 0.00100000
v 0.04600000 -0.04400000 -0.00100000
v 0.04600000 -0.04400000 0.00100000
v 0.04600000 -0.04200000 -0.00100000
v 0.04600000 -0.04200000 0.00100000
v 0.04600000 -0.04000000 -0.00100000
v 0.04600000 -0.04000000 0.00100000
v 0.04600000 -0.03800000 -0.00100000
v 0.04600000 -0.03800000 0.00100000
v 0.04600000 -0.03600000 -0.00100000
v 0.04600000 -0.03600000 0.00100000
v 0.04600000 -0.03400000 -0.00100000
v 0.04600000 -0.03400000 0.00100000
v 0.04600000 -0.03200000 -0.00100000
v 0.04600000 -0.03200000 0.00100000
v 0.04600000 -0.03000000 -0.00100000
v 0.04600000 -0.03000000 0.00100000
v 0.04600000 -0.02800000 -0.00100000
v 0.04600000 -0.02800000 0.00100000
v 0.04600000 -0.02600000 -0.00100000
v 0.04600000 -0.02600000 0.00100000
v 0.04600000 -0.02400000 -0.00100000
v 0.04600000 -0.02400000 0.00100000
v 0.04600000 -0.02200000 -0.00100000
v 0.04600000 -0.02200000 0.00100000
v 0.04600000 -0.02000000 -0.00100000
v 0.04600000 -0.02000000 0.00100000
v 0.04600000 -0.01800000 -0.00100000
v 0.04600000 -0.01800000 0.00100000
v 0.04600000 -0.01600000 -0.00100000
v 0.04600000 -0.01600000 0.00100000
v 0.04600000 -0.01400000 -0.00100000
v 0.04600000 -0.01400000 0.00100000
v 0.04600000 -0.01200000 -0.00100000
v 0.04600000 -0.01200000 0.00100000
v 0.04600000 -0.01000000 -0.00100000
v 0.04600000 -0.01000000 0.00100000
v 0.04600000 -0.00800000 -0.00100000
v 0.04600000 -0.00800000 0.00100000
v 0.04600000 -0.00600000 -0.00100000
v 0.04600000 -0.00600000 0.00100000
v 0.04600000 -0.00400000 -0.00100000
v 0.04600000 -0.00400000 0.00100000
v 0.04600000 -0.00200000 -0.00100000
v 0.04600000 -0.00200000 0.00100000
v 0.04600000 0.00000000 -0.00100000
v 0.04600000 0.00000000 0.00100000
v 0.04600000 0.00200000 -0.00100000
v 0.04600000 0.00200000 0.00100000
v 0.04600000 0.00400000 -0.00100000
v 0.04600000 0.00400000 0.00100000
v 0.04600000 0.00600000 -0.00100000
v 0.04600000 0.00600000 0.00100000
v 0.04600000 0.00800000 -0.00100000
v 0.04600000 0.00800000 0.00100000
v 0.04600000 0.01000000 -0.00100000
v 0.04600000 0.01000000 0.00100000
v 0.04600000 0.01200000 -0.00100000
v 0.04600000 0.01200000 0.00100000
v 0.04600000 0.01400000 -0.00100000
v 0.04600000 0.01400000 0.00100000
v 0.04600000 0.01600000 -0.00100000
v 0.04600000 0.01600000 0.00100000
v 0.04600000 0.01800000 -0.00100000
v 0.04600000 0.01800000 0.00100000
v 0.04600000 0.02000000 -0.00100000
v 0.04600000 0.02000000 0.00100000
v 0.04600000 0.02200000 -0.00100000
v 0.04600000 0.02200000 0.00100000
v 0.04600000 0.02400000 -0.00100000
v 0.04600000 0.02400000 0.00100000
v 0.04600000 0.02600000 -0.00100000
v 0.04600000 0.02600000 0.00100000
v 0.04600000 0.02800000 -0.00100000
v 0.04600000 0.02800000 0.00100000
v 0.04600000 0.03000000 -0.00100000
v 0.04600000 0.03000000 0.00100000
v 0.04600000 0.03200000 -0.00100000
v 0.04600000 0.03200000 0.00100000
v 0.04600000 0.03400000 -0.00100000
v 0.04600000 0.03400000 0.00100000
v 0.04600000 0.03600000 -0.00100000
v 0.04600000 0.03600000 0.00100000
v 0.04600000 0.03800000 -0.00100000
v 0.04600000 0.03800000 0.00100000
v 0.04600000 0.04000000 -0.00100000
v 0.04600000 0.04000000 0.00100000
v 0.04600000 0.04200000 -0.00100000
v 0.04600000 0.04200000 0.00100000
v 0.04600000 0.04400000 -0.00100000
v 0.04600000 0.04400000 0.00100000
v 0.04600000 0.04600000 -0.00100000
v 0.04600000 0.04600000 0.00100000
v 0.04600000 0.04800000 -0.00100000
v 0.04600000 0.04800000 0.00100000
v 0.04600000 0.05000000 0.00100000
v 0.04600000 0.05000000 -0.00100000
v 0.04800000 -0.05000000 0.00100000
v 0.04800000 -0.05000000 -0.00100000
v 0.04800000 -0.04800000 -0.00100000
v 0.04800000 -0.04800000 0.00100000
v 0.04800000 -0.04600000 -0.00100000
v 0.04800000 -0.04600000 0.00100000
v 0.04800000 -0.04400000 -0.00100000
v 0.04800000 -0.04400000 0.00100000
v 0.04800000 -0.04200000 -0.00100000
v 0.04800000 -0.04200000 0.00100000
v 0.04800000 -0.04000000 -0.00100000
v 0.04800000 -0.04000000 0.00100000
v 0.04800000 -0.03800000 -0.00100000
v 0.04800000 -0.03800000 0.00100000
v 0.04800000 -0.03600000 -0.00100000
v 0.04800000 -0.03600000 0.00100000
v 0.04800000 -0.03400000 -0.00100000
v 0.04800000 -0.03400000 0.00100000
v 0.04800000 -0.03200000 -0.00100000
v 0.04800000 -0.03200000 0.00100000
v 0.04800000 -0.03000000 -0.00100000
v 0.04800000 -0.03000000 0.00100000
v 0.04800000 -0.02800000 -0.00100000
v 0.04800000 -0.02800000 0.00100000
v 0.04800000 -0.02600000 -0.00100000
v 0.04800000 -0.02600000 0.00100000
v 0.04800000 -0.02400000 -0.00100000
v 0.04800000 -0.02400000 0.00100000
v 0.04800000 -0.02200000 -0.00100000
v 0.04800000 -0.02200000 0.00100000
v 0.04800000 -0.02000000 -0.00100000
v 0.04800000 -0.02000000 0.00100000
v 0.04800000 -0.01800000 -0.00100000
v 0.04800000 -0.01800000 0.00100000
v 0.04800000 -0.01600000 -0.00100000
v 0.04800000 -0.01600000 0.00100000
v 0.04800000 -0.01400000 -0.00100000
v 0.04800000 -0.01400000 0.00100000
v 0.04800000 -0.01200000 -0.00100000
v 0.04800000 -0.01200000 0.00100000
v 0.04800000 -0.01000000 -0.00100000
v 0.04800000 -0.01000000 0.00100000
v 0.04800000 -0.00800000 -0.00100000
v 0.04800000 -0.00800000 0.00100000
v 0.04800000 -0.00600000 -0.00100000
v 0.04800000 -0.00600000 0.00100000
v 0.04800000 -0.00400000 -0.00100000
v 0.04800000 -0.00400000 0.00100000
v 0.04800000 -0.00200000 -0.00100000
v 0.04800000 -0.00200000 0.00100000
v 0.04800000 0.00000000 -0.00100000
v 0.04800000 0.00000000 0.00100000
v 0.04800000 0.00200000 -0.00100000
v 0.04800000 0.00200000 0.00100000
v 0.04800000 0.00400000 -0.00100000
v 0.04800000 0.00400000 0.00100000
v 0.04800000 0.00600000 -0.00100000
v 0.04800000 0.00600000 0.00100000
v 0.04800000 0.00800000 -0.00100000
v 0.04800000 0.00800000 0.00100000
v 0.04800000 0.01000000 -0.00100000
v 0.04800000 0.01000000 0.00100000
v 0.04800000 0.01200000 -0.00100000
v 0.04800000 0.01200000 0.00100000
v 0.04800000 0.01400000 -0.00100000
v 0.04800000 0.01400000 0.00100000
v 0.04800000 0.01600000 -0.00100000
v 0.04800000 0.01600000 0.00100000
v 0.04800000 0.01800000 -0.00100000
v 0.04800000 0.01800000 0.00100000
v 0.04800000 0.02000000 -0.00100000
v 0.04800000 0.02000000 0.00100000
v 0.04800000 0.02200000 -0.00100000
v 0.04800000 0.02200000 0.00100000
v 0.04800000 0.02400000 -0.00100000
v 0.04800000 0.02400000 0.00100000
v 0.04800000 0.02600000 -0.00100000
v 0.04800000 0.02600000 0.00100000
v 0.04800000 0.02800000 -0.00100000
v 0.04800000 0.02800000 0.00100000
v 0.04800000 0.03000000 -0.00100000
v 0.04800000 0.03000000 0.00100000
v 0.04800000 0.03200000 -0.00100000
v 0.04800000 0.03200000 0.00100000
v 0.04800000 0.03400000 -0.00100000
v 0.04800000 0.03400000 0.00100000
v 0.04800000 0.03600000 -0.00100000
v 0.04800000 0.03600000 0.00100000
v 0.04800000 0.03800000 -0.00100000
v 0.04800000 0.03800000 0.00100000
v 0.04800000 0.04000000 -0.00100000
v 0.04800000 0.04000000 0.00100000
v 0.04800000 0.04200000 -0.00100000
v 0.04800000 0.04200000 0.00100000
v 0.04800000 0.04400000 -0.00100000
v 0.04800000 0.04400000 0.00100000
v 0.04800000 0.04600000 -0.00100000
v 0.04800000 0.04600000 0.00100000
v 0.04800000 0.04800000 -0.00100000
v 0.04800000 0.04800000 0.00100000
v 0.04800000 0.05000000 0.00100000
v 0.04800000 0.05000000 -0.00100000
v 0.05000000 -0.05000000 -0.00100000
v 0.05000000 -0.04800000 -0.00100000
v 0.05000000 -0.04800000 0.00100000
v 0.05000000 -0.05000000 0.00100000
v 0.05000000 -0.04600000 -0.00100000
v 0.05000000 -0.04600000 0.00100000
v 0.05000000 -0.04400000 -0.00100000
v 0.05000000 -0.04400000 0.00100000
v 0.05000000 -0.04200000 -0.00100000
v 0.05000000 -0.04200000 0.00100000
v 0.05000000 -0.04000000 -0.00100000
v 0.05000000 -0.04000000 0.00100000
v 0.05000000 -0.03800000 -0.00100000
v 0.05000000 -0.03800000 0.00100000
v 0.05000000 -0.03600000 -0.00100000
v 0.05000000 -0.03600000 0.00100000
v 0.05000000 -0.03400000 -0.00100000
v 0.05000000 -0.03400000 0.00100000
v 0.05000000 -0.03200000 -0.00100000
v 0.05000000 -0.03200000 0.00100000
v 0.05000000 -0.03000000 -0.00100000
v 0.05000000 -0.03000000 0.00100000
v 0.05000000 -0.02800000 -0.00100000
v 0.05000000 -0.02800000 0.00100000
v 0.05000000 -0.02600000 -0.00100000
v 0.05000000 -0.02600000 0.00100000
v 0.05000000 -0.02400000 -0.00100000
v 0.05000000 -0.02400000 0.00100000
v 0.05000000 -0.02200000 -0.00100000
v 0.05000000 -0.02200000 0.00100000
v 0.05000000 -0.02000000 -0.00100000
v 0.05000000 -0.02000000 0.00100000
v 0.05000000 -0.01800000 -0.00100000
v 0.05000000 -0.01800000 0.00100000
v 0.05000000 -0.01600000 -0.00100000
v 0.05000000 -0.01600000 0.00100000
v 0.05000000 -0.01400000 -0.00100000
v 0.05000000 -0.01400000 0.00100000
v 0.05000000 -0.01200000 -0.00100000
v 0.05000000 -0.01200000 0.00100000
v 0.05000000 -0.01000000 -0.00100000
v 0.05000000 -0.01000000 0.00100000
v 0.05000000 -0.00800000 -0.00100000
v 0.05000000 -0.00800000 0.00100000
v 0.05000000 -0.00600000 -0.00100000
v 0.05000000 -0.00600000 0.00100000
v 0.05000000 -0.00400000 -0.00100000
v 0.05000000 -0.00400000 0.00100000
v 0.05000000 -0.00200000 -0.00100000
v 0.05000000 -0.00200000 0.00100000
v 0.05000000 0.00000000 -0.00100000
v 0.05000000 0.00000000 0.00100000
v 0.05000000 0.00200000 -0.00100000
v 0.05000000 0.00200000 0.00100000
v 0.05000000 0.00400000 -0.00100000
v 0.05000000 0.00400000 0.00100000
v 0.05000000 0.00600000 -0.00100000
v 0.05000000 0.00600000 0.00100000
v 0.05000000 0.00800000 -0.00100000
v 0.05000000 0.00800000 0.00100000
v 0.05000000 0.01000000 -0.00100000
v 0.05000000 0.01000000 0.00100000
v 0.05000000 0.01200000 -0.00100000
v 0.05000000 0.01200000 0.00100000
v 0.05000000 0.01400000 -0.00100000
v 0.05000000 0.01400000 0.00100000
v 0.05000000 0.01600000 -0.00100000
v 0.05000000 0.01600000 0.00100000
v 0.05000000 0.01800000 -0.00100000
v 0.05000000 0.01800000 0.00100000
v 0.05000000 0.02000000 -0.00100000
v 0.05000000 0.02000000 0.00100000
v 0.05000000 0.02200000 -0.00100000
v 0.05000000 0.02200000 0.00100000
v 0.05000000 0.02400000 -0.00100000
v 0.05000000 0.02400000 0.00100000
v 0.05000000 0.02600000 -0.00100000
v 0.05000000 0.02600000 0.00100000
v 0.05000000 0.02800000 -0.00100000
v 0.05000000 0.02800000 0.00100000
v 0.05000000 0.03000000 -0.00100000
v 0.05000000 0.03000000 0.00100000
v 0.05000000 0.03200000 -0.00100000
v 0.05000000 0.03200000 0.00100000
v 0.05000000 0.03400000 -0.00100000
v 0.05000000 0.03400000 0.00100000
v 0.05000000 0.03600000 -0.00100000
v 0.05000000 0.03600000 0.00100000
v 0.05000000 0.03800000 -0.00100000
v 0.05000000 0.03800000 0.00100000
v 0.05000000 0.04000000 -0.00100000
v 0.05000000 0.04000000 0.00100000
v 0.05000000 0.04200000 -0.00100000
v 0.05000000 0.04200000 0.00100000
v 0.05000000 0.04400000 -0.00100000
v 0.05000000 0.04400000 0.00100000
v 0.05000000 0.04600000 -0.00100000
v 0.05000000 0.04600000 0.00100000
v 0.05000000 0.04800000 -0.00100000
v 0.05000000 0.04800000 0.00100000
v 0.05000000 0.05000000 -0.00100000
v 0.05000000 0.05000000 0.00100000
f 4 3 2
f 4 2 1
f 6 5 4
f 6 4 1
f 2 7 6
f 2 6 1
f 4 5 8
f 4 8 3
f 3 10 9
f 3 9 2
f 9 11 7
f 9 7 2
f 3 8 12
f 3 12 10
f 10 14 13
f 10 13 9
f 13 15 11
f 13 11 9
f 10 12 16
f 10 16 14
f 14 18 17
f 14 17 13
f 17 19 15
f 17 15 13
f 14 16 20
f 14 20 18
f 18 22 21
f 18 21 17
f 21 23 19
f 21 19 17
f 18 20 24
f 18 24 22
f 22 26 25
f 22 25 21
f 25 27 23
f 25 23 21
f 22 24 28
f 22 28 26
f 26 30 29
f 26 29 25
f 29 31 27
f 29 27 25
f 26 28 32
f 26 32 30
f 30 34 33
f 30 33 29
f 33 35 31
f 33 31 29
f 30 32 36
f 30 36 34
f 34 38 37
f 34 37 33
f 37 39 35
f 37 35 33
f 34 36 40
f 34 40 38
f 38 42 41
f 38 41 37
f 41 43 39
f 41 39 37
f 38 40 44
f 38 44 42
f 42 46 45
f 42 45 41
f 45 47 43
f 45 43 41
f 42 44 48
f 42 48 46
f 46 50 49
f 46 49 45
f 49 51 47
f 49 47 45
f 46 48 52
f 46 52 50
f 50 54 53
f 50 53 49
f 53 55 51
f 53 51 49
f 50 52 56
f 50 56 54
f 54 58 57
f 54 57 53
f 57 59 55
f 57 55 53
f 54 56 60
f 54 60 58
f 58 62 61
f 58 61 57
f 61 63 59
f 61 59 57
f 58 60 64
f 58 64 62
f 62 66 65
f 62 65 61
f 65 67 63
f 65 63 61
f 62 64 68
f 62 68 66
f 66 70 69
f 66 69 65
f 69 71 67
f 69 67 65
f 66 68 72
f 66 72 70
f 70 74 73
f 70 73 69
f 73 75 71
f 73 71 69
f 70 72 76
f 70 76 74
f 74 78 77
f 74 77 73
f 77 79 75
f 77 75 73
f 74 76 80
f 74 80 78
f 78 82 81
f 78 81 77
f 81 83 79
f 81 79 77
f 78 80 84
f 78 84 82
f 82 86 85
f 82 85 81
f 85 87 83
f 85 83 81
f 82 84 88
f 82 88 86
f 86 90 89
f 86 89 85
f 89 91 87
f 89 87 85
f 86 88 92
f 86 92 90
f 90 94 93
f 90 93 89
f 93 95 91
f 93 91 89
f 90 92 96
f 90 96 94
f 94 98 97
f 94 97 93
f 97 99 95
f 97 95 93
f 94 96 100
f 94 100 98
f 98 102 101
f 98 101 97
f 101 103 99
f 101 99 97
f 98 100 104
f 98 104 102
f 102 106 105
f 102 105 101
f 105 107 103
f 105 103 101
f 102 104 108
f 102 108 106
f 106 110 109
f 106 109 105
f 109 111 107
f 109 107 105
f 106 108 112
f 106 112 110
f 110 114 113
f 110 113 109
f 113 115 111
f 113 111 109
f 110 112 116
f 110 116 114
f 114 118 117
f 114 117 113
f 117 119 115
f 117 115 113
f 114 116 120
f 114 120 118
f 118 122 121
f 118 121 117
f 121 123 119
f 121 119 117
f 118 120 124
f 118 124 122
f 122 126 125
f 122 125 121
f 125 127 123
f 125 123 121
f 122 124 128
f 122 128 126
f 126 130 129
f 126 129 125
f 129 131 127
f 129 127 125
f 126 128 132
f 126 132 130
f 130 134 133
f 130 133 129
f 133 135 131
f 133 131 129
f 130 132 136
f 130 136 134
f 134 138 137
f 134 137 133
f 137 139 135
f 137 135 133
f 134 136 140
f 134 140 138
f 138 142 141
f 138 141 137
f 141 143 139
f 141 139 137
f 138 140 144
f 138 144 142
f 142 146 145
f 142 145 141
f 145 147 143
f 145 143 141
f 142 144 148
f 142 148 146
f 146 150 149
f 146 149 145
f 149 151 147
f 149 147 145
f 146 148 152
f 146 152 150
f 150 154 153
f 150 153 149
f 153 155 151
f 153 151 149
f 150 152 156
f 150 156 154
f 154 158 157
f 154 157 153
f 157 159 155
f 157 155 153
f 154 156 160
f 154 160 158
f 158 162 161
f 158 161 157
f 161 163 159
f 161 159 157
f 158 160 164
f 158 164 162
f 162 166 165
f 162 165 161
f 165 167 163
f 165 163 161
f 162 164 168
f 162 168 166
f 166 170 169
f 166 169 165
f 169 171 167
f 169 167 165
f 166 168 172
f 166 172 170
f 170 174 173
f 170 173 169
f 173 175 171
f 173 171 169
f 170 172 176
f 170 176 174
f 174 178 177
f 174 177 173
f 177 179 175
f 177 175 173
f 174 176 180
f 174 180 178
f 178 182 181
f 178 181 177
f 181 183 179
f 181 179 177
f 178 180 184
f 178 184 182
f 182 186 185
f 182 185 181
f 185 187 183
f 185 183 181
f 182 184 188
f 182 188 186
f 186 190 189
f 186 189 185
f 189 191 187
f 189 187 185
f 186 188 192
f 186 192 190
f 190 194 193
f 190 193 189
f 193 195 191
f 193 191 189
f 190 192 196
f 190 196 194
f 194 198 197
f 194 197 193
f 197 199 195
f 197 195 193
f 194 196 200
f 194 200 198
f 198 202 201
f 198 201 197
f 201 202 203
f 201 203 204
f 201 204 199
f 201 199 197
f 198 200 203
f 198 203 202
f 206 205 5
f 206 5 6
f 7 207 206
f 7 206 6
f 5 205 208
f 5 208 8
f 11 209 207
f 11 207 7
f 8 208 210
f 8 210 12
f 15 211 209
f 15 209 11
f 12 210 212
f 12 212 16
f 19 213 211
f 19 211 15
f 16 212 214
f 16 214 20
f 23 215 213
f 23 213 19
f 20 214 216
f 20 216 24
f 27 217 215
f 27 215 23
f 24 216 218
f 24 218 28
f 31 219 217
f 31 217 27
f 28 218 220
f 28 220 32
f 35 221 219
f 35 219 31
f 32 220 222
f 32 222 36
f 39 223 221
f 39 221 35
f 36 222 224
f 36 224 40
f 43 225 223
f 43 223 39
f 40 224 226
f 40 226 44
f 47 227 225
f 47 225 43
f 44 226 228
f 44 228 48
f 51 229 227
f 51 227 47
f 48 228 230
f 48 230 52
f 55 231 229
f 55 229 51
f 52 230 232
f 52 232 56
f 59 233 231
f 59 231 55
f 56 232 234
f 56 234 60
f 63 235 233
f 63 233 59
f 60 234 236
f 60 236 64
f 67 237 235
f 67 235 63
f 64 236 238
f 64 238 68
f 71 239 237
f 71 237 67
f 68 238 240
f 68 240 72
f 75 241 239
f 75 239 71
f 72 240 242
f 72 242 76
f 79 243 241
f 79 241 75
f 76 242 244
f 76 244 80
f 83 245 243
f 83 243 79
f 80 244 246
f 80 246 84
f 87 247 245
f 87 245 83
f 84 246 248
f 84 248 88
f 91 249 247
f 91 247 87
f 88 248 250
f 88 250 92
f 95 251 249
f 95 249 91
f 92 250 252
f 92 252 96
f 99 253 251
f 99 251 95
f 96 252 254
f 96 254 100
f 103 255 253
f 103 253 99
f 100 254 256
f 100 256 104
f 107 257 255
f 107 255 103
f 104 256 258
f 104 258 108
f 111 259 257
f 111 257 107
f 108 258 260
f 108 260 112
f 115 261 259
f 115 259 111
f 112 260 262
f 112 262 116
f 119 263 261
f 119 261 115
f 116 262 264
f 116 264 120
f 123 265 263
f 123 263 119
f 120 264 266
f 120 266 124
f 127 267 265
f 127 265 123
f 124 266 268
f 124 268 128
f 131 269 267
f 131 267 127
f 128 268 270
f 128 270 132
f 135 271 269
f 135 269 131
f 132 270 272
f 132 272 136
f 139 273 271
f 139 271 135
f 136 272 274
f 136 274 140
f 143 275 273
f 143 273 139
f 140 274 276
f 140 276 144
f 147 277 275
f 147 275 143
f 144 276 278
f 144 278 148
f 151 279 277
f 151 277 147
f 148 278 280
f 148 280 152
f 155 281 279
f 155 279 151
f 152 280 282
f 152 282 156
f 159 283 281
f 159 281 155
f 156 282 284
f 156 284 160
f 163 285 283
f 163 283 159
f 160 284 286
f 160 286 164
f 167 287 285
f 167 285 163
f 164 286 288
f 164 288 168
f 171 289 287
f 171 287 167
f 168 288 290
f 168 290 172
f 175 291 289
f 175 289 171
f 172 290 292
f 172 292 176
f 179 293 291
f 179 291 175
f 176 292 294
f 176 294 180
f 183 295 293
f 183 293 179
f 180 294 296
f 180 296 184
f 187 297 295
f 187 295 183
f 184 296 298
f 184 298 188
f 191 299 297
f 191 297 187
f 188 298 300
f 188 300 192
f 195 301 299
f 195 299 191
f 192 300 302
f 192 302 196
f 199 303 301
f 199 301 195
f 196 302 304
f 196 304 200
f 204 203 305
f 204 305 306
f 204 306 303
f 204 303 199
f 200 304 305
f 200 305 203
f 308 307 205
f 308 205 206
f 207 309 308
f 207 308 206
f 205 307 310
f 205 310 208
f 209 311 309
f 209 309 207
f 208 310 312
f 208 312 210
f 211 313 311
f 211 311 209
f 210 312 314
f 210 314 212
f 213 315 313
f 213 313 211
f 212 314 316
f 212 316 214
f 215 317 315
f 215 315 213
f 214 316 318
f 214 318 216
f 217 319 317
f 217 317 215
f 216 318 320
f 216 320 218
f 219 321 319
f 219 319 217
f 218 320 322
f 218 322 220
f 221 323 321
f 221 321 219
f 220 322 324
f 220 324 222
f 223 325 323
f 223 323 221
f 222 324 326
f 222 326 224
f 225 327 325
f 225 325 223
f 224 326 328
f 224 328 226
f 227 329 327
f 227 327 225
f 226 328 330
f 226 330 228
f 229 331 329
f 229 329 227
f 228 330 332
f 228 332 230
f 231 333 331
f 231 331 229
f 230 332 334
f 230 334 232
f 233 335 333
f 233 333 231
f 232 334 336
f 232 336 234
f 235 337 335
f 235 335 233
f 234 336 338
f 234 338 236
f 237 339 337
f 237 337 235
f 236 338 340
f 236 340 238
f 239 341 339
f 239 339 237
f 238 340 342
f 238 342 240
f 241 343 341
f 241 341 239
f 240 342 344
f 240 344 242
f 243 345 343
f 243 343 241
f 242 344 346
f 242 346 244
f 245 347 345
f 245 345 243
f 244 346 348
f 244 348 246
f 247 349 347
f 247 347 245
f 246 348 350
f 246 350 248
f 249 351 349
f 249 349 247
f 248 350 352
f 248 352 250
f 251 353 351
f 251 351 249
f 250 352 354
f 250 354 252
f 253 355 353
f 253 353 251
f 252 354 356
f 252 356 254
f 255 357 355
f 255 355 253
f 254 356 358
f 254 358 256
f 257 359 357
f 257 357 255
f 256 358 360
f 256 360 258
f 259 361 359
f 259 359 257
f 258 360 362
f 258 362 260
f 261 363 361
f 261 361 259
f 260 362 364
f 260 364 262
f 263 365 363
f 263 363 261
f 262 364 366
f 262 366 264
f 265 367 365
f 265 365 263
f 264 366 368
f 264 368 266
f 267 369 367
f 267 367 265
f 266 368 370
f 266 370 268
f 269 371 369
f 269 369 267
f 268 370 372
f 268 372 270
f 271 373 371
f 271 371 269
f 270 372 374
f 270 374 272
f 273 375 373
f 273 373 271
f 272 374 376
f 272 376 274
f 275 377 375
f 275 375 273
f 274 376 378
f 274 378 276
f 277 379 377
f 277 377 275
f 276 378 380
f 276 380 278
f 279 381 379
f 279 379 277
f 278 380 382
f 278 382 280
f 281 383 381
f 281 381 279
f 280 382 384
f 280 384 282
f 283 385 383
f 283 383 281
f 282 384 386
f 282 386 284
f 285 387 385
f 285 385 283
f 284 386 388
f 284 388 286
f 287 389 387
f 287 387 285
f 286 388 390
f 286 390 288
f 289 391 389
f 289 389 287
f 288 390 392
f 288 392 290
f 291 393 391
f 291 391 289
f 290 392 394
f 290 394 292
f 293 395 393
f 293 393 291
f 292 394 396
f 292 396 294
f 295 397 395
f 295 395 293
f 294 396 398
f 294 398 296
f 297 399 397
f 297 397 295
f 296 398 400
f 296 400 298
f 299 401 399
f 299 399 297
f 298 400 402
f 298 402 300
f 301 403 401
f 301 401 299
f 300 402 404
f 300 404 302
f 303 405 403
f 303 403 301
f 302 404 406
f 302 406 304
f 306 305 407
f 306 407 408
f 306 408 405
f 306 405 303
f 304 406 407
f 304 407 305
f 410 409 307
f 410 307 308
f 309 411 410
f 309 410 308
f 307 409 412
f 307 412 310
f 311 413 411
f 311 411 309
f 310 412 414
f 310 414 312
f 313 415 413
f 313 413 311
f 312 414 416
f 312 416 314
f 315 417 415
f 315 415 313
f 314 416 418
f 314 418 316
f 317 419 417
f 317 417 315
f 316 418 420
f 316 420 318
f 319 421 419
f 319 419 317
f 318 420 422
f 318 422 320
f 321 423 421
f 321 421 319
f 320 422 424
f 320 424 322
f 323 425 423
f 323 423 321
f 322 424 426
f 322 426 324
f 325 427 425
f 325 425 323
f 324 426 428
f 324 428 326
f 327 429 427
f 327 427 325
f 326 428 430
f 326 430 328
f 329 431 429
f 329 429 327
f 328 430 432
f 328 432 330
f 331 433 431
f 331 431 329
f 330 432 434
f 330 434 332
f 333 435 433
f 333 433 331
f 332 434 436
f 332 436 334
f 335 437 435
f 335 435 333
f 334 436 438
f 334 438 336
f 337 439 437
f 337 437 335
f 336 438 440
f 336 440 338
f 339 441 439
f 339 439 337
f 338 440 442
f 338 442 340
f 341 443 441
f 341 441 339
f 340 442 444
f 340 444 342
f 343 445 443
f 343 443 341
f 342 444 446
f 342 446 344
f 345 447 445
f 345 445 343
f 344 446 448
f 344 448 346
f 347 449 447
f 347 447 345
f 346 448 450
f 346 450 348
f 349 451 449
f 349 449 347
f 348 450 452
f 348 452 350
f 351 453 451
f 351 451 349
f 350 452 454
f 350 454 352
f 353 455 453
f 353 453 351
f 352 454 456
f 352 456 354
f 355 457 455
f 355 455 353
f 354 456 458
f 354 458 356
f 357 459 457
f 357 457 355
f 356 458 460
f 356 460 358
f 359 461 459
f 359 459 357
f 358 460 462
f 358 462 360
f 361 463 461
f 361 461 359
f 360 462 464
f 360 464 362
f 363 465 463
f 363 463 361
f 362 464 466
f 362 466 364
f 365 467 465
f 365 465 363
f 364 466 468
f 364 468 366
f 367 469 467
f 367 467 365
f 366 468 470
f 366 470 368
f 369 471 469
f 369 469 367
f 368 470 472
f 368 472 370
f 371 473 471
f 371 471 369
f 370 472 474
f 370 474 372
f 373 475 473
f 373 473 371
f 372 474 476
f 372 476 374
f 375 477 475
f 375 475 373
f 374 476 478
f 374 478 376
f 377 479 477
f 377 477 375
f 376 478 480
f 376 480 378
f 379 481 479
f 379 479 377
f 378 480 482
f 378 482 380
f 381 483 481
f 381 481 379
f 380 482 484
f 380 484 382
f 383 485 483
f 383 483 381
f 382 484 486
f 382 486 384
f 385 487 485
f 385 485 383
f 384 486 488
f 384 488 386
f 387 489 487
f 387 487 385
f 386 488 490
f 386 490 388
f 389 491 489
f 389 489 387
f 388 490 492
f 388 492 390
f 391 493 491
f 391 491 389
f 390 492 494
f 390 494 392
f 393 495 493
f 393 493 391
f 392 494 496
f 392 496 394
f 395 497 495
f 395 495 393
f 394 496 498
f 394 498 396
f 397 499 497
f 397 497 395
f 396 498 500
f 396 500 398
f 399 501 499
f 399 499 397
f 398 500 502
f 398 502 400
f 401 503 501
f 401 501 399
f 400 502 504
f 400 504 402
f 403 505 503
f 403 503 401
f 402 504 506
f 402 506 404
f 405 507 505
f 405 505 403
f 404 506 508
f 404 508 406
f 408 407 509
f 408 509 510
f 408 510 507
f 408 507 405
f 406 508 509
f 406 509 407
f 512 511 409
f 512 409 410
f 411 513 512
f 411 512 410
f 409 511 514
f 409 514 412
f 413 515 513
f 413 513 411
f 412 514 516
f 412 516 414
f 415 517 515
f 415 515 413
f 414 516 518
f 414 518 416
f 417 519 517
f 417 517 415
f 416 518 520
f 416 520 418
f 419 521 519
f 419 519 417
f 418 520 522
f 418 522 420
f 421 523 521
f 421 521 419
f 420 522 524
f 420 524 422
f 423 525 523
f 423 523 421
f 422 524 526
f 422 526 424
f 425 527 525
f 425 525 423
f 424 526 528
f 424 528 426
f 427 529 527
f 427 527 425
f 426 528 530
f 426 530 428
f 429 531 529
f 429 529 427
f 428 530 532
f 428 532 430
f 431 533 531
f 431 531 429
f 430 532 534
f 430 534 432
f 433 535 533
f 433 533 431
f 432 534 536
f 432 536 434
f 435 537 535
f 435 535 433
f 434 536 538
f 434 538 436
f 437 539 537
f 437 537 435
f 436 538 540
f 436 540 438
f 439 541 539
f 439 539 437
f 438 540 542
f 438 542 440
f 441 543 541
f 441 541 439
f 440 542 544
f 440 544 442
f 443 545 543
f 443 543 441
f 442 544 546
f 442 546 444
f 445 547 545
f 445 545 443
f 444 546 548
f 444 548 446
f 447 549 547
f 447 547 445
f 446 548 550
f 446 550 448
f 449 551 549
f 449 549 447
f 448 550 552
f 448 552 450
f 451 553 551
f 451 551 449
f 450 552 554
f 450 554 452
f 453 555 553
f 453 553 451
f 452 554 556
f 452 556 454
f 455 557 555
f 455 555 453
f 454 556 558
f 454 558 456
f 457 559 557
f 457 557 455
f 456 558 560
f 456 560 458
f 459 561 559
f 459 559 457
f 458 560 562
f 458 562 460
f 461 563 561
f 461 561 459
f 460 562 564
f 460 564 462
f 463 565 563
f 463 563 461
f 462 564 566
f 462 566 464
f 465 567 565
f 465 565 463
f 464 566 568
f 464 568 466
f 467 569 567
f 467 567 465
f 466 568 570
f 466 570 468
f 469 571 569
f 469 569 467
f 468 570 572
f 468 572 470
f 471 573 571
f 471 571 469
f 470 572 574
f 470 574 472
f 473 575 573
f 473 573 471
f 472 574 576
f 472 576 474
f 475 577 575
f 475 575 473
f 474 576 578
f 474 578 476
f 477 579 577
f 477 577 475
f 476 578 580
f 476 580 478
f 479 581 579
f 479 579 477
f 478 580 582
f 478 582 480
f 481 583 581
f 481 581 479
f 480 582 584
f 480 584 482
f 483 585 583
f 483 583 481
f 482 584 586
f 482 586 484
f 485 587 585
f 485 585 483
f 484 586 588
f 484 588 486
f 487 589 587
f 487 587 485
f 486 588 590
f 486 590 488
f 489 591 589
f 489 589 487
f 488 590 592
f 488 592 490
f 491 593 591
f 491 591 489
f 490 592 594
f 490 594 492
f 493 595 593
f 493 593 491
f 492 594 596
f 492 596 494
f 495 597 595
f 495 595 493
f 494 596 598
f 494 598 496
f 497 599 597
f 497 597 495
f 496 598 600
f 496 600 498
f 499 601 599
f 499 599 497
f 498 600 602
f 498 602 500
f 501 603 601
f 501 601 499
f 500 602 604
f 500 604 502
f 503 605 603
f 503 603 501
f 502 604 606
f 502 606 504
f 505 607 605
f 505 605 503
f 504 606 608
f 504 608 506
f 507 609 607
f 507 607 505
f 506 608 610
f 506 610 508
f 510 509 611
f 510 611 612
f 510 612 609
f 510 609 507
f 508 610 611
f 508 611 509
f 614 613 511
f 614 511 512
f 513 615 614
f 513 614 512
f 511 613 616
f 511 616 514
f 515 617 615
f 515 615 513
f 514 616 618
f 514 618 516
f 517 619 617
f 517 617 515
f 516 618 620
f 516 620 518
f 519 621 619
f 519 619 517
f 518 620 622
f 518 622 520
f 521 623 621
f 521 621 519
f 520 622 624
f 520 624 522
f 523 625 623
f 523 623 521
f 522 624 626
f 522 626 524
f 525 627 625
f 525 625 523
f 524 626 628
f 524 628 526
f 527 629 627
f 527 627 525
f 526 628 630
f 526 630 528
f 529 631 629
f 529 629 527
f 528 630 632
f 528 632 530
f 531 633 631
f 531 631 529
f 530 632 634
f 530 634 532
f 533 635 633
f 533 633 531
f 532 634 636
f 532 636 534
f 535 637 635
f 535 635 533
f 534 636 638
f 534 638 536
f 537 639 637
f 537 637 535
f 536 638 640
f 536 640 538
f 539 641 639
f 539 639 537
f 538 640 642
f 538 642 540
f 541 643 641
f 541 641 539
f 540 642 644
f 540 644 542
f 543 645 643
f 543 643 541
f 542 644 646
f 542 646 544
f 545 647 645
f 545 645 543
f 544 646 648
f 544 648 546
f 547 649 647
f 547 647 545
f 546 648 650
f 546 650 548
f 549 651 649
f 549 649 547
f 548 650 652
f 548 652 550
f 551 653 651
f 551 651 549
f 550 652 654
f 550 654 552
f 553 655 653
f 553 653 551
f 552 654 656
f 552 656 554
f 555 657 655
f 555 655 553
f 554 656 658
f 554 658 556
f 557 659 657
f 557 657 555
f 556 658 660
f 556 660 558
f 559 661 659
f 559 659 557
f 558 660 662
f 558 662 560
f 561 663 661
f 561 661 559
f 560 662 664
f 560 664 562
f 563 665 663
f 563 663 561
f 562 664 666
f 562 666 564
f 565 667 665
f 565 665 563
f 564 666 668
f 564 668 566
f 567 669 667
f 567 667 565
f 566 668 670
f 566 670 568
f 569 671 669
f 569 669 567
f 568 670 672
f 568 672 570
f 571 673 671
f 571 671 569
f 570 672 674
f 570 674 572
f 573 675 673
f 573 673 571
f 572 674 676
f 572 676 574
f 575 677 675
f 575 675 573
f 574 676 678
f 574 678 576
f 577 679 677
f 577 677 575
f 576 678 680
f 576 680 578
f 579 681 679
f 579 679 577
f 578 680 682
f 578 682 580
f 581 683 681
f 581 681 579
f 580 682 684
f 580 684 582
f 583 685 683
f 583 683 581
f 582 684 686
f 582 686 584
f 585 687 685
f 585 685 583
f 584 686 688
f 584 688 586
f 587 689 687
f 587 687 585
f 586 688 690
f 586 690 588
f 589 691 689
f 589 689 587
f 588 690 692
f 588 692 590
f 591 693 691
f 591 691 589
f 590 692 694
f 590 694 592
f 593 695 693
f 593 693 591
f 592 694 696
f 592 696 594
f 595 697 695
f 595 695 593
f 594 696 698
f 594 698 596
f 597 699 697
f 597 697 595
f 596 698 700
f 596 700 598
f 599 701 699
f 599 699 597
f 598 700 702
f 598 702 600
f 601 703 701
f 601 701 599
f 600 702 704
f 600 704 602
f 603 705 703
f 603 703 601
f 602 704 706
f 602 706 604
f 605 707 705
f 605 705 603
f 604 706 708
f 604 708 606
f 607 709 707
f 607 707 605
f 606 708 710
f 606 710 608
f 609 711 709
f 609 709 607
f 608 710 712
f 608 712 610
f 612 611 713
f 612 713 714
f 612 714 711
f 612 711 609
f 610 712 713
f 610 713 611
f 716 715 613
f 716 613 614
f 615 717 716
f 615 716 614
f 613 715 718
f 613 718 616
f 617 719 717
f 617 717 615
f 616 718 720
f 616 720 618
f 619 721 719
f 619 719 617
f 618 720 722
f 618 722 620
f 621 723 721
f 621 721 619
f 620 722 724
f 620 724 622
f 623 725 723
f 623 723 621
f 622 724 726
f 622 726 624
f 625 727 725
f 625 725 623
f 624 726 728
f 624 728 626
f 627 729 727
f 627 727 625
f 626 728 730
f 626 730 628
f 629 731 729
f 629 729 627
f 628 730 732
f 628 732 630
f 631 733 731
f 631 731 629
f 630 732 734
f 630 734 632
f 633 735 733
f 633 733 631
f 632 734 736
f 632 736 634
f 635 737 735
f 635 735 633
f 634 736 738
f 634 738 636
f 637 739 737
f 637 737 635
f 636 738 740
f 636 740 638
f 639 741 739
f 639 739 637
f 638 740 742
f 638 742 640
f 641 743 741
f 641 741 639
f 640 742 744
f 640 744 642
f 643 745 743
f 643 743 641
f 642 744 746
f 642 746 644
f 645 747 745
f 645 745 643
f 644 746 748
f 644 748 646
f 647 749 747
f 647 747 645
f 646 748 750
f 646 750 648
f 649 751 749
f 649 749 647
f 648 750 752
f 648 752 650
f 651 753 751
f 651 751 649
f 650 752 754
f 650 754 652
f 653 755 753
f 653 753 651
f 652 754 756
f 652 756 654
f 655 757 755
f 655 755 653
f 654 756 758
f 654 758 656
f 657 759 757
f 657 757 655
f 656 758 760
f 656 760 658
f 659 761 759
f 659 759 657
f 658 760 762
f 658 762 660
f 661 763 761
f 661 761 659
f 660 762 764
f 660 764 662
f 663 765 763
f 663 763 661
f 662 764 766
f 662 766 664
f 665 767 765
f 665 765 663
f 664 766 768
f 664 768 666
f 667 769 767
f 667 767 665
f 666 768 770
f 666 770 668
f 669 771 769
f 669 769 667
f 668 770 772
f 668 772 670
f 671 773 771
f 671 771 669
f 670 772 774
f 670 774 672
f 673 775 773
f 673 773 671
f 672 774 776
f 672 776 674
f 675 777 775
f 675 775 673
f 674 776 778
f 674 778 676
f 677 779 777
f 677 777 675
f 676 778 780
f 676 780 678
f 679 781 779
f 679 779 677
f 678 780 782
f 678 782 680
f 681 783 781
f 681 781 679
f 680 782 784
f 680 784 682
f 683 785 783
f 683 783 681
f 682 784 786
f 682 786 684
f 685 787 785
f 685 785 683
f 684 786 788
f 684 788 686
f 687 789 787
f 687 787 685
f 686 788 790
f 686 790 688
f 689 791 789
f 689 789 687
f 688 790 792
f 688 792 690
f 691 793 791
f 691 791 689
f 690 792 794
f 690 794 692
f 693 795 793
f 693 793 691
f 692 794 796
f 692 796 694
f 695 797 795
f 695 795 693
f 694 796 798
f 694 798 696
f 697 799 797
f 697 797 695
f 696 798 800
f 696 800 698
f 699 801 799
f 699 799 697
f 698 800 802
f 698 802 700
f 701 803 801
f 701 801 699
f 700 802 804
f 700 804 702
f 703 805 803
f 703 803 701
f 702 804 806
f 702 806 704
f 705 807 805
f 705 805 703
f 704 806 808
f 704 808 706
f 707 809 807
f 707 807 705
f 706 808 810
f 706 810 708
f 709 811 809
f 709 809 707
f 708 810 812
f 708 812 710
f 711 813 811
f 711 811 709
f 710 812 814
f 710 814 712
f 714 713 815
f 714 815 816
f 714 816 813
f 714 813 711
f 712 814 815
f 712 815 713
f 818 817 715
f 818 715 716
f 717 819 818
f 717 818 716
f 715 817 820
f 715 820 718
f 719 821 819
f 719 819 717
f 718 820 822
f 718 822 720
f 721 823 821
f 721 821 719
f 720 822 824
f 720 824 722
f 723 825 823
f 723 823 721
f 722 824 826
f 722 826 724
f 725 827 825
f 725 825 723
f 724 826 828
f 724 828 726
f 727 829 827
f 727 827 725
f 726 828 830
f 726 830 728
f 729 831 829
f 729 829 727
f 728 830 832
f 728 832 730
f 731 833 831
f 731 831 729
f 730 832 834
f 730 834 732
f 733 835 833
f 733 833 731
f 732 834 836
f 732 836 734
f 735 837 835
f 735 835 733
f 734 836 838
f 734 838 736
f 737 839 837
f 737 837 735
f 736 838 840
f 736 840 738
f 739 841 839
f 739 839 737
f 738 840 842
f 738 842 740
f 741 843 841
f 741 841 739
f 740 842 844
f 740 844 742
f 743 845 843
f 743 843 741
f 742 844 846
f 742 846 744
f 745 847 845
f 745 845 743
f 744 846 848
f 744 848 746
f 747 849 847
f 747 847 745
f 746 848 850
f 746 850 748
f 749 851 849
f 749 849 747
f 748 850 852
f 748 852 750
f 751 853 851
f 751 851 749
f 750 852 854
f 750 854 752
f 753 855 853
f 753 853 751
f 752 854 856
f 752 856 754
f 755 857 855
f 755 855 753
f 754 856 858
f 754 858 756
f 757 859 857
f 757 857 755
f 756 858 860
f 756 860 758
f 759 861 859
f 759 859 757
f 758 860 862
f 758 862 760
f 761 863 861
f 761 861 759
f 760 862 864
f 760 864 762
f 763 865 863
f 763 863 761
f 762 864 866
f 762 866 764
f 765 867 865
f 765 865 763
f 764 866 868
f 764 868 766
f 767 869 867
f 767 867 765
f 766 868 870
f 766 870 768
f 769 871 869
f 769 869 767
f 768 870 872
f 768 872 770
f 771 873 871
f 771 871 769
f 770 872 874
f 770 874 772
f 773 875 873
f 773 873 771
f 772 874 876
f 772 876 774
f 775 877 875
f 775 875 773
f 774 876 878
f 774 878 776
f 777 879 877
f 777 877 775
f 776 878 880
f 776 880 778
f 779 881 879
f 779 879 777
f 778 880 882
f 778 882 780
f 781 883 881
f 781 881 779
f 780 882 884
f 780 884 782
f 783 885 883
f 783 883 781
f 782 884 886
f 782 886 784
f 785 887 885
f 785 885 783
f 784 886 888
f 784 888 786
f 787 889 887
f 787 887 785
f 786 888 890
f 786 890 788
f 789 891 889
f 789 889 787
f 788 890 892
f 788 892 790
f 791 893 891
f 791 891 789
f 790 892 894
f 790 894 792
f 793 895 893
f 793 893 791
f 792 894 896
f 792 896 794
f 795 897 895
f 795 895 793
f 794 896 898
f 794 898 796
f 797 899 897
f 797 897 795
f 796 898 900
f 796 900 798
f 799 901 899
f 799 899 797
f 798 900 902
f 798 902 800
f 801 903 901
f 801 901 799
f 800 902 904
f 800 904 802
f 803 905 903
f 803 903 801
f 802 904 906
f 802 906 804
f 805 907 905
f 805 905 803
f 804 906 908
f 804 908 806
f 807 909 907
f 807 907 805
f 806 908 910
f 806 910 808
f 809 911 909
f 809 909 807
f 808 910 912
f 808 912 810
f 811 913 911
f 811 911 809
f 810 912 914
f 810 914 812
f 813 915 913
f 813 913 811
f 812 914 916
f 812 916 814
f 816 815 917
f 816 917 918
f 816 918 915
f 816 915 813
f 814 916 917
f 814 917 815
f 920 919 817
f 920 817 818
f 819 921 920
f 819 920 818
f 817 919 922
f 817 922 820
f 821 923 921
f 821 921 819
f 820 922 924
f 820 924 822
f 823 925 923
f 823 923 821
f 822 924 926
f 822 926 824
f 825 927 925
f 825 925 823
f 824 926 928
f 824 928 826
f 827 929 927
f 827 927 825
f 826 928 930
f 826 930 828
f 829 931 929
f 829 929 827
f 828 930 932
f 828 932 830
f 831 933 931
f 831 931 829
f 830 932 934
f 830 934 832
f 833 935 933
f 833 933 831
f 832 934 936
f 832 936 834
f 835 937 935
f 835 935 833
f 834 936 938
f 834 938 836
f 837 939 937
f 837 937 835
f 836 938 940
f 836 940 838
f 839 941 939
f 839 939 837
f 838 940 942
f 838 942 840
f 841 943 941
f 841 941 839
f 840 942 944
f 840 944 842
f 843 945 943
f 843 943 841
f 842 944 946
f 842 946 844
f 845 947 945
f 845 945 843
f 844 946 948
f 844 948 846
f 847 949 947
f 847 947 845
f 846 948 950
f 846 950 848
f 849 951 949
f 849 949 847
f 848 950 952
f 848 952 850
f 851 953 951
f 851 951 849
f 850 952 954
f 850 954 852
f 853 955 953
f 853 953 851
f 852 954 956
f 852 956 854
f 855 957 955
f 855 955 853
f 854 956 958
f 854 958 856
f 857 959 957
f 857 957 855
f 856 958 960
f 856 960 858
f 859 961 959
f 859 959 857
f 858 960 962
f 858 962 860
f 861 963 961
f 861 961 859
f 860 962 964
f 860 964 862
f 863 965 963
f 863 963 861
f 862 964 966
f 862 966 864
f 865 967 965
f 865 965 863
f 864 966 968
f 864 968 866
f 867 969 967
f 867 967 865
f 866 968 970
f 866 970 868
f 869 971 969
f 869 969 867
f 868 970 972
f 868 972 870
f 871 973 971
f 871 971 869
f 870 972 974
f 870 974 872
f 873 975 973
f 873 973 871
f 872 974 976
f 872 976 874
f 875 977 975
f 875 975 873
f 874 976 978
f 874 978 876
f 877 979 977
f 877 977 875
f 876 978 980
f 876 980 878
f 879 981 979
f 879 979 877
f 878 980 982
f 878 982 880
f 881 983 981
f 881 981 879
f 880 982 984
f 880 984 882
f 883 985 983
f 883 983 881
f 882 984 986
f 882 986 884
f 885 987 985
f 885 985 883
f 884 986 988
f 884 988 886
f 887 989 987
f 887 987 885
f 886 988 990
f 886 990 888
f 889 991 989
f 889 989 887
f 888 990 992
f 888 992 890
f 891 993 991
f 891 991 889
f 890 992 994
f 890 994 892
f 893 995 993
f 893 993 891
f 892 994 996
f 892 996 894
f 895 997 995
f 895 995 893
f 894 996 998
f 894 998 896
f 897 999 997
f 897 997 895
f 896 998 1000
f 896 1000 898
f 899 1001 999
f 899 999 897
f 898 1000 1002
f 898 1002 900
f 901 1003 1001
f 901 1001 899
f 900 1002 1004
f 900 1004 902
f 903 1005 1003
f 903 1003 901
f 902 1004 1006
f 902 1006 904
f 905 1007 1005
f 905 1005 903
f 904 1006 1008
f 904 1008 906
f 907 1009 1007
f 907 1007 905
f 906 1008 1010
f 906 1010 908
f 909 1011 1009
f 909 1009 907
f 908 1010 1012
f 908 1012 910
f 911 1013 1011
f 911 1011 909
f 910 1012 1014
f 910 1014 912
f 913 1015 1013
f 913 1013 911
f 912 1014 1016
f 912 1016 914
f 915 1017 1015
f 915 1015 913
f 914 1016 1018
f 914 1018 916
f 918 917 1019
f 918 1019 1020
f 918 1020 1017
f 918 1017 915
f 916 1018 1019
f 916 1019 917
f 1022 1021 919
f 1022 919 920
f 921 1023 1022
f 921 1022 920
f 919 1021 1024
f 919 1024 922
f 923 1025 1023
f 923 1023 921
f 922 1024 1026
f 922 1026 924
f 925 1027 1025
f 925 1025 923
f 924 1026 1028
f 924 1028 926
f 927 1029 1027
f 927 1027 925
f 926 1028 1030
f 926 1030 928
f 929 1031 1029
f 929 1029 927
f 928 1030 1032
f 928 1032 930
f 931 1033 1031
f 931 1031 929
f 930 1032 1034
f 930 1034 932
f 933 1035 1033
f 933 1033 931
f 932 1034 1036
f 932 1036 934
f 935 1037 1035
f 935 1035 933
f 934 1036 1038
f 934 1038 936
f 937 1039 1037
f 937 1037 935
f 936 1038 1040
f 936 1040 938
f 939 1041 1039
f 939 1039 937
f 938 1040 1042
f 938 1042 940
f 941 1043 1041
f 941 1041 939
f 940 1042 1044
f 940 1044 942
f 943 1045 1043
f 943 1043 941
f 942 1044 1046
f 942 1046 944
f 945 1047 1045
f 945 1045 943
f 944 1046 1048
f 944 1048 946
f 947 1049 1047
f 947 1047 945
f 946 1048 1050
f 946 1050 948
f 949 1051 1049
f 949 1049 947
f 948 1050 1052
f 948 1052 950
f 951 1053 1051
f 951 1051 949
f 950 1052 1054
f 950 1054 952
f 953 1055 1053
f 953 1053 951
f 952 1054 1056
f 952 1056 954
f 955 1057 1055
f 955 1055 953
f 954 1056 1058
f 954 1058 956
f 957 1059 1057
f 957 1057 955
f 956 1058 1060
f 956 1060 958
f 959 1061 1059
f 959 1059 957
f 958 1060 1062
f 958 1062 960
f 961 1063 1061
f 961 1061 959
f 960 1062 1064
f 960 1064 962
f 963 1065 1063
f 963 1063 961
f 962 1064 1066
f 962 1066 964
f 965 1067 1065
f 965 1065 963
f 964 1066 1068
f 964 1068 966
f 967 1069 1067
f 967 1067 965
f 966 1068 1070
f 966 1070 968
f 969 1071 1069
f 969 1069 967
f 968 1070 1072
f 968 1072 970
f 971 1073 1071
f 971 1071 969
f 970 1072 1074
f 970 1074 972
f 973 1075 1073
f 973 1073 971
f 972 1074 1076
f 972 1076 974
f 975 1077 1075
f 975 1075 973
f 974 1076 1078
f 974 1078 976
f 977 1079 1077
f 977 1077 975
f 976 1078 1080
f 976 1080 978
f 979 1081 1079
f 979 1079 977
f 978 1080 1082
f 978 1082 980
f 981 1083 1081
f 981 1081 979
f 980 1082 1084
f 980 1084 982
f 983 1085 1083
f 983 1083 981
f 982 1084 1086
f 982 1086 984
f 985 1087 1085
f 985 1085 983
f 984 1086 1088
f 984 1088 986
f 987 1089 1087
f 987 1087 985
f 986 1088 1090
f 986 1090 988
f 989 1091 1089
f 989 1089 987
f 988 1090 1092
f 988 1092 990
f 991 1093 1091
f 991 1091 989
f 990 1092 1094
f 990 1094 992
f 993 1095 1093
f 993 1093 991
f 992 1094 1096
f 992 1096 994
f 995 1097 1095
f 995 1095 993
f 994 1096 1098
f 994 1098 996
f 997 1099 1097
f 997 1097 995
f 996 1098 1100
f 996 1100 998
f 999 1101 1099
f 999 1099 997
f 998 1100 1102
f 998 1102 1000
f 1001 1103 1101
f 1001 1101 999
f 1000 1102 1104
f 1000 1104 1002
f 1003 1105 1103
f 1003 1103 1001
f 1002 1104 1106
f 1002 1106 1004
f 1005 1107 1105
f 1005 1105 1003
f 1004 1106 1108
f 1004 1108 1006
f 1007 1109 1107
f 1007 1107 1005
f 1006 1108 1110
f 1006 1110 1008
f 1009 1111 1109
f 1009 1109 1007
f 1008 1110 1112
f 1008 1112 1010
f 1011 1113 1111
f 1011 1111 1009
f 1010 1112 1114
f 1010 1114 1012
f 1013 1115 1113
f 1013 1113 1011
f 1012 1114 1116
f 1012 1116 1014
f 1015 1117 1115
f 1015 1115 1013
f 1014 1116 1118
f 1014 1118 1016
f 1017 1119 1117
f 1017 1117 1015
f 1016 1118 1120
f 1016 1120 1018
f 1020 1019 1121
f 1020 1121 1122
f 1020 1122 1119
f 1020 1119 1017
f 1018 1120 1121
f 1018 1121 1019
f 1124 1123 1021
f 1124 1021 1022
f 1023 1125 1124
f 1023 1124 1022
f 1021 1123 1126
f 1021 1126 1024
f 1025 1127 1125
f 1025 1125 1023
f 1024 1126 1128
f 1024 1128 1026
f 1027 1129 1127
f 1027 1127 1025
f 1026 1128 1130
f 1026 1130 1028
f 1029 1131 1129
f 1029 1129 1027
f 1028 1130 1132
f 1028 1132 1030
f 1031 1133 1131
f 1031 1131 1029
f 1030 1132 1134
f 1030 1134 1032
f 1033 1135 1133
f 1033 1133 1031
f 1032 1134 1136
f 1032 1136 1034
f 1035 1137 1135
f 1035 1135 1033
f 1034 1136 1138
f 1034 1138 1036
f 1037 1139 1137
f 1037 1137 1035
f 1036 1138 1140
f 1036 1140 1038
f 1039 1141 1139
f 1039 1139 1037
f 1038 1140 1142
f 1038 1142 1040
f 1041 1143 1141
f 1041 1141 1039
f 1040 1142 1144
f 1040 1144 1042
f 1043 1145 1143
f 1043 1143 1041
f 1042 1144 1146
f 1042 1146 1044
f 1045 1147 1145
f 1045 1145 1043
f 1044 1146 1148
f 1044 1148 1046
f 1047 1149 1147
f 1047 1147 1045
f 1046 1148 1150
f 1046 1150 1048
f 1049 1151 1149
f 1049 1149 1047
f 1048 1150 1152
f 1048 1152 1050
f 1051 1153 1151
f 1051 1151 1049
f 1050 1152 1154
f 1050 1154 1052
f 1053 1155 1153
f 1053 1153 1051
f 1052 1154 1156
f 1052 1156 1054
f 1055 1157 1155
f 1055 1155 1053
f 1054 1156 1158
f 1054 1158 1056
f 1057 1159 1157
f 1057 1157 1055
f 1056 1158 1160
f 1056 1160 1058
f 1059 1161 1159
f 1059 1159 1057
f 1058 1160 1162
f 1058 1162 1060
f 1061 1163 1161
f 1061 1161 1059
f 1060 1162 1164
f 1060 1164 1062
f 1063 1165 1163
f 1063 1163 1061
f 1062 1164 1166
f 1062 1166 1064
f 1065 1167 1165
f 1065 1165 1063
f 1064 1166 1168
f 1064 1168 1066
f 1067 1169 1167
f 1067 1167 1065
f 1066 1168 1170
f 1066 1170 1068
f 1069 1171 1169
f 1069 1169 1067
f 1068 1170 1172
f 1068 1172 1070
f 1071 1173 1171
f 1071 1171 1069
f 1070 1172 1174
f 1070 1174 1072
f 1073 1175 1173
f 1073 1173 1071
f 1072 1174 1176
f 1072 1176 1074
f 1075 1177 1175
f 1075 1175 1073
f 1074 1176 1178
f 1074 1178 1076
f 1077 1179 1177
f 1077 1177 1075
f 1076 1178 1180
f 1076 1180 1078
f 1079 1181 1179
f 1079 1179 1077
f 1078 1180 1182
f 1078 1182 1080
f 1081 1183 1181
f 1081 1181 1079
f 1080 1182 1184
f 1080 1184 1082
f 1083 1185 1183
f 1083 1183 1081
f 1082 1184 1186
f 1082 1186 1084
f 1085 1187 1185
f 1085 1185 1083
f 1084 1186 1188
f 1084 1188 1086
f 1087 1189 1187
f 1087 1187 1085
f 1086 1188 1190
f 1086 1190 1088
f 1089 1191 1189
f 1089 1189 1087
f 1088 1190 1192
f 1088 1192 1090
f 1091 1193 1191
f 1091 1191 1089
f 1090 1192 1194
f 1090 1194 1092
f 1093 1195 1193
f 1093 1193 1091
f 1092 1194 1196
f 1092 1196 1094
f 1095 1197 1195
f 1095 1195 1093
f 1094 1196 1198
f 1094 1198 1096
f 1097 1199 1197
f 1097 1197 1095
f 1096 1198 1200
f 1096 1200 1098
f 1099 1201 1199
f 1099 1199 1097
f 1098 1200 1202
f 1098 1202 1100
f 1101 1203 1201
f 1101 1201 1099
f 1100 1202 1204
f 1100 1204 1102
f 1103 1205 1203
f 1103 1203 1101
f 1102 1204 1206
f 1102 1206 1104
f 1105 1207 1205
f 1105 1205 1103
f 1104 1206 1208
f 1104 1208 1106
f 1107 1209 1207
f 1107 1207 1105
f 1106 1208 1210
f 1106 1210 1108
f 1109 1211 1209
f 1109 1209 1107
f 1108 1210 1212
f 1108 1212 1110
f 1111 1213 1211
f 1111 1211 1109
f 1110 1212 1214
f 1110 1214 1112
f 1113 1215 1213
f 1113 1213 1111
f 1112 1214 1216
f 1112 1216 1114
f 1115 1217 1215
f 1115 1215 1113
f 1114 1216 1218
f 1114 1218 1116
f 1117 1219 1217
f 1117 1217 1115
f 1116 1218 1220
f 1116 1220 1118
f 1119 1221 1219
f 1119 1219 1117
f 1118 1220 1222
f 1118 1222 1120
f 1122 1121 1223
f 1122 1223 1224
f 1122 1224 1221
f 1122 1221 1119
f 1120 1222 1223
f 1120 1223 1121
f 1226 1225 1123
f 1226 1123 1124
f 1125 1227 1226
f 1125 1226 1124
f 1123 1225 1228
f 1123 1228 1126
f 1127 1229 1227
f 1127 1227 1125
f 1126 1228 1230
f 1126 1230 1128
f 1129 1231 1229
f 1129 1229 1127
f 1128 1230 1232
f 1128 1232 1130
f 1131 1233 1231
f 1131 1231 1129
f 1130 1232 1234
f 1130 1234 1132
f 1133 1235 1233
f 1133 1233 1131
f 1132 1234 1236
f 1132 1236 1134
f 1135 1237 1235
f 1135 1235 1133
f 1134 1236 1238
f 1134 1238 1136
f 1137 1239 1237
f 1137 1237 1135
f 1136 1238 1240
f 1136 1240 1138
f 1139 1241 1239
f 1139 1239 1137
f 1138 1240 1242
f 1138 1242 1140
f 1141 1243 1241
f 1141 1241 1139
f 1140 1242 1244
f 1140 1244 1142
f 1143 1245 1243
f 1143 1243 1141
f 1142 1244 1246
f 1142 1246 1144
f 1145 1247 1245
f 1145 1245 1143
f 1144 1246 1248
f 1144 1248 1146
f 1147 1249 1247
f 1147 1247 1145
f 1146 1248 1250
f 1146 1250 1148
f 1149 1251 1249
f 1149 1249 1147
f 1148 1250 1252
f 1148 1252 1150
f 1151 1253 1251
f 1151 1251 1149
f 1150 1252 1254
f 1150 1254 1152
f 1153 1255 1253
f 1153 1253 1151
f 1152 1254 1256
f 1152 1256 1154
f 1155 1257 1255
f 1155 1255 1153
f 1154 1256 1258
f 1154 1258 1156
f 1157 1259 1257
f 1157 1257 1155
f 1156 1258 1260
f 1156 1260 1158
f 1159 1261 1259
f 1159 1259 1157
f 1158 1260 1262
f 1158 1262 1160
f 1161 1263 1261
f 1161 1261 1159
f 1160 1262 1264
f 1160 1264 1162
f 1163 1265 1263
f 1163 1263 1161
f 1162 1264 1266
f 1162 1266 1164
f 1165 1267 1265
f 1165 1265 1163
f 1164 1266 1268
f 1164 1268 1166
f 1167 1269 1267
f 1167 1267 1165
f 1166 1268 1270
f 1166 1270 1168
f 1169 1271 1269
f 1169 1269 1167
f 1168 1270 1272
f 1168 1272 1170
f 1171 1273 1271
f 1171 1271 1169
f 1170 1272 1274
f 1170 1274 1172
f 1173 1275 1273
f 1173 1273 1171
f 1172 1274 1276
f 1172 1276 1174
f 1175 1277 1275
f 1175 1275 1173
f 1174 1276 1278
f 1174 1278 1176
f 1177 1279 1277
f 1177 1277 1175
f 1176 1278 1280
f 1176 1280 1178
f 1179 1281 1279
f 1179 1279 1177
f 1178 1280 1282
f 1178 1282 1180
f 1181 1283 1281
f 1181 1281 1179
f 1180 1282 1284
f 1180 1284 1182
f 1183 1285 1283
f 1183 1283 1181
f 1182 1284 1286
f 1182 1286 1184
f 1185 1287 1285
f 1185 1285 1183
f 1184 1286 1288
f 1184 1288 1186
f 1187 1289 1287
f 1187 1287 1185
f 1186 1288 1290
f 1186 1290 1188
f 1189 1291 1289
f 1189 1289 1187
f 1188 1290 1292
f 1188 1292 1190
f 1191 1293 1291
f 1191 1291 1189
f 1190 1292 1294
f 1190 1294 1192
f 1193 1295 1293
f 1193 1293 1191
f 1192 1294 1296
f 1192 1296 1194
f 1195 1297 1295
f 1195 1295 1193
f 1194 1296 1298
f 1194 1298 1196
f 1197 1299 1297
f 1197 1297 1195
f 1196 1298 1300
f 1196 1300 1198
f 1199 1301 1299
f 1199 1299 1197
f 1198 1300 1302
f 1198 1302 1200
f 1201 1303 1301
f 1201 1301 1199
f 1200 1302 1304
f 1200 1304 1202
f 1203 1305 1303
f 1203 1303 1201
f 1202 1304 1306
f 1202 1306 1204
f 1205 1307 1305
f 1205 1305 1203
f 1204 1306 1308
f 1204 1308 1206
f 1207 1309 1307
f 1207 1307 1205
f 1206 1308 1310
f 1206 1310 1208
f 1209 1311 1309
f 1209 1309 1207
f 1208 1310 1312
f 1208 1312 1210
f 1211 1313 1311
f 1211 1311 1209
f 1210 1312 1314
f 1210 1314 1212
f 1213 1315 1313
f 1213 1313 1211
f 1212 1314 1316
f 1212 1316 1214
f 1215 1317 1315
f 1215 1315 1213
f 1214 1316 1318
f 1214 1318 1216
f 1217 1319 1317
f 1217 1317 1215
f 1216 1318 1320
f 1216 1320 1218
f 1219 1321 1319
f 1219 1319 1217
f 1218 1320 1322
f 1218 1322 1220
f 1221 1323 1321
f 1221 1321 1219
f 1220 1322 1324
f 1220 1324 1222
f 1224 1223 1325
f 1224 1325 1326
f 1224 1326 1323
f 1224 1323 1221
f 1222 1324 1325
f 1222 1325 1223
f 1328 1327 1225
f 1328 1225 1226
f 1227 1329 1328
f 1227 1328 1226
f 1225 1327 1330
f 1225 1330 1228
f 1229 1331 1329
f 1229 1329 1227
f 1228 1330 1332
f 1228 1332 1230
f 1231 1333 1331
f 1231 1331 1229
f 1230 1332 1334
f 1230 1334 1232
f 1233 1335 1333
f 1233 1333 1231
f 1232 1334 1336
f 1232 1336 1234
f 1235 1337 1335
f 1235 1335 1233
f 1234 1336 1338
f 1234 1338 1236
f 1237 1339 1337
f 1237 1337 1235
f 1236 1338 1340
f 1236 1340 1238
f 1239 1341 1339
f 1239 1339 1237
f 1238 1340 1342
f 1238 1342 1240
f 1241 1343 1341
f 1241 1341 1239
f 1240 1342 1344
f 1240 1344 1242
f 1243 1345 1343
f 1243 1343 1241
f 1242 1344 1346
f 1242 1346 1244
f 1245 1347 1345
f 1245 1345 1243
f 1244 1346 1348
f 1244 1348 1246
f 1247 1349 1347
f 1247 1347 1245
f 1246 1348 1350
f 1246 1350 1248
f 1249 1351 1349
f 1249 1349 1247
f 1248 1350 1352
f 1248 1352 1250
f 1251 1353 1351
f 1251 1351 1249
f 1250 1352 1354
f 1250 1354 1252
f 1253 1355 1353
f 1253 1353 1251
f 1252 1354 1356
f 1252 1356 1254
f 1255 1357 1355
f 1255 1355 1253
f 1254 1356 1358
f 1254 1358 1256
f 1257 1359 1357
f 1257 1357 1255
f 1256 1358 1360
f 1256 1360 1258
f 1259 1361 1359
f 1259 1359 1257
f 1258 1360 1362
f 1258 1362 1260
f 1261 1363 1361
f 1261 1361 1259
f 1260 1362 1364
f 1260 1364 1262
f 1263 1365 1363
f 1263 1363 1261
f 1262 1364 1366
f 1262 1366 1264
f 1265 1367 1365
f 1265 1365 1263
f 1264 1366 1368
f 1264 1368 1266
f 1267 1369 1367
f 1267 1367 1265
f 1266 1368 1370
f 1266 1370 1268
f 1269 1371 1369
f 1269 1369 1267
f 1268 1370 1372
f 1268 1372 1270
f 1271 1373 1371
f 1271 1371 1269
f 1270 1372 1374
f 1270 1374 1272
f 1273 1375 1373
f 1273 1373 1271
f 1272 1374 1376
f 1272 1376 1274
f 1275 1377 1375
f 1275 1375 1273
f 1274 1376 1378
f 1274 1378 1276
f 1277 1379 1377
f 1277 1377 1275
f 1276 1378 1380
f 1276 1380 1278
f 1279 1381 1379
f 1279 1379 1277
f 1278 1380 1382
f 1278 1382 1280
f 1281 1383 1381
f 1281 1381 1279
f 1280 1382 1384
f 1280 1384 1282
f 1283 1385 1383
f 1283 1383 1281
f 1282 1384 1386
f 1282 1386 1284
f 1285 1387 1385
f 1285 1385 1283
f 1284 1386 1388
f 1284 1388 1286
f 1287 1389 1387
f 1287 1387 1285
f 1286 1388 1390
f 1286 1390 1288
f 1289 1391 1389
f 1289 1389 1287
f 1288 1390 1392
f 1288 1392 1290
f 1291 1393 1391
f 1291 1391 1289
f 1290 1392 1394
f 1290 1394 1292
f 1293 1395 1393
f 1293 1393 1291
f 1292 1394 1396
f 1292 1396 1294
f 1295 1397 1395
f 1295 1395 1293
f 1294 1396 1398
f 1294 1398 1296
f 1297 1399 1397
f 1297 1397 1295
f 1296 1398 1400
f 1296 1400 1298
f 1299 1401 1399
f 1299 1399 1297
f 1298 1400 1402
f 1298 1402 1300
f 1301 1403 1401
f 1301 1401 1299
f 1300 1402 1404
f 1300 1404 1302
f 1303 1405 1403
f 1303 1403 1301
f 1302 1404 1406
f 1302 1406 1304
f 1305 1407 1405
f 1305 1405 1303
f 1304 1406 1408
f 1304 1408 1306
f 1307 1409 1407
f 1307 1407 1305
f 1306 1408 1410
f 1306 1410 1308
f 1309 1411 1409
f 1309 1409 1307
f 1308 1410 1412
f 1308 1412 1310
f 1311 1413 1411
f 1311 1411 1309
f 1310 1412 1414
f 1310 1414 1312
f 1313 1415 1413
f 1313 1413 1311
f 1312 1414 1416
f 1312 1416 1314
f 1315 1417 1415
f 1315 1415 1313
f 1314 1416 1418
f 1314 1418 1316
f 1317 1419 1417
f 1317 1417 1315
f 1316 1418 1420
f 1316 1420 1318
f 1319 1421 1419
f 1319 1419 1317
f 1318 1420 1422
f 1318 1422 1320
f 1321 1423 1421
f 1321 1421 1319
f 1320 1422 1424
f 1320 1424 1322
f 1323 1425 1423
f 1323 1423 1321
f 1322 1424 1426
f 1322 1426 1324
f 1326 1325 1427
f 1326 1427 1428
f 1326 1428 1425
f 1326 1425 1323
f 1324 1426 1427
f 1324 1427 1325
f 1430 1429 1327
f 1430 1327 1328
f 1329 1431 1430
f 1329 1430 1328
f 1327 1429 1432
f 1327 1432 1330
f 1331 1433 1431
f 1331 1431 1329
f 1330 1432 1434
f 1330 1434 1332
f 1333 1435 1433
f 1333 1433 1331
f 1332 1434 1436
f 1332 1436 1334
f 1335 1437 1435
f 1335 1435 1333
f 1334 1436 1438
f 1334 1438 1336
f 1337 1439 1437
f 1337 1437 1335
f 1336 1438 1440
f 1336 1440 1338
f 1339 1441 1439
f 1339 1439 1337
f 1338 1440 1442
f 1338 1442 1340
f 1341 1443 1441
f 1341 1441 1339
f 1340 1442 1444
f 1340 1444 1342
f 1343 1445 1443
f 1343 1443 1341
f 1342 1444 1446
f 1342 1446 1344
f 1345 1447 1445
f 1345 1445 1343
f 1344 1446 1448
f 1344 1448 1346
f 1347 1449 1447
f 1347 1447 1345
f 1346 1448 1450
f 1346 1450 1348
f 1349 1451 1449
f 1349 1449 1347
f 1348 1450 1452
f 1348 1452 1350
f 1351 1453 1451
f 1351 1451 1349
f 1350 1452 1454
f 1350 1454 1352
f 1353 1455 1453
f 1353 1453 1351
f 1352 1454 1456
f 1352 1456 1354
f 1355 1457 1455
f 1355 1455 1353
f 1354 1456 1458
f 1354 1458 1356
f 1357 1459 1457
f 1357 1457 1355
f 1356 1458 1460
f 1356 1460 1358
f 1359 1461 1459
f 1359 1459 1357
f 1358 1460 1462
f 1358 1462 1360
f 1361 1463 1461
f 1361 1461 1359
f 1360 1462 1464
f 1360 1464 1362
f 1363 1465 1463
f 1363 1463 1361
f 1362 1464 1466
f 1362 1466 1364
f 1365 1467 1465
f 1365 1465 1363
f 1364 1466 1468
f 1364 1468 1366
f 1367 1469 1467
f 1367 1467 1365
f 1366 1468 1470
f 1366 1470 1368
f 1369 1471 1469
f 1369 1469 1367
f 1368 1470 1472
f 1368 1472 1370
f 1371 1473 1471
f 1371 1471 1369
f 1370 1472 1474
f 1370 1474 1372
f 1373 1475 1473
f 1373 1473 1371
f 1372 1474 1476
f 1372 1476 1374
f 1375 1477 1475
f 1375 1475 1373
f 1374 1476 1478
f 1374 1478 1376
f 1377 1479 1477
f 1377 1477 1375
f 1376 1478 1480
f 1376 1480 1378
f 1379 1481 1479
f 1379 1479 1377
f 1378 1480 1482
f 1378 1482 1380
f 1381 1483 1481
f 1381 1481 1379
f 1380 1482 1484
f 1380 1484 1382
f 1383 1485 1483
f 1383 1483 1381
f 1382 1484 1486
f 1382 1486 1384
f 1385 1487 1485
f 1385 1485 1383
f 1384 1486 1488
f 1384 1488 1386
f 1387 1489 1487
f 1387 1487 1385
f 1386 1488 1490
f 1386 1490 1388
f 1389 1491 1489
f 1389 1489 1387
f 1388 1490 1492
f 1388 1492 1390
f 1391 1493 1491
f 1391 1491 1389
f 1390 1492 1494
f 1390 1494 1392
f 1393 1495 1493
f 1393 1493 1391
f 1392 1494 1496
f 1392 1496 1394
f 1395 1497 1495
f 1395 1495 1393
f 1394 1496 1498
f 1394 1498 1396
f 1397 1499 1497
f 1397 1497 1395
f 1396 1498 1500
f 1396 1500 1398
f 1399 1501 1499
f 1399 1499 1397
f 1398 1500 1502
f 1398 1502 1400
f 1401 1503 1501
f 1401 1501 1399
f 1400 1502 1504
f 1400 1504 1402
f 1403 1505 1503
f 1403 1503 1401
f 1402 1504 1506
f 1402 1506 1404
f 1405 1507 1505
f 1405 1505 1403
f 1404 1506 1508
f 1404 1508 1406
f 1407 1509 1507
f 1407 1507 1405
f 1406 1508 1510
f 1406 1510 1408
f 1409 1511 1509
f 1409 1509 1407
f 1408 1510 1512
f 1408 1512 1410
f 1411 1513 1511
f 1411 1511 1409
f 1410 1512 1514
f 1410 1514 1412
f 1413 1515 1513
f 1413 1513 1411
f 1412 1514 1516
f 1412 1516 1414
f 1415 1517 1515
f 1415 1515 1413
f 1414 1516 1518
f 1414 1518 1416
f 1417 1519 1517
f 1417 1517 1415
f 1416 1518 1520
f 1416 1520 1418
f 1419 1521 1519
f 1419 1519 1417
f 1418 1520 1522
f 1418 1522 1420
f 1421 1523 1521
f 1421 1521 1419
f 1420 1522 1524
f 1420 1524 1422
f 1423 1525 1523
f 1423 1523 1421
f 1422 1524 1526
f 1422 1526 1424
f 1425 1527 1525
f 1425 1525 1423
f 1424 1526 1528
f 1424 1528 1426
f 1428 1427 1529
f 1428 1529 1530
f 1428 1530 1527
f 1428 1527 1425
f 1426 1528 1529
f 1426 1529 1427
f 1532 1531 1429
f 1532 1429 1430
f 1431 1533 1532
f 1431 1532 1430
f 1429 1531 1534
f 1429 1534 1432
f 1433 1535 1533
f 1433 1533 1431
f 1432 1534 1536
f 1432 1536 1434
f 1435 1537 1535
f 1435 1535 1433
f 1434 1536 1538
f 1434 1538 1436
f 1437 1539 1537
f 1437 1537 1435
f 1436 1538 1540
f 1436 1540 1438
f 1439 1541 1539
f 1439 1539 1437
f 1438 1540 1542
f 1438 1542 1440
f 1441 1543 1541
f 1441 1541 1439
f 1440 1542 1544
f 1440 1544 1442
f 1443 1545 1543
f 1443 1543 1441
f 1442 1544 1546
f 1442 1546 1444
f 1445 1547 1545
f 1445 1545 1443
f 1444 1546 1548
f 1444 1548 1446
f 1447 1549 1547
f 1447 1547 1445
f 1446 1548 1550
f 1446 1550 1448
f 1449 1551 1549
f 1449 1549 1447
f 1448 1550 1552
f 1448 1552 1450
f 1451 1553 1551
f 1451 1551 1449
f 1450 1552 1554
f 1450 1554 1452
f 1453 1555 1553
f 1453 1553 1451
f 1452 1554 1556
f 1452 1556 1454
f 1455 1557 1555
f 1455 1555 1453
f 1454 1556 1558
f 1454 1558 1456
f 1457 1559 1557
f 1457 1557 1455
f 1456 1558 1560
f 1456 1560 1458
f 1459 1561 1559
f 1459 1559 1457
f 1458 1560 1562
f 1458 1562 1460
f 1461 1563 1561
f 1461 1561 1459
f 1460 1562 1564
f 1460 1564 1462
f 1463 1565 1563
f 1463 1563 1461
f 1462 1564 1566
f 1462 1566 1464
f 1465 1567 1565
f 1465 1565 1463
f 1464 1566 1568
f 1464 1568 1466
f 1467 1569 1567
f 1467 1567 1465
f 1466 1568 1570
f 1466 1570 1468
f 1469 1571 1569
f 1469 1569 1467
f 1468 1570 1572
f 1468 1572 1470
f 1471 1573 1571
f 1471 1571 1469
f 1470 1572 1574
f 1470 1574 1472
f 1473 1575 1573
f 1473 1573 1471
f 1472 1574 1576
f 1472 1576 1474
f 1475 1577 1575
f 1475 1575 1473
f 1474 1576 1578
f 1474 1578 1476
f 1477 1579 1577
f 1477 1577 1475
f 1476 1578 1580
f 1476 1580 1478
f 1479 1581 1579
f 1479 1579 1477
f 1478 1580 1582
f 1478 1582 1480
f 1481 1583 1581
f 1481 1581 1479
f 1480 1582 1584
f 1480 1584 1482
f 1483 1585 1583
f 1483 1583 1481
f 1482 1584 1586
f 1482 1586 1484
f 1485 1587 1585
f 1485 1585 1483
f 1484 1586 1588
f 1484 1588 1486
f 1487 1589 1587
f 1487 1587 1485
f 1486 1588 1590
f 1486 1590 1488
f 1489 1591 1589
f 1489 1589 1487
f 1488 1590 1592
f 1488 1592 1490
f 1491 1593 1591
f 1491 1591 1489
f 1490 1592 1594
f 1490 1594 1492
f 1493 1595 1593
f 1493 1593 1491
f 1492 1594 1596
f 1492 1596 1494
f 1495 1597 1595
f 1495 1595 1493
f 1494 1596 1598
f 1494 1598 1496
f 1497 1599 1597
f 1497 1597 1495
f 1496 1598 1600
f 1496 1600 1498
f 1499 1601 1599
f 1499 1599 1497
f 1498 1600 1602
f 1498 1602 1500
f 1501 1603 1601
f 1501 1601 1499
f 1500 1602 1604
f 1500 1604 1502
f 1503 1605 1603
f 1503 1603 1501
f 1502 1604 1606
f 1502 1606 1504
f 1505 1607 1605
f 1505 1605 1503
f 1504 1606 1608
f 1504 1608 1506
f 1507 1609 1607
f 1507 1607 1505
f 1506 1608 1610
f 1506 1610 1508
f 1509 1611 1609
f 1509 1609 1507
f 1508 1610 1612
f 1508 1612 1510
f 1511 1613 1611
f 1511 1611 1509
f 1510 1612 1614
f 1510 1614 1512
f 1513 1615 1613
f 1513 1613 1511
f 1512 1614 1616
f 1512 1616 1514
f 1515 1617 1615
f 1515 1615 1513
f 1514 1616 1618
f 1514 1618 1516
f 1517 1619 1617
f 1517 1617 1515
f 1516 1618 1620
f 1516 1620 1518
f 1519 1621 1619
f 1519 1619 1517
f 1518 1620 1622
f 1518 1622 1520
f 1521 1623 1621
f 1521 1621 1519
f 1520 1622 1624
f 1520 1624 1522
f 1523 1625 1623
f 1523 1623 1521
f 1522 1624 1626
f 1522 1626 1524
f 1525 1627 1625
f 1525 1625 1523
f 1524 1626 1628
f 1524 1628 1526
f 1527 1629 1627
f 1527 1627 1525
f 1526 1628 1630
f 1526 1630 1528
f 1530 1529 1631
f 1530 1631 1632
f 1530 1632 1629
f 1530 1629 1527
f 1528 1630 1631
f 1528 1631 1529
f 1634 1633 1531
f 1634 1531 1532
f 1533 1635 1634
f 1533 1634 1532
f 1531 1633 1636
f 1531 1636 1534
f 1535 1637 1635
f 1535 1635 1533
f 1534 1636 1638
f 1534 1638 1536
f 1537 1639 1637
f 1537 1637 1535
f 1536 1638 1640
f 1536 1640 1538
f 1539 1641 1639
f 1539 1639 1537
f 1538 1640 1642
f 1538 1642 1540
f 1541 1643 1641
f 1541 1641 1539
f 1540 1642 1644
f 1540 1644 1542
f 1543 1645 1643
f 1543 1643 1541
f 1542 1644 1646
f 1542 1646 1544
f 1545 1647 1645
f 1545 1645 1543
f 1544 1646 1648
f 1544 1648 1546
f 1547 1649 1647
f 1547 1647 1545
f 1546 1648 1650
f 1546 1650 1548
f 1549 1651 1649
f 1549 1649 1547
f 1548 1650 1652
f 1548 1652 1550
f 1551 1653 1651
f 1551 1651 1549
f 1550 1652 1654
f 1550 1654 1552
f 1553 1655 1653
f 1553 1653 1551
f 1552 1654 1656
f 1552 1656 1554
f 1555 1657 1655
f 1555 1655 1553
f 1554 1656 1658
f 1554 1658 1556
f 1557 1659 1657
f 1557 1657 1555
f 1556 1658 1660
f 1556 1660 1558
f 1559 1661 1659
f 1559 1659 1557
f 1558 1660 1662
f 1558 1662 1560
f 1561 1663 1661
f 1561 1661 1559
f 1560 1662 1664
f 1560 1664 1562
f 1563 1665 1663
f 1563 1663 1561
f 1562 1664 1666
f 1562 1666 1564
f 1565 1667 1665
f 1565 1665 1563
f 1564 1666 1668
f 1564 1668 1566
f 1567 1669 1667
f 1567 1667 1565
f 1566 1668 1670
f 1566 1670 1568
f 1569 1671 1669
f 1569 1669 1567
f 1568 1670 1672
f 1568 1672 1570
f 1571 1673 1671
f 1571 1671 1569
f 1570 1672 1674
f 1570 1674 1572
f 1573 1675 1673
f 1573 1673 1571
f 1572 1674 1676
f 1572 1676 1574
f 1575 1677 1675
f 1575 1675 1573
f 1574 1676 1678
f 1574 1678 1576
f 1577 1679 1677
f 1577 1677 1575
f 1576 1678 1680
f 1576 1680 1578
f 1579 1681 1679
f 1579 1679 1577
f 1578 1680 1682
f 1578 1682 1580
f 1581 1683 1681
f 1581 1681 1579
f 1580 1682 1684
f 1580 1684 1582
f 1583 1685 1683
f 1583 1683 1581
f 1582 1684 1686
f 1582 1686 1584
f 1585 1687 1685
f 1585 1685 1583
f 1584 1686 1688
f 1584 1688 1586
f 1587 1689 1687
f 1587 1687 1585
f 1586 1688 1690
f 1586 1690 1588
f 1589 1691 1689
f 1589 1689 1587
f 1588 1690 1692
f 1588 1692 1590
f 1591 1693 1691
f 1591 1691 1589
f 1590 1692 1694
f 1590 1694 1592
f 1593 1695 1693
f 1593 1693 1591
f 1592 1694 1696
f 1592 1696 1594
f 1595 1697 1695
f 1595 1695 1593
f 1594 1696 1698
f 1594 1698 1596
f 1597 1699 1697
f 1597 1697 1595
f 1596 1698 1700
f 1596 1700 1598
f 1599 1701 1699
f 1599 1699 1597
f 1598 1700 1702
f 1598 1702 1600
f 1601 1703 1701
f 1601 1701 1599
f 1600 1702 1704
f 1600 1704 1602
f 1603 1705 1703
f 1603 1703 1601
f 1602 1704 1706
f 1602 1706 1604
f 1605 1707 1705
f 1605 1705 1603
f 1604 1706 1708
f 1604 1708 1606
f 1607 1709 1707
f 1607 1707 1605
f 1606 1708 1710
f 1606 1710 1608
f 1609 1711 1709
f 1609 1709 1607
f 1608 1710 1712
f 1608 1712 1610
f 1611 1713 1711
f 1611 1711 1609
f 1610 1712 1714
f 1610 1714 1612
f 1613 1715 1713
f 1613 1713 1611
f 1612 1714 1716
f 1612 1716 1614
f 1615 1717 1715
f 1615 1715 1613
f 1614 1716 1718
f 1614 1718 1616
f 1617 1719 1717
f 1617 1717 1615
f 1616 1718 1720
f 1616 1720 1618
f 1619 1721 1719
f 1619 1719 1617
f 1618 1720 1722
f 1618 1722 1620
f 1621 1723 1721
f 1621 1721 1619
f 1620 1722 1724
f 1620 1724 1622
f 1623 1725 1723
f 1623 1723 1621
f 1622 1724 1726
f 1622 1726 1624
f 1625 1727 1725
f 1625 1725 1623
f 1624 1726 1728
f 1624 1728 1626
f 1627 1729 1727
f 1627 1727 1625
f 1626 1728 1730
f 1626 1730 1628
f 1629 1731 1729
f 1629 1729 1627
f 1628 1730 1732
f 1628 1732 1630
f 1632 1631 1733
f 1632 1733 1734
f 1632 1734 1731
f 1632 1731 1629
f 1630 1732 1733
f 1630 1733 1631
f 1736 1735 1633
f 1736 1633 1634
f 1635 1737 1736
f 1635 1736 1634
f 1633 1735 1738
f 1633 1738 1636
f 1637 1739 1737
f 1637 1737 1635
f 1636 1738 1740
f 1636 1740 1638
f 1639 1741 1739
f 1639 1739 1637
f 1638 1740 1742
f 1638 1742 1640
f 1641 1743 1741
f 1641 1741 1639
f 1640 1742 1744
f 1640 1744 1642
f 1643 1745 1743
f 1643 1743 1641
f 1642 1744 1746
f 1642 1746 1644
f 1645 1747 1745
f 1645 1745 1643
f 1644 1746 1748
f 1644 1748 1646
f 1647 1749 1747
f 1647 1747 1645
f 1646 1748 1750
f 1646 1750 1648
f 1649 1751 1749
f 1649 1749 1647
f 1648 1750 1752
f 1648 1752 1650
f 1651 1753 1751
f 1651 1751 1649
f 1650 1752 1754
f 1650 1754 1652
f 1653 1755 1753
f 1653 1753 1651
f 1652 1754 1756
f 1652 1756 1654
f 1655 1757 1755
f 1655 1755 1653
f 1654 1756 1758
f 1654 1758 1656
f 1657 1759 1757
f 1657 1757 1655
f 1656 1758 1760
f 1656 1760 1658
f 1659 1761 1759
f 1659 1759 1657
f 1658 1760 1762
f 1658 1762 1660
f 1661 1763 1761
f 1661 1761 1659
f 1660 1762 1764
f 1660 1764 1662
f 1663 1765 1763
f 1663 1763 1661
f 1662 1764 1766
f 1662 1766 1664
f 1665 1767 1765
f 1665 1765 1663
f 1664 1766 1768
f 1664 1768 1666
f 1667 1769 1767
f 1667 1767 1665
f 1666 1768 1770
f 1666 1770 1668
f 1669 1771 1769
f 1669 1769 1667
f 1668 1770 1772
f 1668 1772 1670
f 1671 1773 1771
f 1671 1771 1669
f 1670 1772 1774
f 1670 1774 1672
f 1673 1775 1773
f 1673 1773 1671
f 1672 1774 1776
f 1672 1776 1674
f 1675 1777 1775
f 1675 1775 1673
f 1674 1776 1778
f 1674 1778 1676
f 1677 1779 1777
f 1677 1777 1675
f 1676 1778 1780
f 1676 1780 1678
f 1679 1781 1779
f 1679 1779 1677
f 1678 1780 1782
f 1678 1782 1680
f 1681 1783 1781
f 1681 1781 1679
f 1680 1782 1784
f 1680 1784 1682
f 1683 1785 1783
f 1683 1783 1681
f 1682 1784 1786
f 1682 1786 1684
f 1685 1787 1785
f 1685 1785 1683
f 1684 1786 1788
f 1684 1788 1686
f 1687 1789 1787
f 1687 1787 1685
f 1686 1788 1790
f 1686 1790 1688
f 1689 1791 1789
f 1689 1789 1687
f 1688 1790 1792
f 1688 1792 1690
f 1691 1793 1791
f 1691 1791 1689
f 1690 1792 1794
f 1690 1794 1692
f 1693 1795 1793
f 1693 1793 1691
f 1692 1794 1796
f 1692 1796 1694
f 1695 1797 1795
f 1695 1795 1693
f 1694 1796 1798
f 1694 1798 1696
f 1697 1799 1797
f 1697 1797 1695
f 1696 1798 1800
f 1696 1800 1698
f 1699 1801 1799
f 1699 1799 1697
f 1698 1800 1802
f 1698 1802 1700
f 1701 1803 1801
f 1701 1801 1699
f 1700 1802 1804
f 1700 1804 1702
f 1703 1805 1803
f 1703 1803 1701
f 1702 1804 1806
f 1702 1806 1704
f 1705 1807 1805
f 1705 1805 1703
f 1704 1806 1808
f 1704 1808 1706
f 1707 1809 1807
f 1707 1807 1705
f 1706 1808 1810
f 1706 1810 1708
f 1709 1811 1809
f 1709 1809 1707
f 1708 1810 1812
f 1708 1812 1710
f 1711 1813 1811
f 1711 1811 1709
f 1710 1812 1814
f 1710 1814 1712
f 1713 1815 1813
f 1713 1813 1711
f 1712 1814 1816
f 1712 1816 1714
f 1715 1817 1815
f 1715 1815 1713
f 1714 1816 1818
f 1714 1818 1716
f 1717 1819 1817
f 1717 1817 1715
f 1716 1818 1820
f 1716 1820 1718
f 1719 1821 1819
f 1719 1819 1717
f 1718 1820 1822
f 1718 1822 1720
f 1721 1823 1821
f 1721 1821 1719
f 1720 1822 1824
f 1720 1824 1722
f 1723 1825 1823
f 1723 1823 1721
f 1722 1824 1826
f 1722 1826 1724
f 1725 1827 1825
f 1725 1825 1723
f 1724 1826 1828
f 1724 1828 1726
f 1727 1829 1827
f 1727 1827 1725
f 1726 1828 1830
f 1726 1830 1728
f 1729 1831 1829
f 1729 1829 1727
f 1728 1830 1832
f 1728 1832 1730
f 1731 1833 1831
f 1731 1831 1729
f 1730 1832 1834
f 1730 1834 1732
f 1734 1733 1835
f 1734 1835 1836
f 1734 1836 1833
f 1734 1833 1731
f 1732 1834 1835
f 1732 1835 1733
f 1838 1837 1735
f 1838 1735 1736
f 1737 1839 1838
f 1737 1838 1736
f 1735 1837 1840
f 1735 1840 1738
f 1739 1841 1839
f 1739 1839 1737
f 1738 1840 1842
f 1738 1842 1740
f 1741 1843 1841
f 1741 1841 1739
f 1740 1842 1844
f 1740 1844 1742
f 1743 1845 1843
f 1743 1843 1741
f 1742 1844 1846
f 1742 1846 1744
f 1745 1847 1845
f 1745 1845 1743
f 1744 1846 1848
f 1744 1848 1746
f 1747 1849 1847
f 1747 1847 1745
f 1746 1848 1850
f 1746 1850 1748
f 1749 1851 1849
f 1749 1849 1747
f 1748 1850 1852
f 1748 1852 1750
f 1751 1853 1851
f 1751 1851 1749
f 1750 1852 1854
f 1750 1854 1752
f 1753 1855 1853
f 1753 1853 1751
f 1752 1854 1856
f 1752 1856 1754
f 1755 1857 1855
f 1755 1855 1753
f 1754 1856 1858
f 1754 1858 1756
f 1757 1859 1857
f 1757 1857 1755
f 1756 1858 1860
f 1756 1860 1758
f 1759 1861 1859
f 1759 1859 1757
f 1758 1860 1862
f 1758 1862 1760
f 1761 1863 1861
f 1761 1861 1759
f 1760 1862 1864
f 1760 1864 1762
f 1763 1865 1863
f 1763 1863 1761
f 1762 1864 1866
f 1762 1866 1764
f 1765 1867 1865
f 1765 1865 1763
f 1764 1866 1868
f 1764 1868 1766
f 1767 1869 1867
f 1767 1867 1765
f 1766 1868 1870
f 1766 1870 1768
f 1769 1871 1869
f 1769 1869 1767
f 1768 1870 1872
f 1768 1872 1770
f 1771 1873 1871
f 1771 1871 1769
f 1770 1872 1874
f 1770 1874 1772
f 1773 1875 1873
f 1773 1873 1771
f 1772 1874 1876
f 1772 1876 1774
f 1775 1877 1875
f 1775 1875 1773
f 1774 1876 1878
f 1774 1878 1776
f 1777 1879 1877
f 1777 1877 1775
f 1776 1878 1880
f 1776 1880 1778
f 1779 1881 1879
f 1779 1879 1777
f 1778 1880 1882
f 1778 1882 1780
f 1781 1883 1881
f 1781 1881 1779
f 1780 1882 1884
f 1780 1884 1782
f 1783 1885 1883
f 1783 1883 1781
f 1782 1884 1886
f 1782 1886 1784
f 1785 1887 1885
f 1785 1885 1783
f 1784 1886 1888
f 1784 1888 1786
f 1787 1889 1887
f 1787 1887 1785
f 1786 1888 1890
f 1786 1890 1788
f 1789 1891 1889
f 1789 1889 1787
f 1788 1890 1892
f 1788 1892 1790
f 1791 1893 1891
f 1791 1891 1789
f 1790 1892 1894
f 1790 1894 1792
f 1793 1895 1893
f 1793 1893 1791
f 1792 1894 1896
f 1792 1896 1794
f 1795 1897 1895
f 1795 1895 1793
f 1794 1896 1898
f 1794 1898 1796
f 1797 1899 1897
f 1797 1897 1795
f 1796 1898 1900
f 1796 1900 1798
f 1799 1901 1899
f 1799 1899 1797
f 1798 1900 1902
f 1798 1902 1800
f 1801 1903 1901
f 1801 1901 1799
f 1800 1902 1904
f 1800 1904 1802
f 1803 1905 1903
f 1803 1903 1801
f 1802 1904 1906
f 1802 1906 1804
f 1805 1907 1905
f 1805 1905 1803
f 1804 1906 1908
f 1804 1908 1806
f 1807 1909 1907
f 1807 1907 1805
f 1806 1908 1910
f 1806 1910 1808
f 1809 1911 1909
f 1809 1909 1807
f 1808 1910 1912
f 1808 1912 1810
f 1811 1913 1911
f 1811 1911 1809
f 1810 1912 1914
f 1810 1914 1812
f 1813 1915 1913
f 1813 1913 1811
f 1812 1914 1916
f 1812 1916 1814
f 1815 1917 1915
f 1815 1915 1813
f 1814 1916 1918
f 1814 1918 1816
f 1817 1919 1917
f 1817 1917 1815
f 1816 1918 1920
f 1816 1920 1818
f 1819 1921 1919
f 1819 1919 1817
f 1818 1920 1922
f 1818 1922 1820
f 1821 1923 1921
f 1821 1921 1819
f 1820 1922 1924
f 1820 1924 1822
f 1823 1925 1923
f 1823 1923 1821
f 1822 1924 1926
f 1822 1926 1824
f 1825 1927 1925
f 1825 1925 1823
f 1824 1926 1928
f 1824 1928 1826
f 1827 1929 1927
f 1827 1927 1825
f 1826 1928 1930
f 1826 1930 1828
f 1829 1931 1929
f 1829 1929 1827
f 1828 1930 1932
f 1828 1932 1830
f 1831 1933 1931
f 1831 1931 1829
f 1830 1932 1934
f 1830 1934 1832
f 1833 1935 1933
f 1833 1933 1831
f 1832 1934 1936
f 1832 1936 1834
f 1836 1835 1937
f 1836 1937 1938
f 1836 1938 1935
f 1836 1935 1833
f 1834 1936 1937
f 1834 1937 1835
f 1940 1939 1837
f 1940 1837 1838
f 1839 1941 1940
f 1839 1940 1838
f 1837 1939 1942
f 1837 1942 1840
f 1841 1943 1941
f 1841 1941 1839
f 1840 1942 1944
f 1840 1944 1842
f 1843 1945 1943
f 1843 1943 1841
f 1842 1944 1946
f 1842 1946 1844
f 1845 1947 1945
f 1845 1945 1843
f 1844 1946 1948
f 1844 1948 1846
f 1847 1949 1947
f 1847 1947 1845
f 1846 1948 1950
f 1846 1950 1848
f 1849 1951 1949
f 1849 1949 1847
f 1848 1950 1952
f 1848 1952 1850
f 1851 1953 1951
f 1851 1951 1849
f 1850 1952 1954
f 1850 1954 1852
f 1853 1955 1953
f 1853 1953 1851
f 1852 1954 1956
f 1852 1956 1854
f 1855 1957 1955
f 1855 1955 1853
f 1854 1956 1958
f 1854 1958 1856
f 1857 1959 1957
f 1857 1957 1855
f 1856 1958 1960
f 1856 1960 1858
f 1859 1961 1959
f 1859 1959 1857
f 1858 1960 1962
f 1858 1962 1860
f 1861 1963 1961
f 1861 1961 1859
f 1860 1962 1964
f 1860 1964 1862
f 1863 1965 1963
f 1863 1963 1861
f 1862 1964 1966
f 1862 1966 1864
f 1865 1967 1965
f 1865 1965 1863
f 1864 1966 1968
f 1864 1968 1866
f 1867 1969 1967
f 1867 1967 1865
f 1866 1968 1970
f 1866 1970 1868
f 1869 1971 1969
f 1869 1969 1867
f 1868 1970 1972
f 1868 1972 1870
f 1871 1973 1971
f 1871 1971 1869
f 1870 1972 1974
f 1870 1974 1872
f 1873 1975 1973
f 1873 1973 1871
f 1872 1974 1976
f 1872 1976 1874
f 1875 1977 1975
f 1875 1975 1873
f 1874 1976 1978
f 1874 1978 1876
f 1877 1979 1977
f 1877 1977 1875
f 1876 1978 1980
f 1876 1980 1878
f 1879 1981 1979
f 1879 1979 1877
f 1878 1980 1982
f 1878 1982 1880
f 1881 1983 1981
f 1881 1981 1879
f 1880 1982 1984
f 1880 1984 1882
f 1883 1985 1983
f 1883 1983 1881
f 1882 1984 1986
f 1882 1986 1884
f 1885 1987 1985
f 1885 1985 1883
f 1884 1986 1988
f 1884 1988 1886
f 1887 1989 1987
f 1887 1987 1885
f 1886 1988 1990
f 1886 1990 1888
f 1889 1991 1989
f 1889 1989 1887
f 1888 1990 1992
f 1888 1992 1890
f 1891 1993 1991
f 1891 1991 1889
f 1890 1992 1994
f 1890 1994 1892
f 1893 1995 1993
f 1893 1993 1891
f 1892 1994 1996
f 1892 1996 1894
f 1895 1997 1995
f 1895 1995 1893
f 1894 1996 1998
f 1894 1998 1896
f 1897 1999 1997
f 1897 1997 1895
f 1896 1998 2000
f 1896 2000 1898
f 1899 2001 1999
f 1899 1999 1897
f 1898 2000 2002
f 1898 2002 1900
f 1901 2003 2001
f 1901 2001 1899
f 1900 2002 2004
f 1900 2004 1902
f 1903 2005 2003
f 1903 2003 1901
f 1902 2004 2006
f 1902 2006 1904
f 1905 2007 2005
f 1905 2005 1903
f 1904 2006 2008
f 1904 2008 1906
f 1907 2009 2007
f 1907 2007 1905
f 1906 2008 2010
f 1906 2010 1908
f 1909 2011 2009
f 1909 2009 1907
f 1908 2010 2012
f 1908 2012 1910
f 1911 2013 2011
f 1911 2011 1909
f 1910 2012 2014
f 1910 2014 1912
f 1913 2015 2013
f 1913 2013 1911
f 1912 2014 2016
f 1912 2016 1914
f 1915 2017 2015
f 1915 2015 1913
f 1914 2016 2018
f 1914 2018 1916
f 1917 2019 2017
f 1917 2017 1915
f 1916 2018 2020
f 1916 2020 1918
f 1919 2021 2019
f 1919 2019 1917
f 1918 2020 2022
f 1918 2022 1920
f 1921 2023 2021
f 1921 2021 1919
f 1920 2022 2024
f 1920 2024 1922
f 1923 2025 2023
f 1923 2023 1921
f 1922 2024 2026
f 1922 2026 1924
f 1925 2027 2025
f 1925 2025 1923
f 1924 2026 2028
f 1924 2028 1926
f 1927 2029 2027
f 1927 2027 1925
f 1926 2028 2030
f 1926 2030 1928
f 1929 2031 2029
f 1929 2029 1927
f 1928 2030 2032
f 1928 2032 1930
f 1931 2033 2031
f 1931 2031 1929
f 1930 2032 2034
f 1930 2034 1932
f 1933 2035 2033
f 1933 2033 1931
f 1932 2034 2036
f 1932 2036 1934
f 1935 2037 2035
f 1935 2035 1933
f 1934 2036 2038
f 1934 2038 1936
f 1938 1937 2039
f 1938 2039 2040
f 1938 2040 2037
f 1938 2037 1935
f 1936 2038 2039
f 1936 2039 1937
f 2042 2041 1939
f 2042 1939 1940
f 1941 2043 2042
f 1941 2042 1940
f 1939 2041 2044
f 1939 2044 1942
f 1943 2045 2043
f 1943 2043 1941
f 1942 2044 2046
f 1942 2046 1944
f 1945 2047 2045
f 1945 2045 1943
f 1944 2046 2048
f 1944 2048 1946
f 1947 2049 2047
f 1947 2047 1945
f 1946 2048 2050
f 1946 2050 1948
f 1949 2051 2049
f 1949 2049 1947
f 1948 2050 2052
f 1948 2052 1950
f 1951 2053 2051
f 1951 2051 1949
f 1950 2052 2054
f 1950 2054 1952
f 1953 2055 2053
f 1953 2053 1951
f 1952 2054 2056
f 1952 2056 1954
f 1955 2057 2055
f 1955 2055 1953
f 1954 2056 2058
f 1954 2058 1956
f 1957 2059 2057
f 1957 2057 1955
f 1956 2058 2060
f 1956 2060 1958
f 1959 2061 2059
f 1959 2059 1957
f 1958 2060 2062
f 1958 2062 1960
f 1961 2063 2061
f 1961 2061 1959
f 1960 2062 2064
f 1960 2064 1962
f 1963 2065 2063
f 1963 2063 1961
f 1962 2064 2066
f 1962 2066 1964
f 1965 2067 2065
f 1965 2065 1963
f 1964 2066 2068
f 1964 2068 1966
f 1967 2069 2067
f 1967 2067 1965
f 1966 2068 2070
f 1966 2070 1968
f 1969 2071 2069
f 1969 2069 1967
f 1968 2070 2072
f 1968 2072 1970
f 1971 2073 2071
f 1971 2071 1969
f 1970 2072 2074
f 1970 2074 1972
f 1973 2075 2073
f 1973 2073 1971
f 1972 2074 2076
f 1972 2076 1974
f 1975 2077 2075
f 1975 2075 1973
f 1974 2076 2078
f 1974 2078 1976
f 1977 2079 2077
f 1977 2077 1975
f 1976 2078 2080
f 1976 2080 1978
f 1979 2081 2079
f 1979 2079 1977
f 1978 2080 2082
f 1978 2082 1980
f 1981 2083 2081
f 1981 2081 1979
f 1980 2082 2084
f 1980 2084 1982
f 1983 2085 2083
f 1983 2083 1981
f 1982 2084 2086
f 1982 2086 1984
f 1985 2087 2085
f 1985 2085 1983
f 1984 2086 2088
f 1984 2088 1986
f 1987 2089 2087
f 1987 2087 1985
f 1986 2088 2090
f 1986 2090 1988
f 1989 2091 2089
f 1989 2089 1987
f 1988 2090 2092
f 1988 2092 1990
f 1991 2093 2091
f 1991 2091 1989
f 1990 2092 2094
f 1990 2094 1992
f 1993 2095 2093
f 1993 2093 1991
f 1992 2094 2096
f 1992 2096 1994
f 1995 2097 2095
f 1995 2095 1993
f 1994 2096 2098
f 1994 2098 1996
f 1997 2099 2097
f 1997 2097 1995
f 1996 2098 2100
f 1996 2100 1998
f 1999 2101 2099
f 1999 2099 1997
f 1998 2100 2102
f 1998 2102 2000
f 2001 2103 2101
f 2001 2101 1999
f 2000 2102 2104
f 2000 2104 2002
f 2003 2105 2103
f 2003 2103 2001
f 2002 2104 2106
f 2002 2106 2004
f 2005 2107 2105
f 2005 2105 2003
f 2004 2106 2108
f 2004 2108 2006
f 2007 2109 2107
f 2007 2107 2005
f 2006 2108 2110
f 2006 2110 2008
f 2009 2111 2109
f 2009 2109 2007
f 2008 2110 2112
f 2008 2112 2010
f 2011 2113 2111
f 2011 2111 2009
f 2010 2112 2114
f 2010 2114 2012
f 2013 2115 2113
f 2013 2113 2011
f 2012 2114 2116
f 2012 2116 2014
f 2015 2117 2115
f 2015 2115 2013
f 2014 2116 2118
f 2014 2118 2016
f 2017 2119 2117
f 2017 2117 2015
f 2016 2118 2120
f 2016 2120 2018
f 2019 2121 2119
f 2019 2119 2017
f 2018 2120 2122
f 2018 2122 2020
f 2021 2123 2121
f 2021 2121 2019
f 2020 2122 2124
f 2020 2124 2022
f 2023 2125 2123
f 2023 2123 2021
f 2022 2124 2126
f 2022 2126 2024
f 2025 2127 2125
f 2025 2125 2023
f 2024 2126 2128
f 2024 2128 2026
f 2027 2129 2127
f 2027 2127 2025
f 2026 2128 2130
f 2026 2130 2028
f 2029 2131 2129
f 2029 2129 2027
f 2028 2130 2132
f 2028 2132 2030
f 2031 2133 2131
f 2031 2131 2029
f 2030 2132 2134
f 2030 2134 2032
f 2033 2135 2133
f 2033 2133 2031
f 2032 2134 2136
f 2032 2136 2034
f 2035 2137 2135
f 2035 2135 2033
f 2034 2136 2138
f 2034 2138 2036
f 2037 2139 2137
f 2037 2137 2035
f 2036 2138 2140
f 2036 2140 2038
f 2040 2039 2141
f 2040 2141 2142
f 2040 2142 2139
f 2040 2139 2037
f 2038 2140 2141
f 2038 2141 2039
f 2144 2143 2041
f 2144 2041 2042
f 2043 2145 2144
f 2043 2144 2042
f 2041 2143 2146
f 2041 2146 2044
f 2045 2147 2145
f 2045 2145 2043
f 2044 2146 2148
f 2044 2148 2046
f 2047 2149 2147
f 2047 2147 2045
f 2046 2148 2150
f 2046 2150 2048
f 2049 2151 2149
f 2049 2149 2047
f 2048 2150 2152
f 2048 2152 2050
f 2051 2153 2151
f 2051 2151 2049
f 2050 2152 2154
f 2050 2154 2052
f 2053 2155 2153
f 2053 2153 2051
f 2052 2154 2156
f 2052 2156 2054
f 2055 2157 2155
f 2055 2155 2053
f 2054 2156 2158
f 2054 2158 2056
f 2057 2159 2157
f 2057 2157 2055
f 2056 2158 2160
f 2056 2160 2058
f 2059 2161 2159
f 2059 2159 2057
f 2058 2160 2162
f 2058 2162 2060
f 2061 2163 2161
f 2061 2161 2059
f 2060 2162 2164
f 2060 2164 2062
f 2063 2165 2163
f 2063 2163 2061
f 2062 2164 2166
f 2062 2166 2064
f 2065 2167 2165
f 2065 2165 2063
f 2064 2166 2168
f 2064 2168 2066
f 2067 2169 2167
f 2067 2167 2065
f 2066 2168 2170
f 2066 2170 2068
f 2069 2171 2169
f 2069 2169 2067
f 2068 2170 2172
f 2068 2172 2070
f 2071 2173 2171
f 2071 2171 2069
f 2070 2172 2174
f 2070 2174 2072
f 2073 2175 2173
f 2073 2173 2071
f 2072 2174 2176
f 2072 2176 2074
f 2075 2177 2175
f 2075 2175 2073
f 2074 2176 2178
f 2074 2178 2076
f 2077 2179 2177
f 2077 2177 2075
f 2076 2178 2180
f 2076 2180 2078
f 2079 2181 2179
f 2079 2179 2077
f 2078 2180 2182
f 2078 2182 2080
f 2081 2183 2181
f 2081 2181 2079
f 2080 2182 2184
f 2080 2184 2082
f 2083 2185 2183
f 2083 2183 2081
f 2082 2184 2186
f 2082 2186 2084
f 2085 2187 2185
f 2085 2185 2083
f 2084 2186 2188
f 2084 2188 2086
f 2087 2189 2187
f 2087 2187 2085
f 2086 2188 2190
f 2086 2190 2088
f 2089 2191 2189
f 2089 2189 2087
f 2088 2190 2192
f 2088 2192 2090
f 2091 2193 2191
f 2091 2191 2089
f 2090 2192 2194
f 2090 2194 2092
f 2093 2195 2193
f 2093 2193 2091
f 2092 2194 2196
f 2092 2196 2094
f 2095 2197 2195
f 2095 2195 2093
f 2094 2196 2198
f 2094 2198 2096
f 2097 2199 2197
f 2097 2197 2095
f 2096 2198 2200
f 2096 2200 2098
f 2099 2201 2199
f 2099 2199 2097
f 2098 2200 2202
f 2098 2202 2100
f 2101 2203 2201
f 2101 2201 2099
f 2100 2202 2204
f 2100 2204 2102
f 2103 2205 2203
f 2103 2203 2101
f 2102 2204 2206
f 2102 2206 2104
f 2105 2207 2205
f 2105 2205 2103
f 2104 2206 2208
f 2104 2208 2106
f 2107 2209 2207
f 2107 2207 2105
f 2106 2208 2210
f 2106 2210 2108
f 2109 2211 2209
f 2109 2209 2107
f 2108 2210 2212
f 2108 2212 2110
f 2111 2213 2211
f 2111 2211 2109
f 2110 2212 2214
f 2110 2214 2112
f 2113 2215 2213
f 2113 2213 2111
f 2112 2214 2216
f 2112 2216 2114
f 2115 2217 2215
f 2115 2215 2113
f 2114 2216 2218
f 2114 2218 2116
f 2117 2219 2217
f 2117 2217 2115
f 2116 2218 2220
f 2116 2220 2118
f 2119 2221 2219
f 2119 2219 2117
f 2118 2220 2222
f 2118 2222 2120
f 2121 2223 2221
f 2121 2221 2119
f 2120 2222 2224
f 2120 2224 2122
f 2123 2225 2223
f 2123 2223 2121
f 2122 2224 2226
f 2122 2226 2124
f 2125 2227 2225
f 2125 2225 2123
f 2124 2226 2228
f 2124 2228 2126
f 2127 2229 2227
f 2127 2227 2125
f 2126 2228 2230
f 2126 2230 2128
f 2129 2231 2229
f 2129 2229 2127
f 2128 2230 2232
f 2128 2232 2130
f 2131 2233 2231
f 2131 2231 2129
f 2130 2232 2234
f 2130 2234 2132
f 2133 2235 2233
f 2133 2233 2131
f 2132 2234 2236
f 2132 2236 2134
f 2135 2237 2235
f 2135 2235 2133
f 2134 2236 2238
f 2134 2238 2136
f 2137 2239 2237
f 2137 2237 2135
f 2136 2238 2240
f 2136 2240 2138
f 2139 2241 2239
f 2139 2239 2137
f 2138 2240 2242
f 2138 2242 2140
f 2142 2141 2243
f 2142 2243 2244
f 2142 2244 2241
f 2142 2241 2139
f 2140 2242 2243
f 2140 2243 2141
f 2246 2245 2143
f 2246 2143 2144
f 2145 2247 2246
f 2145 2246 2144
f 2143 2245 2248
f 2143 2248 2146
f 2147 2249 2247
f 2147 2247 2145
f 2146 2248 2250
f 2146 2250 2148
f 2149 2251 2249
f 2149 2249 2147
f 2148 2250 2252
f 2148 2252 2150
f 2151 2253 2251
f 2151 2251 2149
f 2150 2252 2254
f 2150 2254 2152
f 2153 2255 2253
f 2153 2253 2151
f 2152 2254 2256
f 2152 2256 2154
f 2155 2257 2255
f 2155 2255 2153
f 2154 2256 2258
f 2154 2258 2156
f 2157 2259 2257
f 2157 2257 2155
f 2156 2258 2260
f 2156 2260 2158
f 2159 2261 2259
f 2159 2259 2157
f 2158 2260 2262
f 2158 2262 2160
f 2161 2263 2261
f 2161 2261 2159
f 2160 2262 2264
f 2160 2264 2162
f 2163 2265 2263
f 2163 2263 2161
f 2162 2264 2266
f 2162 2266 2164
f 2165 2267 2265
f 2165 2265 2163
f 2164 2266 2268
f 2164 2268 2166
f 2167 2269 2267
f 2167 2267 2165
f 2166 2268 2270
f 2166 2270 2168
f 2169 2271 2269
f 2169 2269 2167
f 2168 2270 2272
f 2168 2272 2170
f 2171 2273 2271
f 2171 2271 2169
f 2170 2272 2274
f 2170 2274 2172
f 2173 2275 2273
f 2173 2273 2171
f 2172 2274 2276
f 2172 2276 2174
f 2175 2277 2275
f 2175 2275 2173
f 2174 2276 2278
f 2174 2278 2176
f 2177 2279 2277
f 2177 2277 2175
f 2176 2278 2280
f 2176 2280 2178
f 2179 2281 2279
f 2179 2279 2177
f 2178 2280 2282
f 2178 2282 2180
f 2181 2283 2281
f 2181 2281 2179
f 2180 2282 2284
f 2180 2284 2182
f 2183 2285 2283
f 2183 2283 2181
f 2182 2284 2286
f 2182 2286 2184
f 2185 2287 2285
f 2185 2285 2183
f 2184 2286 2288
f 2184 2288 2186
f 2187 2289 2287
f 2187 2287 2185
f 2186 2288 2290
f 2186 2290 2188
f 2189 2291 2289
f 2189 2289 2187
f 2188 2290 2292
f 2188 2292 2190
f 2191 2293 2291
f 2191 2291 2189
f 2190 2292 2294
f 2190 2294 2192
f 2193 2295 2293
f 2193 2293 2191
f 2192 2294 2296
f 2192 2296 2194
f 2195 2297 2295
f 2195 2295 2193
f 2194 2296 2298
f 2194 2298 2196
f 2197 2299 2297
f 2197 2297 2195
f 2196 2298 2300
f 2196 2300 2198
f 2199 2301 2299
f 2199 2299 2197
f 2198 2300 2302
f 2198 2302 2200
f 2201 2303 2301
f 2201 2301 2199
f 2200 2302 2304
f 2200 2304 2202
f 2203 2305 2303
f 2203 2303 2201
f 2202 2304 2306
f 2202 2306 2204
f 2205 2307 2305
f 2205 2305 2203
f 2204 2306 2308
f 2204 2308 2206
f 2207 2309 2307
f 2207 2307 2205
f 2206 2308 2310
f 2206 2310 2208
f 2209 2311 2309
f 2209 2309 2207
f 2208 2310 2312
f 2208 2312 2210
f 2211 2313 2311
f 2211 2311 2209
f 2210 2312 2314
f 2210 2314 2212
f 2213 2315 2313
f 2213 2313 2211
f 2212 2314 2316
f 2212 2316 2214
f 2215 2317 2315
f 2215 2315 2213
f 2214 2316 2318
f 2214 2318 2216
f 2217 2319 2317
f 2217 2317 2215
f 2216 2318 2320
f 2216 2320 2218
f 2219 2321 2319
f 2219 2319 2217
f 2218 2320 2322
f 2218 2322 2220
f 2221 2323 2321
f 2221 2321 2219
f 2220 2322 2324
f 2220 2324 2222
f 2223 2325 2323
f 2223 2323 2221
f 2222 2324 2326
f 2222 2326 2224
f 2225 2327 2325
f 2225 2325 2223
f 2224 2326 2328
f 2224 2328 2226
f 2227 2329 2327
f 2227 2327 2225
f 2226 2328 2330
f 2226 2330 2228
f 2229 2331 2329
f 2229 2329 2227
f 2228 2330 2332
f 2228 2332 2230
f 2231 2333 2331
f 2231 2331 2229
f 2230 2332 2334
f 2230 2334 2232
f 2233 2335 2333
f 2233 2333 2231
f 2232 2334 2336
f 2232 2336 2234
f 2235 2337 2335
f 2235 2335 2233
f 2234 2336 2338
f 2234 2338 2236
f 2237 2339 2337
f 2237 2337 2235
f 2236 2338 2340
f 2236 2340 2238
f 2239 2341 2339
f 2239 2339 2237
f 2238 2340 2342
f 2238 2342 2240
f 2241 2343 2341
f 2241 2341 2239
f 2240 2342 2344
f 2240 2344 2242
f 2244 2243 2345
f 2244 2345 2346
f 2244 2346 2343
f 2244 2343 2241
f 2242 2344 2345
f 2242 2345 2243
f 2348 2347 2245
f 2348 2245 2246
f 2247 2349 2348
f 2247 2348 2246
f 2245 2347 2350
f 2245 2350 2248
f 2249 2351 2349
f 2249 2349 2247
f 2248 2350 2352
f 2248 2352 2250
f 2251 2353 2351
f 2251 2351 2249
f 2250 2352 2354
f 2250 2354 2252
f 2253 2355 2353
f 2253 2353 2251
f 2252 2354 2356
f 2252 2356 2254
f 2255 2357 2355
f 2255 2355 2253
f 2254 2356 2358
f 2254 2358 2256
f 2257 2359 2357
f 2257 2357 2255
f 2256 2358 2360
f 2256 2360 2258
f 2259 2361 2359
f 2259 2359 2257
f 2258 2360 2362
f 2258 2362 2260
f 2261 2363 2361
f 2261 2361 2259
f 2260 2362 2364
f 2260 2364 2262
f 2263 2365 2363
f 2263 2363 2261
f 2262 2364 2366
f 2262 2366 2264
f 2265 2367 2365
f 2265 2365 2263
f 2264 2366 2368
f 2264 2368 2266
f 2267 2369 2367
f 2267 2367 2265
f 2266 2368 2370
f 2266 2370 2268
f 2269 2371 2369
f 2269 2369 2267
f 2268 2370 2372
f 2268 2372 2270
f 2271 2373 2371
f 2271 2371 2269
f 2270 2372 2374
f 2270 2374 2272
f 2273 2375 2373
f 2273 2373 2271
f 2272 2374 2376
f 2272 2376 2274
f 2275 2377 2375
f 2275 2375 2273
f 2274 2376 2378
f 2274 2378 2276
f 2277 2379 2377
f 2277 2377 2275
f 2276 2378 2380
f 2276 2380 2278
f 2279 2381 2379
f 2279 2379 2277
f 2278 2380 2382
f 2278 2382 2280
f 2281 2383 2381
f 2281 2381 2279
f 2280 2382 2384
f 2280 2384 2282
f 2283 2385 2383
f 2283 2383 2281
f 2282 2384 2386
f 2282 2386 2284
f 2285 2387 2385
f 2285 2385 2283
f 2284 2386 2388
f 2284 2388 2286
f 2287 2389 2387
f 2287 2387 2285
f 2286 2388 2390
f 2286 2390 2288
f 2289 2391 2389
f 2289 2389 2287
f 2288 2390 2392
f 2288 2392 2290
f 2291 2393 2391
f 2291 2391 2289
f 2290 2392 2394
f 2290 2394 2292
f 2293 2395 2393
f 2293 2393 2291
f 2292 2394 2396
f 2292 2396 2294
f 2295 2397 2395
f 2295 2395 2293
f 2294 2396 2398
f 2294 2398 2296
f 2297 2399 2397
f 2297 2397 2295
f 2296 2398 2400
f 2296 2400 2298
f 2299 2401 2399
f 2299 2399 2297
f 2298 2400 2402
f 2298 2402 2300
f 2301 2403 2401
f 2301 2401 2299
f 2300 2402 2404
f 2300 2404 2302
f 2303 2405 2403
f 2303 2403 2301
f 2302 2404 2406
f 2302 2406 2304
f 2305 2407 2405
f 2305 2405 2303
f 2304 2406 2408
f 2304 2408 2306
f 2307 2409 2407
f 2307 2407 2305
f 2306 2408 2410
f 2306 2410 2308
f 2309 2411 2409
f 2309 2409 2307
f 2308 2410 2412
f 2308 2412 2310
f 2311 2413 2411
f 2311 2411 2309
f 2310 2412 2414
f 2310 2414 2312
f 2313 2415 2413
f 2313 2413 2311
f 2312 2414 2416
f 2312 2416 2314
f 2315 2417 2415
f 2315 2415 2313
f 2314 2416 2418
f 2314 2418 2316
f 2317 2419 2417
f 2317 2417 2315
f 2316 2418 2420
f 2316 2420 2318
f 2319 2421 2419
f 2319 2419 2317
f 2318 2420 2422
f 2318 2422 2320
f 2321 2423 2421
f 2321 2421 2319
f 2320 2422 2424
f 2320 2424 2322
f 2323 2425 2423
f 2323 2423 2321
f 2322 2424 2426
f 2322 2426 2324
f 2325 2427 2425
f 2325 2425 2323
f 2324 2426 2428
f 2324 2428 2326
f 2327 2429 2427
f 2327 2427 2325
f 2326 2428 2430
f 2326 2430 2328
f 2329 2431 2429
f 2329 2429 2327
f 2328 2430 2432
f 2328 2432 2330
f 2331 2433 2431
f 2331 2431 2329
f 2330 2432 2434
f 2330 2434 2332
f 2333 2435 2433
f 2333 2433 2331
f 2332 2434 2436
f 2332 2436 2334
f 2335 2437 2435
f 2335 2435 2333
f 2334 2436 2438
f 2334 2438 2336
f 2337 2439 2437
f 2337 2437 2335
f 2336 2438 2440
f 2336 2440 2338
f 2339 2441 2439
f 2339 2439 2337
f 2338 2440 2442
f 2338 2442 2340
f 2341 2443 2441
f 2341 2441 2339
f 2340 2442 2444
f 2340 2444 2342
f 2343 2445 2443
f 2343 2443 2341
f 2342 2444 2446
f 2342 2446 2344
f 2346 2345 2447
f 2346 2447 2448
f 2346 2448 2445
f 2346 2445 2343
f 2344 2446 2447
f 2344 2447 2345
f 2450 2449 2347
f 2450 2347 2348
f 2349 2451 2450
f 2349 2450 2348
f 2347 2449 2452
f 2347 2452 2350
f 2351 2453 2451
f 2351 2451 2349
f 2350 2452 2454
f 2350 2454 2352
f 2353 2455 2453
f 2353 2453 2351
f 2352 2454 2456
f 2352 2456 2354
f 2355 2457 2455
f 2355 2455 2353
f 2354 2456 2458
f 2354 2458 2356
f 2357 2459 2457
f 2357 2457 2355
f 2356 2458 2460
f 2356 2460 2358
f 2359 2461 2459
f 2359 2459 2357
f 2358 2460 2462
f 2358 2462 2360
f 2361 2463 2461
f 2361 2461 2359
f 2360 2462 2464
f 2360 2464 2362
f 2363 2465 2463
f 2363 2463 2361
f 2362 2464 2466
f 2362 2466 2364
f 2365 2467 2465
f 2365 2465 2363
f 2364 2466 2468
f 2364 2468 2366
f 2367 2469 2467
f 2367 2467 2365
f 2366 2468 2470
f 2366 2470 2368
f 2369 2471 2469
f 2369 2469 2367
f 2368 2470 2472
f 2368 2472 2370
f 2371 2473 2471
f 2371 2471 2369
f 2370 2472 2474
f 2370 2474 2372
f 2373 2475 2473
f 2373 2473 2371
f 2372 2474 2476
f 2372 2476 2374
f 2375 2477 2475
f 2375 2475 2373
f 2374 2476 2478
f 2374 2478 2376
f 2377 2479 2477
f 2377 2477 2375
f 2376 2478 2480
f 2376 2480 2378
f 2379 2481 2479
f 2379 2479 2377
f 2378 2480 2482
f 2378 2482 2380
f 2381 2483 2481
f 2381 2481 2379
f 2380 2482 2484
f 2380 2484 2382
f 2383 2485 2483
f 2383 2483 2381
f 2382 2484 2486
f 2382 2486 2384
f 2385 2487 2485
f 2385 2485 2383
f 2384 2486 2488
f 2384 2488 2386
f 2387 2489 2487
f 2387 2487 2385
f 2386 2488 2490
f 2386 2490 2388
f 2389 2491 2489
f 2389 2489 2387
f 2388 2490 2492
f 2388 2492 2390
f 2391 2493 2491
f 2391 2491 2389
f 2390 2492 2494
f 2390 2494 2392
f 2393 2495 2493
f 2393 2493 2391
f 2392 2494 2496
f 2392 2496 2394
f 2395 2497 2495
f 2395 2495 2393
f 2394 2496 2498
f 2394 2498 2396
f 2397 2499 2497
f 2397 2497 2395
f 2396 2498 2500
f 2396 2500 2398
f 2399 2501 2499
f 2399 2499 2397
f 2398 2500 2502
f 2398 2502 2400
f 2401 2503 2501
f 2401 2501 2399
f 2400 2502 2504
f 2400 2504 2402
f 2403 2505 2503
f 2403 2503 2401
f 2402 2504 2506
f 2402 2506 2404
f 2405 2507 2505
f 2405 2505 2403
f 2404 2506 2508
f 2404 2508 2406
f 2407 2509 2507
f 2407 2507 2405
f 2406 2508 2510
f 2406 2510 2408
f 2409 2511 2509
f 2409 2509 2407
f 2408 2510 2512
f 2408 2512 2410
f 2411 2513 2511
f 2411 2511 2409
f 2410 2512 2514
f 2410 2514 2412
f 2413 2515 2513
f 2413 2513 2411
f 2412 2514 2516
f 2412 2516 2414
f 2415 2517 2515
f 2415 2515 2413
f 2414 2516 2518
f 2414 2518 2416
f 2417 2519 2517
f 2417 2517 2415
f 2416 2518 2520
f 2416 2520 2418
f 2419 2521 2519
f 2419 2519 2417
f 2418 2520 2522
f 2418 2522 2420
f 2421 2523 2521
f 2421 2521 2419
f 2420 2522 2524
f 2420 2524 2422
f 2423 2525 2523
f 2423 2523 2421
f 2422 2524 2526
f 2422 2526 2424
f 2425 2527 2525
f 2425 2525 2423
f 2424 2526 2528
f 2424 2528 2426
f 2427 2529 2527
f 2427 2527 2425
f 2426 2528 2530
f 2426 2530 2428
f 2429 2531 2529
f 2429 2529 2427
f 2428 2530 2532
f 2428 2532 2430
f 2431 2533 2531
f 2431 2531 2429
f 2430 2532 2534
f 2430 2534 2432
f 2433 2535 2533
f 2433 2533 2431
f 2432 2534 2536
f 2432 2536 2434
f 2435 2537 2535
f 2435 2535 2433
f 2434 2536 2538
f 2434 2538 2436
f 2437 2539 2537
f 2437 2537 2435
f 2436 2538 2540
f 2436 2540 2438
f 2439 2541 2539
f 2439 2539 2437
f 2438 2540 2542
f 2438 2542 2440
f 2441 2543 2541
f 2441 2541 2439
f 2440 2542 2544
f 2440 2544 2442
f 2443 2545 2543
f 2443 2543 2441
f 2442 2544 2546
f 2442 2546 2444
f 2445 2547 2545
f 2445 2545 2443
f 2444 2546 2548
f 2444 2548 2446
f 2448 2447 2549
f 2448 2549 2550
f 2448 2550 2547
f 2448 2547 2445
f 2446 2548 2549
f 2446 2549 2447
f 2552 2551 2449
f 2552 2449 2450
f 2451 2553 2552
f 2451 2552 2450
f 2449 2551 2554
f 2449 2554 2452
f 2453 2555 2553
f 2453 2553 2451
f 2452 2554 2556
f 2452 2556 2454
f 2455 2557 2555
f 2455 2555 2453
f 2454 2556 2558
f 2454 2558 2456
f 2457 2559 2557
f 2457 2557 2455
f 2456 2558 2560
f 2456 2560 2458
f 2459 2561 2559
f 2459 2559 2457
f 2458 2560 2562
f 2458 2562 2460
f 2461 2563 2561
f 2461 2561 2459
f 2460 2562 2564
f 2460 2564 2462
f 2463 2565 2563
f 2463 2563 2461
f 2462 2564 2566
f 2462 2566 2464
f 2465 2567 2565
f 2465 2565 2463
f 2464 2566 2568
f 2464 2568 2466
f 2467 2569 2567
f 2467 2567 2465
f 2466 2568 2570
f 2466 2570 2468
f 2469 2571 2569
f 2469 2569 2467
f 2468 2570 2572
f 2468 2572 2470
f 2471 2573 2571
f 2471 2571 2469
f 2470 2572 2574
f 2470 2574 2472
f 2473 2575 2573
f 2473 2573 2471
f 2472 2574 2576
f 2472 2576 2474
f 2475 2577 2575
f 2475 2575 2473
f 2474 2576 2578
f 2474 2578 2476
f 2477 2579 2577
f 2477 2577 2475
f 2476 2578 2580
f 2476 2580 2478
f 2479 2581 2579
f 2479 2579 2477
f 2478 2580 2582
f 2478 2582 2480
f 2481 2583 2581
f 2481 2581 2479
f 2480 2582 2584
f 2480 2584 2482
f 2483 2585 2583
f 2483 2583 2481
f 2482 2584 2586
f 2482 2586 2484
f 2485 2587 2585
f 2485 2585 2483
f 2484 2586 2588
f 2484 2588 2486
f 2487 2589 2587
f 2487 2587 2485
f 2486 2588 2590
f 2486 2590 2488
f 2489 2591 2589
f 2489 2589 2487
f 2488 2590 2592
f 2488 2592 2490
f 2491 2593 2591
f 2491 2591 2489
f 2490 2592 2594
f 2490 2594 2492
f 2493 2595 2593
f 2493 2593 2491
f 2492 2594 2596
f 2492 2596 2494
f 2495 2597 2595
f 2495 2595 2493
f 2494 2596 2598
f 2494 2598 2496
f 2497 2599 2597
f 2497 2597 2495
f 2496 2598 2600
f 2496 2600 2498
f 2499 2601 2599
f 2499 2599 2497
f 2498 2600 2602
f 2498 2602 2500
f 2501 2603 2601
f 2501 2601 2499
f 2500 2602 2604
f 2500 2604 2502
f 2503 2605 2603
f 2503 2603 2501
f 2502 2604 2606
f 2502 2606 2504
f 2505 2607 2605
f 2505 2605 2503
f 2504 2606 2608
f 2504 2608 2506
f 2507 2609 2607
f 2507 2607 2505
f 2506 2608 2610
f 2506 2610 2508
f 2509 2611 2609
f 2509 2609 2507
f 2508 2610 2612
f 2508 2612 2510
f 2511 2613 2611
f 2511 2611 2509
f 2510 2612 2614
f 2510 2614 2512
f 2513 2615 2613
f 2513 2613 2511
f 2512 2614 2616
f 2512 2616 2514
f 2515 2617 2615
f 2515 2615 2513
f 2514 2616 2618
f 2514 2618 2516
f 2517 2619 2617
f 2517 2617 2515
f 2516 2618 2620
f 2516 2620 2518
f 2519 2621 2619
f 2519 2619 2517
f 2518 2620 2622
f 2518 2622 2520
f 2521 2623 2621
f 2521 2621 2519
f 2520 2622 2624
f 2520 2624 2522
f 2523 2625 2623
f 2523 2623 2521
f 2522 2624 2626
f 2522 2626 2524
f 2525 2627 2625
f 2525 2625 2523
f 2524 2626 2628
f 2524 2628 2526
f 2527 2629 2627
f 2527 2627 2525
f 2526 2628 2630
f 2526 2630 2528
f 2529 2631 2629
f 2529 2629 2527
f 2528 2630 2632
f 2528 2632 2530
f 2531 2633 2631
f 2531 2631 2529
f 2530 2632 2634
f 2530 2634 2532
f 2533 2635 2633
f 2533 2633 2531
f 2532 2634 2636
f 2532 2636 2534
f 2535 2637 2635
f 2535 2635 2533
f 2534 2636 2638
f 2534 2638 2536
f 2537 2639 2637
f 2537 2637 2535
f 2536 2638 2640
f 2536 2640 2538
f 2539 2641 2639
f 2539 2639 2537
f 2538 2640 2642
f 2538 2642 2540
f 2541 2643 2641
f 2541 2641 2539
f 2540 2642 2644
f 2540 2644 2542
f 2543 2645 2643
f 2543 2643 2541
f 2542 2644 2646
f 2542 2646 2544
f 2545 2647 2645
f 2545 2645 2543
f 2544 2646 2648
f 2544 2648 2546
f 2547 2649 2647
f 2547 2647 2545
f 2546 2648 2650
f 2546 2650 2548
f 2550 2549 2651
f 2550 2651 2652
f 2550 2652 2649
f 2550 2649 2547
f 2548 2650 2651
f 2548 2651 2549
f 2654 2653 2551
f 2654 2551 2552
f 2553 2655 2654
f 2553 2654 2552
f 2551 2653 2656
f 2551 2656 2554
f 2555 2657 2655
f 2555 2655 2553
f 2554 2656 2658
f 2554 2658 2556
f 2557 2659 2657
f 2557 2657 2555
f 2556 2658 2660
f 2556 2660 2558
f 2559 2661 2659
f 2559 2659 2557
f 2558 2660 2662
f 2558 2662 2560
f 2561 2663 2661
f 2561 2661 2559
f 2560 2662 2664
f 2560 2664 2562
f 2563 2665 2663
f 2563 2663 2561
f 2562 2664 2666
f 2562 2666 2564
f 2565 2667 2665
f 2565 2665 2563
f 2564 2666 2668
f 2564 2668 2566
f 2567 2669 2667
f 2567 2667 2565
f 2566 2668 2670
f 2566 2670 2568
f 2569 2671 2669
f 2569 2669 2567
f 2568 2670 2672
f 2568 2672 2570
f 2571 2673 2671
f 2571 2671 2569
f 2570 2672 2674
f 2570 2674 2572
f 2573 2675 2673
f 2573 2673 2571
f 2572 2674 2676
f 2572 2676 2574
f 2575 2677 2675
f 2575 2675 2573
f 2574 2676 2678
f 2574 2678 2576
f 2577 2679 2677
f 2577 2677 2575
f 2576 2678 2680
f 2576 2680 2578
f 2579 2681 2679
f 2579 2679 2577
f 2578 2680 2682
f 2578 2682 2580
f 2581 2683 2681
f 2581 2681 2579
f 2580 2682 2684
f 2580 2684 2582
f 2583 2685 2683
f 2583 2683 2581
f 2582 2684 2686
f 2582 2686 2584
f 2585 2687 2685
f 2585 2685 2583
f 2584 2686 2688
f 2584 2688 2586
f 2587 2689 2687
f 2587 2687 2585
f 2586 2688 2690
f 2586 2690 2588
f 2589 2691 2689
f 2589 2689 2587
f 2588 2690 2692
f 2588 2692 2590
f 2591 2693 2691
f 2591 2691 2589
f 2590 2692 2694
f 2590 2694 2592
f 2593 2695 2693
f 2593 2693 2591
f 2592 2694 2696
f 2592 2696 2594
f 2595 2697 2695
f 2595 2695 2593
f 2594 2696 2698
f 2594 2698 2596
f 2597 2699 2697
f 2597 2697 2595
f 2596 2698 2700
f 2596 2700 2598
f 2599 2701 2699
f 2599 2699 2597
f 2598 2700 2702
f 2598 2702 2600
f 2601 2703 2701
f 2601 2701 2599
f 2600 2702 2704
f 2600 2704 2602
f 2603 2705 2703
f 2603 2703 2601
f 2602 2704 2706
f 2602 2706 2604
f 2605 2707 2705
f 2605 2705 2603
f 2604 2706 2708
f 2604 2708 2606
f 2607 2709 2707
f 2607 2707 2605
f 2606 2708 2710
f 2606 2710 2608
f 2609 2711 2709
f 2609 2709 2607
f 2608 2710 2712
f 2608 2712 2610
f 2611 2713 2711
f 2611 2711 2609
f 2610 2712 2714
f 2610 2714 2612
f 2613 2715 2713
f 2613 2713 2611
f 2612 2714 2716
f 2612 2716 2614
f 2615 2717 2715
f 2615 2715 2613
f 2614 2716 2718
f 2614 2718 2616
f 2617 2719 2717
f 2617 2717 2615
f 2616 2718 2720
f 2616 2720 2618
f 2619 2721 2719
f 2619 2719 2617
f 2618 2720 2722
f 2618 2722 2620
f 2621 2723 2721
f 2621 2721 2619
f 2620 2722 2724
f 2620 2724 2622
f 2623 2725 2723
f 2623 2723 2621
f 2622 2724 2726
f 2622 2726 2624
f 2625 2727 2725
f 2625 2725 2623
f 2624 2726 2728
f 2624 2728 2626
f 2627 2729 2727
f 2627 2727 2625
f 2626 2728 2730
f 2626 2730 2628
f 2629 2731 2729
f 2629 2729 2627
f 2628 2730 2732
f 2628 2732 2630
f 2631 2733 2731
f 2631 2731 2629
f 2630 2732 2734
f 2630 2734 2632
f 2633 2735 2733
f 2633 2733 2631
f 2632 2734 2736
f 2632 2736 2634
f 2635 2737 2735
f 2635 2735 2633
f 2634 2736 2738
f 2634 2738 2636
f 2637 2739 2737
f 2637 2737 2635
f 2636 2738 2740
f 2636 2740 2638
f 2639 2741 2739
f 2639 2739 2637
f 2638 2740 2742
f 2638 2742 2640
f 2641 2743 2741
f 2641 2741 2639
f 2640 2742 2744
f 2640 2744 2642
f 2643 2745 2743
f 2643 2743 2641
f 2642 2744 2746
f 2642 2746 2644
f 2645 2747 2745
f 2645 2745 2643
f 2644 2746 2748
f 2644 2748 2646
f 2647 2749 2747
f 2647 2747 2645
f 2646 2748 2750
f 2646 2750 2648
f 2649 2751 2749
f 2649 2749 2647
f 2648 2750 2752
f 2648 2752 2650
f 2652 2651 2753
f 2652 2753 2754
f 2652 2754 2751
f 2652 2751 2649
f 2650 2752 2753
f 2650 2753 2651
f 2756 2755 2653
f 2756 2653 2654
f 2655 2757 2756
f 2655 2756 2654
f 2653 2755 2758
f 2653 2758 2656
f 2657 2759 2757
f 2657 2757 2655
f 2656 2758 2760
f 2656 2760 2658
f 2659 2761 2759
f 2659 2759 2657
f 2658 2760 2762
f 2658 2762 2660
f 2661 2763 2761
f 2661 2761 2659
f 2660 2762 2764
f 2660 2764 2662
f 2663 2765 2763
f 2663 2763 2661
f 2662 2764 2766
f 2662 2766 2664
f 2665 2767 2765
f 2665 2765 2663
f 2664 2766 2768
f 2664 2768 2666
f 2667 2769 2767
f 2667 2767 2665
f 2666 2768 2770
f 2666 2770 2668
f 2669 2771 2769
f 2669 2769 2667
f 2668 2770 2772
f 2668 2772 2670
f 2671 2773 2771
f 2671 2771 2669
f 2670 2772 2774
f 2670 2774 2672
f 2673 2775 2773
f 2673 2773 2671
f 2672 2774 2776
f 2672 2776 2674
f 2675 2777 2775
f 2675 2775 2673
f 2674 2776 2778
f 2674 2778 2676
f 2677 2779 2777
f 2677 2777 2675
f 2676 2778 2780
f 2676 2780 2678
f 2679 2781 2779
f 2679 2779 2677
f 2678 2780 2782
f 2678 2782 2680
f 2681 2783 2781
f 2681 2781 2679
f 2680 2782 2784
f 2680 2784 2682
f 2683 2785 2783
f 2683 2783 2681
f 2682 2784 2786
f 2682 2786 2684
f 2685 2787 2785
f 2685 2785 2683
f 2684 2786 2788
f 2684 2788 2686
f 2687 2789 2787
f 2687 2787 2685
f 2686 2788 2790
f 2686 2790 2688
f 2689 2791 2789
f 2689 2789 2687
f 2688 2790 2792
f 2688 2792 2690
f 2691 2793 2791
f 2691 2791 2689
f 2690 2792 2794
f 2690 2794 2692
f 2693 2795 2793
f 2693 2793 2691
f 2692 2794 2796
f 2692 2796 2694
f 2695 2797 2795
f 2695 2795 2693
f 2694 2796 2798
f 2694 2798 2696
f 2697 2799 2797
f 2697 2797 2695
f 2696 2798 2800
f 2696 2800 2698
f 2699 2801 2799
f 2699 2799 2697
f 2698 2800 2802
f 2698 2802 2700
f 2701 2803 2801
f 2701 2801 2699
f 2700 2802 2804
f 2700 2804 2702
f 2703 2805 2803
f 2703 2803 2701
f 2702 2804 2806
f 2702 2806 2704
f 2705 2807 2805
f 2705 2805 2703
f 2704 2806 2808
f 2704 2808 2706
f 2707 2809 2807
f 2707 2807 2705
f 2706 2808 2810
f 2706 2810 2708
f 2709 2811 2809
f 2709 2809 2707
f 2708 2810 2812
f 2708 2812 2710
f 2711 2813 2811
f 2711 2811 2709
f 2710 2812 2814
f 2710 2814 2712
f 2713 2815 2813
f 2713 2813 2711
f 2712 2814 2816
f 2712 2816 2714
f 2715 2817 2815
f 2715 2815 2713
f 2714 2816 2818
f 2714 2818 2716
f 2717 2819 2817
f 2717 2817 2715
f 2716 2818 2820
f 2716 2820 2718
f 2719 2821 2819
f 2719 2819 2717
f 2718 2820 2822
f 2718 2822 2720
f 2721 2823 2821
f 2721 2821 2719
f 2720 2822 2824
f 2720 2824 2722
f 2723 2825 2823
f 2723 2823 2721
f 2722 2824 2826
f 2722 2826 2724
f 2725 2827 2825
f 2725 2825 2723
f 2724 2826 2828
f 2724 2828 2726
f 2727 2829 2827
f 2727 2827 2725
f 2726 2828 2830
f 2726 2830 2728
f 2729 2831 2829
f 2729 2829 2727
f 2728 2830 2832
f 2728 2832 2730
f 2731 2833 2831
f 2731 2831 2729
f 2730 2832 2834
f 2730 2834 2732
f 2733 2835 2833
f 2733 2833 2731
f 2732 2834 2836
f 2732 2836 2734
f 2735 2837 2835
f 2735 2835 2733
f 2734 2836 2838
f 2734 2838 2736
f 2737 2839 2837
f 2737 2837 2735
f 2736 2838 2840
f 2736 2840 2738
f 2739 2841 2839
f 2739 2839 2737
f 2738 2840 2842
f 2738 2842 2740
f 2741 2843 2841
f 2741 2841 2739
f 2740 2842 2844
f 2740 2844 2742
f 2743 2845 2843
f 2743 2843 2741
f 2742 2844 2846
f 2742 2846 2744
f 2745 2847 2845
f 2745 2845 2743
f 2744 2846 2848
f 2744 2848 2746
f 2747 2849 2847
f 2747 2847 2745
f 2746 2848 2850
f 2746 2850 2748
f 2749 2851 2849
f 2749 2849 2747
f 2748 2850 2852
f 2748 2852 2750
f 2751 2853 2851
f 2751 2851 2749
f 2750 2852 2854
f 2750 2854 2752
f 2754 2753 2855
f 2754 2855 2856
f 2754 2856 2853
f 2754 2853 2751
f 2752 2854 2855
f 2752 2855 2753
f 2858 2857 2755
f 2858 2755 2756
f 2757 2859 2858
f 2757 2858 2756
f 2755 2857 2860
f 2755 2860 2758
f 2759 2861 2859
f 2759 2859 2757
f 2758 2860 2862
f 2758 2862 2760
f 2761 2863 2861
f 2761 2861 2759
f 2760 2862 2864
f 2760 2864 2762
f 2763 2865 2863
f 2763 2863 2761
f 2762 2864 2866
f 2762 2866 2764
f 2765 2867 2865
f 2765 2865 2763
f 2764 2866 2868
f 2764 2868 2766
f 2767 2869 2867
f 2767 2867 2765
f 2766 2868 2870
f 2766 2870 2768
f 2769 2871 2869
f 2769 2869 2767
f 2768 2870 2872
f 2768 2872 2770
f 2771 2873 2871
f 2771 2871 2769
f 2770 2872 2874
f 2770 2874 2772
f 2773 2875 2873
f 2773 2873 2771
f 2772 2874 2876
f 2772 2876 2774
f 2775 2877 2875
f 2775 2875 2773
f 2774 2876 2878
f 2774 2878 2776
f 2777 2879 2877
f 2777 2877 2775
f 2776 2878 2880
f 2776 2880 2778
f 2779 2881 2879
f 2779 2879 2777
f 2778 2880 2882
f 2778 2882 2780
f 2781 2883 2881
f 2781 2881 2779
f 2780 2882 2884
f 2780 2884 2782
f 2783 2885 2883
f 2783 2883 2781
f 2782 2884 2886
f 2782 2886 2784
f 2785 2887 2885
f 2785 2885 2783
f 2784 2886 2888
f 2784 2888 2786
f 2787 2889 2887
f 2787 2887 2785
f 2786 2888 2890
f 2786 2890 2788
f 2789 2891 2889
f 2789 2889 2787
f 2788 2890 2892
f 2788 2892 2790
f 2791 2893 2891
f 2791 2891 2789
f 2790 2892 2894
f 2790 2894 2792
f 2793 2895 2893
f 2793 2893 2791
f 2792 2894 2896
f 2792 2896 2794
f 2795 2897 2895
f 2795 2895 2793
f 2794 2896 2898
f 2794 2898 2796
f 2797 2899 2897
f 2797 2897 2795
f 2796 2898 2900
f 2796 2900 2798
f 2799 2901 2899
f 2799 2899 2797
f 2798 2900 2902
f 2798 2902 2800
f 2801 2903 2901
f 2801 2901 2799
f 2800 2902 2904
f 2800 2904 2802
f 2803 2905 2903
f 2803 2903 2801
f 2802 2904 2906
f 2802 2906 2804
f 2805 2907 2905
f 2805 2905 2803
f 2804 2906 2908
f 2804 2908 2806
f 2807 2909 2907
f 2807 2907 2805
f 2806 2908 2910
f 2806 2910 2808
f 2809 2911 2909
f 2809 2909 2807
f 2808 2910 2912
f 2808 2912 2810
f 2811 2913 2911
f 2811 2911 2809
f 2810 2912 2914
f 2810 2914 2812
f 2813 2915 2913
f 2813 2913 2811
f 2812 2914 2916
f 2812 2916 2814
f 2815 2917 2915
f 2815 2915 2813
f 2814 2916 2918
f 2814 2918 2816
f 2817 2919 2917
f 2817 2917 2815
f 2816 2918 2920
f 2816 2920 2818
f 2819 2921 2919
f 2819 2919 2817
f 2818 2920 2922
f 2818 2922 2820
f 2821 2923 2921
f 2821 2921 2819
f 2820 2922 2924
f 2820 2924 2822
f 2823 2925 2923
f 2823 2923 2821
f 2822 2924 2926
f 2822 2926 2824
f 2825 2927 2925
f 2825 2925 2823
f 2824 2926 2928
f 2824 2928 2826
f 2827 2929 2927
f 2827 2927 2825
f 2826 2928 2930
f 2826 2930 2828
f 2829 2931 2929
f 2829 2929 2827
f 2828 2930 2932
f 2828 2932 2830
f 2831 2933 2931
f 2831 2931 2829
f 2830 2932 2934
f 2830 2934 2832
f 2833 2935 2933
f 2833 2933 2831
f 2832 2934 2936
f 2832 2936 2834
f 2835 2937 2935
f 2835 2935 2833
f 2834 2936 2938
f 2834 2938 2836
f 2837 2939 2937
f 2837 2937 2835
f 2836 2938 2940
f 2836 2940 2838
f 2839 2941 2939
f 2839 2939 2837
f 2838 2940 2942
f 2838 2942 2840
f 2841 2943 2941
f 2841 2941 2839
f 2840 2942 2944
f 2840 2944 2842
f 2843 2945 2943
f 2843 2943 2841
f 2842 2944 2946
f 2842 2946 2844
f 2845 2947 2945
f 2845 2945 2843
f 2844 2946 2948
f 2844 2948 2846
f 2847 2949 2947
f 2847 2947 2845
f 2846 2948 2950
f 2846 2950 2848
f 2849 2951 2949
f 2849 2949 2847
f 2848 2950 2952
f 2848 2952 2850
f 2851 2953 2951
f 2851 2951 2849
f 2850 2952 2954
f 2850 2954 2852
f 2853 2955 2953
f 2853 2953 2851
f 2852 2954 2956
f 2852 2956 2854
f 2856 2855 2957
f 2856 2957 2958
f 2856 2958 2955
f 2856 2955 2853
f 2854 2956 2957
f 2854 2957 2855
f 2960 2959 2857
f 2960 2857 2858
f 2859 2961 2960
f 2859 2960 2858
f 2857 2959 2962
f 2857 2962 2860
f 2861 2963 2961
f 2861 2961 2859
f 2860 2962 2964
f 2860 2964 2862
f 2863 2965 2963
f 2863 2963 2861
f 2862 2964 2966
f 2862 2966 2864
f 2865 2967 2965
f 2865 2965 2863
f 2864 2966 2968
f 2864 2968 2866
f 2867 2969 2967
f 2867 2967 2865
f 2866 2968 2970
f 2866 2970 2868
f 2869 2971 2969
f 2869 2969 2867
f 2868 2970 2972
f 2868 2972 2870
f 2871 2973 2971
f 2871 2971 2869
f 2870 2972 2974
f 2870 2974 2872
f 2873 2975 2973
f 2873 2973 2871
f 2872 2974 2976
f 2872 2976 2874
f 2875 2977 2975
f 2875 2975 2873
f 2874 2976 2978
f 2874 2978 2876
f 2877 2979 2977
f 2877 2977 2875
f 2876 2978 2980
f 2876 2980 2878
f 2879 2981 2979
f 2879 2979 2877
f 2878 2980 2982
f 2878 2982 2880
f 2881 2983 2981
f 2881 2981 2879
f 2880 2982 2984
f 2880 2984 2882
f 2883 2985 2983
f 2883 2983 2881
f 2882 2984 2986
f 2882 2986 2884
f 2885 2987 2985
f 2885 2985 2883
f 2884 2986 2988
f 2884 2988 2886
f 2887 2989 2987
f 2887 2987 2885
f 2886 2988 2990
f 2886 2990 2888
f 2889 2991 2989
f 2889 2989 2887
f 2888 2990 2992
f 2888 2992 2890
f 2891 2993 2991
f 2891 2991 2889
f 2890 2992 2994
f 2890 2994 2892
f 2893 2995 2993
f 2893 2993 2891
f 2892 2994 2996
f 2892 2996 2894
f 2895 2997 2995
f 2895 2995 2893
f 2894 2996 2998
f 2894 2998 2896
f 2897 2999 2997
f 2897 2997 2895
f 2896 2998 3000
f 2896 3000 2898
f 2899 3001 2999
f 2899 2999 2897
f 2898 3000 3002
f 2898 3002 2900
f 2901 3003 3001
f 2901 3001 2899
f 2900 3002 3004
f 2900 3004 2902
f 2903 3005 3003
f 2903 3003 2901
f 2902 3004 3006
f 2902 3006 2904
f 2905 3007 3005
f 2905 3005 2903
f 2904 3006 3008
f 2904 3008 2906
f 2907 3009 3007
f 2907 3007 2905
f 2906 3008 3010
f 2906 3010 2908
f 2909 3011 3009
f 2909 3009 2907
f 2908 3010 3012
f 2908 3012 2910
f 2911 3013 3011
f 2911 3011 2909
f 2910 3012 3014
f 2910 3014 2912
f 2913 3015 3013
f 2913 3013 2911
f 2912 3014 3016
f 2912 3016 2914
f 2915 3017 3015
f 2915 3015 2913
f 2914 3016 3018
f 2914 3018 2916
f 2917 3019 3017
f 2917 3017 2915
f 2916 3018 3020
f 2916 3020 2918
f 2919 3021 3019
f 2919 3019 2917
f 2918 3020 3022
f 2918 3022 2920
f 2921 3023 3021
f 2921 3021 2919
f 2920 3022 3024
f 2920 3024 2922
f 2923 3025 3023
f 2923 3023 2921
f 2922 3024 3026
f 2922 3026 2924
f 2925 3027 3025
f 2925 3025 2923
f 2924 3026 3028
f 2924 3028 2926
f 2927 3029 3027
f 2927 3027 2925
f 2926 3028 3030
f 2926 3030 2928
f 2929 3031 3029
f 2929 3029 2927
f 2928 3030 3032
f 2928 3032 2930
f 2931 3033 3031
f 2931 3031 2929
f 2930 3032 3034
f 2930 3034 2932
f 2933 3035 3033
f 2933 3033 2931
f 2932 3034 3036
f 2932 3036 2934
f 2935 3037 3035
f 2935 3035 2933
f 2934 3036 3038
f 2934 3038 2936
f 2937 3039 3037
f 2937 3037 2935
f 2936 3038 3040
f 2936 3040 2938
f 2939 3041 3039
f 2939 3039 2937
f 2938 3040 3042
f 2938 3042 2940
f 2941 3043 3041
f 2941 3041 2939
f 2940 3042 3044
f 2940 3044 2942
f 2943 3045 3043
f 2943 3043 2941
f 2942 3044 3046
f 2942 3046 2944
f 2945 3047 3045
f 2945 3045 2943
f 2944 3046 3048
f 2944 3048 2946
f 2947 3049 3047
f 2947 3047 2945
f 2946 3048 3050
f 2946 3050 2948
f 2949 3051 3049
f 2949 3049 2947
f 2948 3050 3052
f 2948 3052 2950
f 2951 3053 3051
f 2951 3051 2949
f 2950 3052 3054
f 2950 3054 2952
f 2953 3055 3053
f 2953 3053 2951
f 2952 3054 3056
f 2952 3056 2954
f 2955 3057 3055
f 2955 3055 2953
f 2954 3056 3058
f 2954 3058 2956
f 2958 2957 3059
f 2958 3059 3060
f 2958 3060 3057
f 2958 3057 2955
f 2956 3058 3059
f 2956 3059 2957
f 3062 3061 2959
f 3062 2959 2960
f 2961 3063 3062
f 2961 3062 2960
f 2959 3061 3064
f 2959 3064 2962
f 2963 3065 3063
f 2963 3063 2961
f 2962 3064 3066
f 2962 3066 2964
f 2965 3067 3065
f 2965 3065 2963
f 2964 3066 3068
f 2964 3068 2966
f 2967 3069 3067
f 2967 3067 2965
f 2966 3068 3070
f 2966 3070 2968
f 2969 3071 3069
f 2969 3069 2967
f 2968 3070 3072
f 2968 3072 2970
f 2971 3073 3071
f 2971 3071 2969
f 2970 3072 3074
f 2970 3074 2972
f 2973 3075 3073
f 2973 3073 2971
f 2972 3074 3076
f 2972 3076 2974
f 2975 3077 3075
f 2975 3075 2973
f 2974 3076 3078
f 2974 3078 2976
f 2977 3079 3077
f 2977 3077 2975
f 2976 3078 3080
f 2976 3080 2978
f 2979 3081 3079
f 2979 3079 2977
f 2978 3080 3082
f 2978 3082 2980
f 2981 3083 3081
f 2981 3081 2979
f 2980 3082 3084
f 2980 3084 2982
f 2983 3085 3083
f 2983 3083 2981
f 2982 3084 3086
f 2982 3086 2984
f 2985 3087 3085
f 2985 3085 2983
f 2984 3086 3088
f 2984 3088 2986
f 2987 3089 3087
f 2987 3087 2985
f 2986 3088 3090
f 2986 3090 2988
f 2989 3091 3089
f 2989 3089 2987
f 2988 3090 3092
f 2988 3092 2990
f 2991 3093 3091
f 2991 3091 2989
f 2990 3092 3094
f 2990 3094 2992
f 2993 3095 3093
f 2993 3093 2991
f 2992 3094 3096
f 2992 3096 2994
f 2995 3097 3095
f 2995 3095 2993
f 2994 3096 3098
f 2994 3098 2996
f 2997 3099 3097
f 2997 3097 2995
f 2996 3098 3100
f 2996 3100 2998
f 2999 3101 3099
f 2999 3099 2997
f 2998 3100 3102
f 2998 3102 3000
f 3001 3103 3101
f 3001 3101 2999
f 3000 3102 3104
f 3000 3104 3002
f 3003 3105 3103
f 3003 3103 3001
f 3002 3104 3106
f 3002 3106 3004
f 3005 3107 3105
f 3005 3105 3003
f 3004 3106 3108
f 3004 3108 3006
f 3007 3109 3107
f 3007 3107 3005
f 3006 3108 3110
f 3006 3110 3008
f 3009 3111 3109
f 3009 3109 3007
f 3008 3110 3112
f 3008 3112 3010
f 3011 3113 3111
f 3011 3111 3009
f 3010 3112 3114
f 3010 3114 3012
f 3013 3115 3113
f 3013 3113 3011
f 3012 3114 3116
f 3012 3116 3014
f 3015 3117 3115
f 3015 3115 3013
f 3014 3116 3118
f 3014 3118 3016
f 3017 3119 3117
f 3017 3117 3015
f 3016 3118 3120
f 3016 3120 3018
f 3019 3121 3119
f 3019 3119 3017
f 3018 3120 3122
f 3018 3122 3020
f 3021 3123 3121
f 3021 3121 3019
f 3020 3122 3124
f 3020 3124 3022
f 3023 3125 3123
f 3023 3123 3021
f 3022 3124 3126
f 3022 3126 3024
f 3025 3127 3125
f 3025 3125 3023
f 3024 3126 3128
f 3024 3128 3026
f 3027 3129 3127
f 3027 3127 3025
f 3026 3128 3130
f 3026 3130 3028
f 3029 3131 3129
f 3029 3129 3027
f 3028 3130 3132
f 3028 3132 3030
f 3031 3133 3131
f 3031 3131 3029
f 3030 3132 3134
f 3030 3134 3032
f 3033 3135 3133
f 3033 3133 3031
f 3032 3134 3136
f 3032 3136 3034
f 3035 3137 3135
f 3035 3135 3033
f 3034 3136 3138
f 3034 3138 3036
f 3037 3139 3137
f 3037 3137 3035
f 3036 3138 3140
f 3036 3140 3038
f 3039 3141 3139
f 3039 3139 3037
f 3038 3140 3142
f 3038 3142 3040
f 3041 3143 3141
f 3041 3141 3039
f 3040 3142 3144
f 3040 3144 3042
f 3043 3145 3143
f 3043 3143 3041
f 3042 3144 3146
f 3042 3146 3044
f 3045 3147 3145
f 3045 3145 3043
f 3044 3146 3148
f 3044 3148 3046
f 3047 3149 3147
f 3047 3147 3045
f 3046 3148 3150
f 3046 3150 3048
f 3049 3151 3149
f 3049 3149 3047
f 3048 3150 3152
f 3048 3152 3050
f 3051 3153 3151
f 3051 3151 3049
f 3050 3152 3154
f 3050 3154 3052
f 3053 3155 3153
f 3053 3153 3051
f 3052 3154 3156
f 3052 3156 3054
f 3055 3157 3155
f 3055 3155 3053
f 3054 3156 3158
f 3054 3158 3056
f 3057 3159 3157
f 3057 3157 3055
f 3056 3158 3160
f 3056 3160 3058
f 3060 3059 3161
f 3060 3161 3162
f 3060 3162 3159
f 3060 3159 3057
f 3058 3160 3161
f 3058 3161 3059
f 3164 3163 3061
f 3164 3061 3062
f 3063 3165 3164
f 3063 3164 3062
f 3061 3163 3166
f 3061 3166 3064
f 3065 3167 3165
f 3065 3165 3063
f 3064 3166 3168
f 3064 3168 3066
f 3067 3169 3167
f 3067 3167 3065
f 3066 3168 3170
f 3066 3170 3068
f 3069 3171 3169
f 3069 3169 3067
f 3068 3170 3172
f 3068 3172 3070
f 3071 3173 3171
f 3071 3171 3069
f 3070 3172 3174
f 3070 3174 3072
f 3073 3175 3173
f 3073 3173 3071
f 3072 3174 3176
f 3072 3176 3074
f 3075 3177 3175
f 3075 3175 3073
f 3074 3176 3178
f 3074 3178 3076
f 3077 3179 3177
f 3077 3177 3075
f 3076 3178 3180
f 3076 3180 3078
f 3079 3181 3179
f 3079 3179 3077
f 3078 3180 3182
f 3078 3182 3080
f 3081 3183 3181
f 3081 3181 3079
f 3080 3182 3184
f 3080 3184 3082
f 3083 3185 3183
f 3083 3183 3081
f 3082 3184 3186
f 3082 3186 3084
f 3085 3187 3185
f 3085 3185 3083
f 3084 3186 3188
f 3084 3188 3086
f 3087 3189 3187
f 3087 3187 3085
f 3086 3188 3190
f 3086 3190 3088
f 3089 3191 3189
f 3089 3189 3087
f 3088 3190 3192
f 3088 3192 3090
f 3091 3193 3191
f 3091 3191 3089
f 3090 3192 3194
f 3090 3194 3092
f 3093 3195 3193
f 3093 3193 3091
f 3092 3194 3196
f 3092 3196 3094
f 3095 3197 3195
f 3095 3195 3093
f 3094 3196 3198
f 3094 3198 3096
f 3097 3199 3197
f 3097 3197 3095
f 3096 3198 3200
f 3096 3200 3098
f 3099 3201 3199
f 3099 3199 3097
f 3098 3200 3202
f 3098 3202 3100
f 3101 3203 3201
f 3101 3201 3099
f 3100 3202 3204
f 3100 3204 3102
f 3103 3205 3203
f 3103 3203 3101
f 3102 3204 3206
f 3102 3206 3104
f 3105 3207 3205
f 3105 3205 3103
f 3104 3206 3208
f 3104 3208 3106
f 3107 3209 3207
f 3107 3207 3105
f 3106 3208 3210
f 3106 3210 3108
f 3109 3211 3209
f 3109 3209 3107
f 3108 3210 3212
f 3108 3212 3110
f 3111 3213 3211
f 3111 3211 3109
f 3110 3212 3214
f 3110 3214 3112
f 3113 3215 3213
f 3113 3213 3111
f 3112 3214 3216
f 3112 3216 3114
f 3115 3217 3215
f 3115 3215 3113
f 3114 3216 3218
f 3114 3218 3116
f 3117 3219 3217
f 3117 3217 3115
f 3116 3218 3220
f 3116 3220 3118
f 3119 3221 3219
f 3119 3219 3117
f 3118 3220 3222
f 3118 3222 3120
f 3121 3223 3221
f 3121 3221 3119
f 3120 3222 3224
f 3120 3224 3122
f 3123 3225 3223
f 3123 3223 3121
f 3122 3224 3226
f 3122 3226 3124
f 3125 3227 3225
f 3125 3225 3123
f 3124 3226 3228
f 3124 3228 3126
f 3127 3229 3227
f 3127 3227 3125
f 3126 3228 3230
f 3126 3230 3128
f 3129 3231 3229
f 3129 3229 3127
f 3128 3230 3232
f 3128 3232 3130
f 3131 3233 3231
f 3131 3231 3129
f 3130 3232 3234
f 3130 3234 3132
f 3133 3235 3233
f 3133 3233 3131
f 3132 3234 3236
f 3132 3236 3134
f 3135 3237 3235
f 3135 3235 3133
f 3134 3236 3238
f 3134 3238 3136
f 3137 3239 3237
f 3137 3237 3135
f 3136 3238 3240
f 3136 3240 3138
f 3139 3241 3239
f 3139 3239 3137
f 3138 3240 3242
f 3138 3242 3140
f 3141 3243 3241
f 3141 3241 3139
f 3140 3242 3244
f 3140 3244 3142
f 3143 3245 3243
f 3143 3243 3141
f 3142 3244 3246
f 3142 3246 3144
f 3145 3247 3245
f 3145 3245 3143
f 3144 3246 3248
f 3144 3248 3146
f 3147 3249 3247
f 3147 3247 3145
f 3146 3248 3250
f 3146 3250 3148
f 3149 3251 3249
f 3149 3249 3147
f 3148 3250 3252
f 3148 3252 3150
f 3151 3253 3251
f 3151 3251 3149
f 3150 3252 3254
f 3150 3254 3152
f 3153 3255 3253
f 3153 3253 3151
f 3152 3254 3256
f 3152 3256 3154
f 3155 3257 3255
f 3155 3255 3153
f 3154 3256 3258
f 3154 3258 3156
f 3157 3259 3257
f 3157 3257 3155
f 3156 3258 3260
f 3156 3260 3158
f 3159 3261 3259
f 3159 3259 3157
f 3158 3260 3262
f 3158 3262 3160
f 3162 3161 3263
f 3162 3263 3264
f 3162 3264 3261
f 3162 3261 3159
f 3160 3262 3263
f 3160 3263 3161
f 3266 3265 3163
f 3266 3163 3164
f 3165 3267 3266
f 3165 3266 3164
f 3163 3265 3268
f 3163 3268 3166
f 3167 3269 3267
f 3167 3267 3165
f 3166 3268 3270
f 3166 3270 3168
f 3169 3271 3269
f 3169 3269 3167
f 3168 3270 3272
f 3168 3272 3170
f 3171 3273 3271
f 3171 3271 3169
f 3170 3272 3274
f 3170 3274 3172
f 3173 3275 3273
f 3173 3273 3171
f 3172 3274 3276
f 3172 3276 3174
f 3175 3277 3275
f 3175 3275 3173
f 3174 3276 3278
f 3174 3278 3176
f 3177 3279 3277
f 3177 3277 3175
f 3176 3278 3280
f 3176 3280 3178
f 3179 3281 3279
f 3179 3279 3177
f 3178 3280 3282
f 3178 3282 3180
f 3181 3283 3281
f 3181 3281 3179
f 3180 3282 3284
f 3180 3284 3182
f 3183 3285 3283
f 3183 3283 3181
f 3182 3284 3286
f 3182 3286 3184
f 3185 3287 3285
f 3185 3285 3183
f 3184 3286 3288
f 3184 3288 3186
f 3187 3289 3287
f 3187 3287 3185
f 3186 3288 3290
f 3186 3290 3188
f 3189 3291 3289
f 3189 3289 3187
f 3188 3290 3292
f 3188 3292 3190
f 3191 3293 3291
f 3191 3291 3189
f 3190 3292 3294
f 3190 3294 3192
f 3193 3295 3293
f 3193 3293 3191
f 3192 3294 3296
f 3192 3296 3194
f 3195 3297 3295
f 3195 3295 3193
f 3194 3296 3298
f 3194 3298 3196
f 3197 3299 3297
f 3197 3297 3195
f 3196 3298 3300
f 3196 3300 3198
f 3199 3301 3299
f 3199 3299 3197
f 3198 3300 3302
f 3198 3302 3200
f 3201 3303 3301
f 3201 3301 3199
f 3200 3302 3304
f 3200 3304 3202
f 3203 3305 3303
f 3203 3303 3201
f 3202 3304 3306
f 3202 3306 3204
f 3205 3307 3305
f 3205 3305 3203
f 3204 3306 3308
f 3204 3308 3206
f 3207 3309 3307
f 3207 3307 3205
f 3206 3308 3310
f 3206 3310 3208
f 3209 3311 3309
f 3209 3309 3207
f 3208 3310 3312
f 3208 3312 3210
f 3211 3313 3311
f 3211 3311 3209
f 3210 3312 3314
f 3210 3314 3212
f 3213 3315 3313
f 3213 3313 3211
f 3212 3314 3316
f 3212 3316 3214
f 3215 3317 3315
f 3215 3315 3213
f 3214 3316 3318
f 3214 3318 3216
f 3217 3319 3317
f 3217 3317 3215
f 3216 3318 3320
f 3216 3320 3218
f 3219 3321 3319
f 3219 3319 3217
f 3218 3320 3322
f 3218 3322 3220
f 3221 3323 3321
f 3221 3321 3219
f 3220 3322 3324
f 3220 3324 3222
f 3223 3325 3323
f 3223 3323 3221
f 3222 3324 3326
f 3222 3326 3224
f 3225 3327 3325
f 3225 3325 3223
f 3224 3326 3328
f 3224 3328 3226
f 3227 3329 3327
f 3227 3327 3225
f 3226 3328 3330
f 3226 3330 3228
f 3229 3331 3329
f 3229 3329 3227
f 3228 3330 3332
f 3228 3332 3230
f 3231 3333 3331
f 3231 3331 3229
f 3230 3332 3334
f 3230 3334 3232
f 3233 3335 3333
f 3233 3333 3231
f 3232 3334 3336
f 3232 3336 3234
f 3235 3337 3335
f 3235 3335 3233
f 3234 3336 3338
f 3234 3338 3236
f 3237 3339 3337
f 3237 3337 3235
f 3236 3338 3340
f 3236 3340 3238
f 3239 3341 3339
f 3239 3339 3237
f 3238 3340 3342
f 3238 3342 3240
f 3241 3343 3341
f 3241 3341 3239
f 3240 3342 3344
f 3240 3344 3242
f 3243 3345 3343
f 3243 3343 3241
f 3242 3344 3346
f 3242 3346 3244
f 3245 3347 3345
f 3245 3345 3243
f 3244 3346 3348
f 3244 3348 3246
f 3247 3349 3347
f 3247 3347 3245
f 3246 3348 3350
f 3246 3350 3248
f 3249 3351 3349
f 3249 3349 3247
f 3248 3350 3352
f 3248 3352 3250
f 3251 3353 3351
f 3251 3351 3249
f 3250 3352 3354
f 3250 3354 3252
f 3253 3355 3353
f 3253 3353 3251
f 3252 3354 3356
f 3252 3356 3254
f 3255 3357 3355
f 3255 3355 3253
f 3254 3356 3358
f 3254 3358 3256
f 3257 3359 3357
f 3257 3357 3255
f 3256 3358 3360
f 3256 3360 3258
f 3259 3361 3359
f 3259 3359 3257
f 3258 3360 3362
f 3258 3362 3260
f 3261 3363 3361
f 3261 3361 3259
f 3260 3362 3364
f 3260 3364 3262
f 3264 3263 3365
f 3264 3365 3366
f 3264 3366 3363
f 3264 3363 3261
f 3262 3364 3365
f 3262 3365 3263
f 3368 3367 3265
f 3368 3265 3266
f 3267 3369 3368
f 3267 3368 3266
f 3265 3367 3370
f 3265 3370 3268
f 3269 3371 3369
f 3269 3369 3267
f 3268 3370 3372
f 3268 3372 3270
f 3271 3373 3371
f 3271 3371 3269
f 3270 3372 3374
f 3270 3374 3272
f 3273 3375 3373
f 3273 3373 3271
f 3272 3374 3376
f 3272 3376 3274
f 3275 3377 3375
f 3275 3375 3273
f 3274 3376 3378
f 3274 3378 3276
f 3277 3379 3377
f 3277 3377 3275
f 3276 3378 3380
f 3276 3380 3278
f 3279 3381 3379
f 3279 3379 3277
f 3278 3380 3382
f 3278 3382 3280
f 3281 3383 3381
f 3281 3381 3279
f 3280 3382 3384
f 3280 3384 3282
f 3283 3385 3383
f 3283 3383 3281
f 3282 3384 3386
f 3282 3386 3284
f 3285 3387 3385
f 3285 3385 3283
f 3284 3386 3388
f 3284 3388 3286
f 3287 3389 3387
f 3287 3387 3285
f 3286 3388 3390
f 3286 3390 3288
f 3289 3391 3389
f 3289 3389 3287
f 3288 3390 3392
f 3288 3392 3290
f 3291 3393 3391
f 3291 3391 3289
f 3290 3392 3394
f 3290 3394 3292
f 3293 3395 3393
f 3293 3393 3291
f 3292 3394 3396
f 3292 3396 3294
f 3295 3397 3395
f 3295 3395 3293
f 3294 3396 3398
f 3294 3398 3296
f 3297 3399 3397
f 3297 3397 3295
f 3296 3398 3400
f 3296 3400 3298
f 3299 3401 3399
f 3299 3399 3297
f 3298 3400 3402
f 3298 3402 3300
f 3301 3403 3401
f 3301 3401 3299
f 3300 3402 3404
f 3300 3404 3302
f 3303 3405 3403
f 3303 3403 3301
f 3302 3404 3406
f 3302 3406 3304
f 3305 3407 3405
f 3305 3405 3303
f 3304 3406 3408
f 3304 3408 3306
f 3307 3409 3407
f 3307 3407 3305
f 3306 3408 3410
f 3306 3410 3308
f 3309 3411 3409
f 3309 3409 3307
f 3308 3410 3412
f 3308 3412 3310
f 3311 3413 3411
f 3311 3411 3309
f 3310 3412 3414
f 3310 3414 3312
f 3313 3415 3413
f 3313 3413 3311
f 3312 3414 3416
f 3312 3416 3314
f 3315 3417 3415
f 3315 3415 3313
f 3314 3416 3418
f 3314 3418 3316
f 3317 3419 3417
f 3317 3417 3315
f 3316 3418 3420
f 3316 3420 3318
f 3319 3421 3419
f 3319 3419 3317
f 3318 3420 3422
f 3318 3422 3320
f 3321 3423 3421
f 3321 3421 3319
f 3320 3422 3424
f 3320 3424 3322
f 3323 3425 3423
f 3323 3423 3321
f 3322 3424 3426
f 3322 3426 3324
f 3325 3427 3425
f 3325 3425 3323
f 3324 3426 3428
f 3324 3428 3326
f 3327 3429 3427
f 3327 3427 3325
f 3326 3428 3430
f 3326 3430 3328
f 3329 3431 3429
f 3329 3429 3327
f 3328 3430 3432
f 3328 3432 3330
f 3331 3433 3431
f 3331 3431 3329
f 3330 3432 3434
f 3330 3434 3332
f 3333 3435 3433
f 3333 3433 3331
f 3332 3434 3436
f 3332 3436 3334
f 3335 3437 3435
f 3335 3435 3333
f 3334 3436 3438
f 3334 3438 3336
f 3337 3439 3437
f 3337 3437 3335
f 3336 3438 3440
f 3336 3440 3338
f 3339 3441 3439
f 3339 3439 3337
f 3338 3440 3442
f 3338 3442 3340
f 3341 3443 3441
f 3341 3441 3339
f 3340 3442 3444
f 3340 3444 3342
f 3343 3445 3443
f 3343 3443 3341
f 3342 3444 3446
f 3342 3446 3344
f 3345 3447 3445
f 3345 3445 3343
f 3344 3446 3448
f 3344 3448 3346
f 3347 3449 3447
f 3347 3447 3345
f 3346 3448 3450
f 3346 3450 3348
f 3349 3451 3449
f 3349 3449 3347
f 3348 3450 3452
f 3348 3452 3350
f 3351 3453 3451
f 3351 3451 3349
f 3350 3452 3454
f 3350 3454 3352
f 3353 3455 3453
f 3353 3453 3351
f 3352 3454 3456
f 3352 3456 3354
f 3355 3457 3455
f 3355 3455 3353
f 3354 3456 3458
f 3354 3458 3356
f 3357 3459 3457
f 3357 3457 3355
f 3356 3458 3460
f 3356 3460 3358
f 3359 3461 3459
f 3359 3459 3357
f 3358 3460 3462
f 3358 3462 3360
f 3361 3463 3461
f 3361 3461 3359
f 3360 3462 3464
f 3360 3464 3362
f 3363 3465 3463
f 3363 3463 3361
f 3362 3464 3466
f 3362 3466 3364
f 3366 3365 3467
f 3366 3467 3468
f 3366 3468 3465
f 3366 3465 3363
f 3364 3466 3467
f 3364 3467 3365
f 3470 3469 3367
f 3470 3367 3368
f 3369 3471 3470
f 3369 3470 3368
f 3367 3469 3472
f 3367 3472 3370
f 3371 3473 3471
f 3371 3471 3369
f 3370 3472 3474
f 3370 3474 3372
f 3373 3475 3473
f 3373 3473 3371
f 3372 3474 3476
f 3372 3476 3374
f 3375 3477 3475
f 3375 3475 3373
f 3374 3476 3478
f 3374 3478 3376
f 3377 3479 3477
f 3377 3477 3375
f 3376 3478 3480
f 3376 3480 3378
f 3379 3481 3479
f 3379 3479 3377
f 3378 3480 3482
f 3378 3482 3380
f 3381 3483 3481
f 3381 3481 3379
f 3380 3482 3484
f 3380 3484 3382
f 3383 3485 3483
f 3383 3483 3381
f 3382 3484 3486
f 3382 3486 3384
f 3385 3487 3485
f 3385 3485 3383
f 3384 3486 3488
f 3384 3488 3386
f 3387 3489 3487
f 3387 3487 3385
f 3386 3488 3490
f 3386 3490 3388
f 3389 3491 3489
f 3389 3489 3387
f 3388 3490 3492
f 3388 3492 3390
f 3391 3493 3491
f 3391 3491 3389
f 3390 3492 3494
f 3390 3494 3392
f 3393 3495 3493
f 3393 3493 3391
f 3392 3494 3496
f 3392 3496 3394
f 3395 3497 3495
f 3395 3495 3393
f 3394 3496 3498
f 3394 3498 3396
f 3397 3499 3497
f 3397 3497 3395
f 3396 3498 3500
f 3396 3500 3398
f 3399 3501 3499
f 3399 3499 3397
f 3398 3500 3502
f 3398 3502 3400
f 3401 3503 3501
f 3401 3501 3399
f 3400 3502 3504
f 3400 3504 3402
f 3403 3505 3503
f 3403 3503 3401
f 3402 3504 3506
f 3402 3506 3404
f 3405 3507 3505
f 3405 3505 3403
f 3404 3506 3508
f 3404 3508 3406
f 3407 3509 3507
f 3407 3507 3405
f 3406 3508 3510
f 3406 3510 3408
f 3409 3511 3509
f 3409 3509 3407
f 3408 3510 3512
f 3408 3512 3410
f 3411 3513 3511
f 3411 3511 3409
f 3410 3512 3514
f 3410 3514 3412
f 3413 3515 3513
f 3413 3513 3411
f 3412 3514 3516
f 3412 3516 3414
f 3415 3517 3515
f 3415 3515 3413
f 3414 3516 3518
f 3414 3518 3416
f 3417 3519 3517
f 3417 3517 3415
f 3416 3518 3520
f 3416 3520 3418
f 3419 3521 3519
f 3419 3519 3417
f 3418 3520 3522
f 3418 3522 3420
f 3421 3523 3521
f 3421 3521 3419
f 3420 3522 3524
f 3420 3524 3422
f 3423 3525 3523
f 3423 3523 3421
f 3422 3524 3526
f 3422 3526 3424
f 3425 3527 3525
f 3425 3525 3423
f 3424 3526 3528
f 3424 3528 3426
f 3427 3529 3527
f 3427 3527 3425
f 3426 3528 3530
f 3426 3530 3428
f 3429 3531 3529
f 3429 3529 3427
f 3428 3530 3532
f 3428 3532 3430
f 3431 3533 3531
f 3431 3531 3429
f 3430 3532 3534
f 3430 3534 3432
f 3433 3535 3533
f 3433 3533 3431
f 3432 3534 3536
f 3432 3536 3434
f 3435 3537 3535
f 3435 3535 3433
f 3434 3536 3538
f 3434 3538 3436
f 3437 3539 3537
f 3437 3537 3435
f 3436 3538 3540
f 3436 3540 3438
f 3439 3541 3539
f 3439 3539 3437
f 3438 3540 3542
f 3438 3542 3440
f 3441 3543 3541
f 3441 3541 3439
f 3440 3542 3544
f 3440 3544 3442
f 3443 3545 3543
f 3443 3543 3441
f 3442 3544 3546
f 3442 3546 3444
f 3445 3547 3545
f 3445 3545 3443
f 3444 3546 3548
f 3444 3548 3446
f 3447 3549 3547
f 3447 3547 3445
f 3446 3548 3550
f 3446 3550 3448
f 3449 3551 3549
f 3449 3549 3447
f 3448 3550 3552
f 3448 3552 3450
f 3451 3553 3551
f 3451 3551 3449
f 3450 3552 3554
f 3450 3554 3452
f 3453 3555 3553
f 3453 3553 3451
f 3452 3554 3556
f 3452 3556 3454
f 3455 3557 3555
f 3455 3555 3453
f 3454 3556 3558
f 3454 3558 3456
f 3457 3559 3557
f 3457 3557 3455
f 3456 3558 3560
f 3456 3560 3458
f 3459 3561 3559
f 3459 3559 3457
f 3458 3560 3562
f 3458 3562 3460
f 3461 3563 3561
f 3461 3561 3459
f 3460 3562 3564
f 3460 3564 3462
f 3463 3565 3563
f 3463 3563 3461
f 3462 3564 3566
f 3462 3566 3464
f 3465 3567 3565
f 3465 3565 3463
f 3464 3566 3568
f 3464 3568 3466
f 3468 3467 3569
f 3468 3569 3570
f 3468 3570 3567
f 3468 3567 3465
f 3466 3568 3569
f 3466 3569 3467
f 3572 3571 3469
f 3572 3469 3470
f 3471 3573 3572
f 3471 3572 3470
f 3469 3571 3574
f 3469 3574 3472
f 3473 3575 3573
f 3473 3573 3471
f 3472 3574 3576
f 3472 3576 3474
f 3475 3577 3575
f 3475 3575 3473
f 3474 3576 3578
f 3474 3578 3476
f 3477 3579 3577
f 3477 3577 3475
f 3476 3578 3580
f 3476 3580 3478
f 3479 3581 3579
f 3479 3579 3477
f 3478 3580 3582
f 3478 3582 3480
f 3481 3583 3581
f 3481 3581 3479
f 3480 3582 3584
f 3480 3584 3482
f 3483 3585 3583
f 3483 3583 3481
f 3482 3584 3586
f 3482 3586 3484
f 3485 3587 3585
f 3485 3585 3483
f 3484 3586 3588
f 3484 3588 3486
f 3487 3589 3587
f 3487 3587 3485
f 3486 3588 3590
f 3486 3590 3488
f 3489 3591 3589
f 3489 3589 3487
f 3488 3590 3592
f 3488 3592 3490
f 3491 3593 3591
f 3491 3591 3489
f 3490 3592 3594
f 3490 3594 3492
f 3493 3595 3593
f 3493 3593 3491
f 3492 3594 3596
f 3492 3596 3494
f 3495 3597 3595
f 3495 3595 3493
f 3494 3596 3598
f 3494 3598 3496
f 3497 3599 3597
f 3497 3597 3495
f 3496 3598 3600
f 3496 3600 3498
f 3499 3601 3599
f 3499 3599 3497
f 3498 3600 3602
f 3498 3602 3500
f 3501 3603 3601
f 3501 3601 3499
f 3500 3602 3604
f 3500 3604 3502
f 3503 3605 3603
f 3503 3603 3501
f 3502 3604 3606
f 3502 3606 3504
f 3505 3607 3605
f 3505 3605 3503
f 3504 3606 3608
f 3504 3608 3506
f 3507 3609 3607
f 3507 3607 3505
f 3506 3608 3610
f 3506 3610 3508
f 3509 3611 3609
f 3509 3609 3507
f 3508 3610 3612
f 3508 3612 3510
f 3511 3613 3611
f 3511 3611 3509
f 3510 3612 3614
f 3510 3614 3512
f 3513 3615 3613
f 3513 3613 3511
f 3512 3614 3616
f 3512 3616 3514
f 3515 3617 3615
f 3515 3615 3513
f 3514 3616 3618
f 3514 3618 3516
f 3517 3619 3617
f 3517 3617 3515
f 3516 3618 3620
f 3516 3620 3518
f 3519 3621 3619
f 3519 3619 3517
f 3518 3620 3622
f 3518 3622 3520
f 3521 3623 3621
f 3521 3621 3519
f 3520 3622 3624
f 3520 3624 3522
f 3523 3625 3623
f 3523 3623 3521
f 3522 3624 3626
f 3522 3626 3524
f 3525 3627 3625
f 3525 3625 3523
f 3524 3626 3628
f 3524 3628 3526
f 3527 3629 3627
f 3527 3627 3525
f 3526 3628 3630
f 3526 3630 3528
f 3529 3631 3629
f 3529 3629 3527
f 3528 3630 3632
f 3528 3632 3530
f 3531 3633 3631
f 3531 3631 3529
f 3530 3632 3634
f 3530 3634 3532
f 3533 3635 3633
f 3533 3633 3531
f 3532 3634 3636
f 3532 3636 3534
f 3535 3637 3635
f 3535 3635 3533
f 3534 3636 3638
f 3534 3638 3536
f 3537 3639 3637
f 3537 3637 3535
f 3536 3638 3640
f 3536 3640 3538
f 3539 3641 3639
f 3539 3639 3537
f 3538 3640 3642
f 3538 3642 3540
f 3541 3643 3641
f 3541 3641 3539
f 3540 3642 3644
f 3540 3644 3542
f 3543 3645 3643
f 3543 3643 3541
f 3542 3644 3646
f 3542 3646 3544
f 3545 3647 3645
f 3545 3645 3543
f 3544 3646 3648
f 3544 3648 3546
f 3547 3649 3647
f 3547 3647 3545
f 3546 3648 3650
f 3546 3650 3548
f 3549 3651 3649
f 3549 3649 3547
f 3548 3650 3652
f 3548 3652 3550
f 3551 3653 3651
f 3551 3651 3549
f 3550 3652 3654
f 3550 3654 3552
f 3553 3655 3653
f 3553 3653 3551
f 3552 3654 3656
f 3552 3656 3554
f 3555 3657 3655
f 3555 3655 3553
f 3554 3656 3658
f 3554 3658 3556
f 3557 3659 3657
f 3557 3657 3555
f 3556 3658 3660
f 3556 3660 3558
f 3559 3661 3659
f 3559 3659 3557
f 3558 3660 3662
f 3558 3662 3560
f 3561 3663 3661
f 3561 3661 3559
f 3560 3662 3664
f 3560 3664 3562
f 3563 3665 3663
f 3563 3663 3561
f 3562 3664 3666
f 3562 3666 3564
f 3565 3667 3665
f 3565 3665 3563
f 3564 3666 3668
f 3564 3668 3566
f 3567 3669 3667
f 3567 3667 3565
f 3566 3668 3670
f 3566 3670 3568
f 3570 3569 3671
f 3570 3671 3672
f 3570 3672 3669
f 3570 3669 3567
f 3568 3670 3671
f 3568 3671 3569
f 3674 3673 3571
f 3674 3571 3572
f 3573 3675 3674
f 3573 3674 3572
f 3571 3673 3676
f 3571 3676 3574
f 3575 3677 3675
f 3575 3675 3573
f 3574 3676 3678
f 3574 3678 3576
f 3577 3679 3677
f 3577 3677 3575
f 3576 3678 3680
f 3576 3680 3578
f 3579 3681 3679
f 3579 3679 3577
f 3578 3680 3682
f 3578 3682 3580
f 3581 3683 3681
f 3581 3681 3579
f 3580 3682 3684
f 3580 3684 3582
f 3583 3685 3683
f 3583 3683 3581
f 3582 3684 3686
f 3582 3686 3584
f 3585 3687 3685
f 3585 3685 3583
f 3584 3686 3688
f 3584 3688 3586
f 3587 3689 3687
f 3587 3687 3585
f 3586 3688 3690
f 3586 3690 3588
f 3589 3691 3689
f 3589 3689 3587
f 3588 3690 3692
f 3588 3692 3590
f 3591 3693 3691
f 3591 3691 3589
f 3590 3692 3694
f 3590 3694 3592
f 3593 3695 3693
f 3593 3693 3591
f 3592 3694 3696
f 3592 3696 3594
f 3595 3697 3695
f 3595 3695 3593
f 3594 3696 3698
f 3594 3698 3596
f 3597 3699 3697
f 3597 3697 3595
f 3596 3698 3700
f 3596 3700 3598
f 3599 3701 3699
f 3599 3699 3597
f 3598 3700 3702
f 3598 3702 3600
f 3601 3703 3701
f 3601 3701 3599
f 3600 3702 3704
f 3600 3704 3602
f 3603 3705 3703
f 3603 3703 3601
f 3602 3704 3706
f 3602 3706 3604
f 3605 3707 3705
f 3605 3705 3603
f 3604 3706 3708
f 3604 3708 3606
f 3607 3709 3707
f 3607 3707 3605
f 3606 3708 3710
f 3606 3710 3608
f 3609 3711 3709
f 3609 3709 3607
f 3608 3710 3712
f 3608 3712 3610
f 3611 3713 3711
f 3611 3711 3609
f 3610 3712 3714
f 3610 3714 3612
f 3613 3715 3713
f 3613 3713 3611
f 3612 3714 3716
f 3612 3716 3614
f 3615 3717 3715
f 3615 3715 3613
f 3614 3716 3718
f 3614 3718 3616
f 3617 3719 3717
f 3617 3717 3615
f 3616 3718 3720
f 3616 3720 3618
f 3619 3721 3719
f 3619 3719 3617
f 3618 3720 3722
f 3618 3722 3620
f 3621 3723 3721
f 3621 3721 3619
f 3620 3722 3724
f 3620 3724 3622
f 3623 3725 3723
f 3623 3723 3621
f 3622 3724 3726
f 3622 3726 3624
f 3625 3727 3725
f 3625 3725 3623
f 3624 3726 3728
f 3624 3728 3626
f 3627 3729 3727
f 3627 3727 3625
f 3626 3728 3730
f 3626 3730 3628
f 3629 3731 3729
f 3629 3729 3627
f 3628 3730 3732
f 3628 3732 3630
f 3631 3733 3731
f 3631 3731 3629
f 3630 3732 3734
f 3630 3734 3632
f 3633 3735 3733
f 3633 3733 3631
f 3632 3734 3736
f 3632 3736 3634
f 3635 3737 3735
f 3635 3735 3633
f 3634 3736 3738
f 3634 3738 3636
f 3637 3739 3737
f 3637 3737 3635
f 3636 3738 3740
f 3636 3740 3638
f 3639 3741 3739
f 3639 3739 3637
f 3638 3740 3742
f 3638 3742 3640
f 3641 3743 3741
f 3641 3741 3639
f 3640 3742 3744
f 3640 3744 3642
f 3643 3745 3743
f 3643 3743 3641
f 3642 3744 3746
f 3642 3746 3644
f 3645 3747 3745
f 3645 3745 3643
f 3644 3746 3748
f 3644 3748 3646
f 3647 3749 3747
f 3647 3747 3645
f 3646 3748 3750
f 3646 3750 3648
f 3649 3751 3749
f 3649 3749 3647
f 3648 3750 3752
f 3648 3752 3650
f 3651 3753 3751
f 3651 3751 3649
f 3650 3752 3754
f 3650 3754 3652
f 3653 3755 3753
f 3653 3753 3651
f 3652 3754 3756
f 3652 3756 3654
f 3655 3757 3755
f 3655 3755 3653
f 3654 3756 3758
f 3654 3758 3656
f 3657 3759 3757
f 3657 3757 3655
f 3656 3758 3760
f 3656 3760 3658
f 3659 3761 3759
f 3659 3759 3657
f 3658 3760 3762
f 3658 3762 3660
f 3661 3763 3761
f 3661 3761 3659
f 3660 3762 3764
f 3660 3764 3662
f 3663 3765 3763
f 3663 3763 3661
f 3662 3764 3766
f 3662 3766 3664
f 3665 3767 3765
f 3665 3765 3663
f 3664 3766 3768
f 3664 3768 3666
f 3667 3769 3767
f 3667 3767 3665
f 3666 3768 3770
f 3666 3770 3668
f 3669 3771 3769
f 3669 3769 3667
f 3668 3770 3772
f 3668 3772 3670
f 3672 3671 3773
f 3672 3773 3774
f 3672 3774 3771
f 3672 3771 3669
f 3670 3772 3773
f 3670 3773 3671
f 3776 3775 3673
f 3776 3673 3674
f 3675 3777 3776
f 3675 3776 3674
f 3673 3775 3778
f 3673 3778 3676
f 3677 3779 3777
f 3677 3777 3675
f 3676 3778 3780
f 3676 3780 3678
f 3679 3781 3779
f 3679 3779 3677
f 3678 3780 3782
f 3678 3782 3680
f 3681 3783 3781
f 3681 3781 3679
f 3680 3782 3784
f 3680 3784 3682
f 3683 3785 3783
f 3683 3783 3681
f 3682 3784 3786
f 3682 3786 3684
f 3685 3787 3785
f 3685 3785 3683
f 3684 3786 3788
f 3684 3788 3686
f 3687 3789 3787
f 3687 3787 3685
f 3686 3788 3790
f 3686 3790 3688
f 3689 3791 3789
f 3689 3789 3687
f 3688 3790 3792
f 3688 3792 3690
f 3691 3793 3791
f 3691 3791 3689
f 3690 3792 3794
f 3690 3794 3692
f 3693 3795 3793
f 3693 3793 3691
f 3692 3794 3796
f 3692 3796 3694
f 3695 3797 3795
f 3695 3795 3693
f 3694 3796 3798
f 3694 3798 3696
f 3697 3799 3797
f 3697 3797 3695
f 3696 3798 3800
f 3696 3800 3698
f 3699 3801 3799
f 3699 3799 3697
f 3698 3800 3802
f 3698 3802 3700
f 3701 3803 3801
f 3701 3801 3699
f 3700 3802 3804
f 3700 3804 3702
f 3703 3805 3803
f 3703 3803 3701
f 3702 3804 3806
f 3702 3806 3704
f 3705 3807 3805
f 3705 3805 3703
f 3704 3806 3808
f 3704 3808 3706
f 3707 3809 3807
f 3707 3807 3705
f 3706 3808 3810
f 3706 3810 3708
f 3709 3811 3809
f 3709 3809 3707
f 3708 3810 3812
f 3708 3812 3710
f 3711 3813 3811
f 3711 3811 3709
f 3710 3812 3814
f 3710 3814 3712
f 3713 3815 3813
f 3713 3813 3711
f 3712 3814 3816
f 3712 3816 3714
f 3715 3817 3815
f 3715 3815 3713
f 3714 3816 3818
f 3714 3818 3716
f 3717 3819 3817
f 3717 3817 3715
f 3716 3818 3820
f 3716 3820 3718
f 3719 3821 3819
f 3719 3819 3717
f 3718 3820 3822
f 3718 3822 3720
f 3721 3823 3821
f 3721 3821 3719
f 3720 3822 3824
f 3720 3824 3722
f 3723 3825 3823
f 3723 3823 3721
f 3722 3824 3826
f 3722 3826 3724
f 3725 3827 3825
f 3725 3825 3723
f 3724 3826 3828
f 3724 3828 3726
f 3727 3829 3827
f 3727 3827 3725
f 3726 3828 3830
f 3726 3830 3728
f 3729 3831 3829
f 3729 3829 3727
f 3728 3830 3832
f 3728 3832 3730
f 3731 3833 3831
f 3731 3831 3729
f 3730 3832 3834
f 3730 3834 3732
f 3733 3835 3833
f 3733 3833 3731
f 3732 3834 3836
f 3732 3836 3734
f 3735 3837 3835
f 3735 3835 3733
f 3734 3836 3838
f 3734 3838 3736
f 3737 3839 3837
f 3737 3837 3735
f 3736 3838 3840
f 3736 3840 3738
f 3739 3841 3839
f 3739 3839 3737
f 3738 3840 3842
f 3738 3842 3740
f 3741 3843 3841
f 3741 3841 3739
f 3740 3842 3844
f 3740 3844 3742
f 3743 3845 3843
f 3743 3843 3741
f 3742 3844 3846
f 3742 3846 3744
f 3745 3847 3845
f 3745 3845 3743
f 3744 3846 3848
f 3744 3848 3746
f 3747 3849 3847
f 3747 3847 3745
f 3746 3848 3850
f 3746 3850 3748
f 3749 3851 3849
f 3749 3849 3747
f 3748 3850 3852
f 3748 3852 3750
f 3751 3853 3851
f 3751 3851 3749
f 3750 3852 3854
f 3750 3854 3752
f 3753 3855 3853
f 3753 3853 3751
f 3752 3854 3856
f 3752 3856 3754
f 3755 3857 3855
f 3755 3855 3753
f 3754 3856 3858
f 3754 3858 3756
f 3757 3859 3857
f 3757 3857 3755
f 3756 3858 3860
f 3756 3860 3758
f 3759 3861 3859
f 3759 3859 3757
f 3758 3860 3862
f 3758 3862 3760
f 3761 3863 3861
f 3761 3861 3759
f 3760 3862 3864
f 3760 3864 3762
f 3763 3865 3863
f 3763 3863 3761
f 3762 3864 3866
f 3762 3866 3764
f 3765 3867 3865
f 3765 3865 3763
f 3764 3866 3868
f 3764 3868 3766
f 3767 3869 3867
f 3767 3867 3765
f 3766 3868 3870
f 3766 3870 3768
f 3769 3871 3869
f 3769 3869 3767
f 3768 3870 3872
f 3768 3872 3770
f 3771 3873 3871
f 3771 3871 3769
f 3770 3872 3874
f 3770 3874 3772
f 3774 3773 3875
f 3774 3875 3876
f 3774 3876 3873
f 3774 3873 3771
f 3772 3874 3875
f 3772 3875 3773
f 3878 3877 3775
f 3878 3775 3776
f 3777 3879 3878
f 3777 3878 3776
f 3775 3877 3880
f 3775 3880 3778
f 3779 3881 3879
f 3779 3879 3777
f 3778 3880 3882
f 3778 3882 3780
f 3781 3883 3881
f 3781 3881 3779
f 3780 3882 3884
f 3780 3884 3782
f 3783 3885 3883
f 3783 3883 3781
f 3782 3884 3886
f 3782 3886 3784
f 3785 3887 3885
f 3785 3885 3783
f 3784 3886 3888
f 3784 3888 3786
f 3787 3889 3887
f 3787 3887 3785
f 3786 3888 3890
f 3786 3890 3788
f 3789 3891 3889
f 3789 3889 3787
f 3788 3890 3892
f 3788 3892 3790
f 3791 3893 3891
f 3791 3891 3789
f 3790 3892 3894
f 3790 3894 3792
f 3793 3895 3893
f 3793 3893 3791
f 3792 3894 3896
f 3792 3896 3794
f 3795 3897 3895
f 3795 3895 3793
f 3794 3896 3898
f 3794 3898 3796
f 3797 3899 3897
f 3797 3897 3795
f 3796 3898 3900
f 3796 3900 3798
f 3799 3901 3899
f 3799 3899 3797
f 3798 3900 3902
f 3798 3902 3800
f 3801 3903 3901
f 3801 3901 3799
f 3800 3902 3904
f 3800 3904 3802
f 3803 3905 3903
f 3803 3903 3801
f 3802 3904 3906
f 3802 3906 3804
f 3805 3907 3905
f 3805 3905 3803
f 3804 3906 3908
f 3804 3908 3806
f 3807 3909 3907
f 3807 3907 3805
f 3806 3908 3910
f 3806 3910 3808
f 3809 3911 3909
f 3809 3909 3807
f 3808 3910 3912
f 3808 3912 3810
f 3811 3913 3911
f 3811 3911 3809
f 3810 3912 3914
f 3810 3914 3812
f 3813 3915 3913
f 3813 3913 3811
f 3812 3914 3916
f 3812 3916 3814
f 3815 3917 3915
f 3815 3915 3813
f 3814 3916 3918
f 3814 3918 3816
f 3817 3919 3917
f 3817 3917 3815
f 3816 3918 3920
f 3816 3920 3818
f 3819 3921 3919
f 3819 3919 3817
f 3818 3920 3922
f 3818 3922 3820
f 3821 3923 3921
f 3821 3921 3819
f 3820 3922 3924
f 3820 3924 3822
f 3823 3925 3923
f 3823 3923 3821
f 3822 3924 3926
f 3822 3926 3824
f 3825 3927 3925
f 3825 3925 3823
f 3824 3926 3928
f 3824 3928 3826
f 3827 3929 3927
f 3827 3927 3825
f 3826 3928 3930
f 3826 3930 3828
f 3829 3931 3929
f 3829 3929 3827
f 3828 3930 3932
f 3828 3932 3830
f 3831 3933 3931
f 3831 3931 3829
f 3830 3932 3934
f 3830 3934 3832
f 3833 3935 3933
f 3833 3933 3831
f 3832 3934 3936
f 3832 3936 3834
f 3835 3937 3935
f 3835 3935 3833
f 3834 3936 3938
f 3834 3938 3836
f 3837 3939 3937
f 3837 3937 3835
f 3836 3938 3940
f 3836 3940 3838
f 3839 3941 3939
f 3839 3939 3837
f 3838 3940 3942
f 3838 3942 3840
f 3841 3943 3941
f 3841 3941 3839
f 3840 3942 3944
f 3840 3944 3842
f 3843 3945 3943
f 3843 3943 3841
f 3842 3944 3946
f 3842 3946 3844
f 3845 3947 3945
f 3845 3945 3843
f 3844 3946 3948
f 3844 3948 3846
f 3847 3949 3947
f 3847 3947 3845
f 3846 3948 3950
f 3846 3950 3848
f 3849 3951 3949
f 3849 3949 3847
f 3848 3950 3952
f 3848 3952 3850
f 3851 3953 3951
f 3851 3951 3849
f 3850 3952 3954
f 3850 3954 3852
f 3853 3955 3953
f 3853 3953 3851
f 3852 3954 3956
f 3852 3956 3854
f 3855 3957 3955
f 3855 3955 3853
f 3854 3956 3958
f 3854 3958 3856
f 3857 3959 3957
f 3857 3957 3855
f 3856 3958 3960
f 3856 3960 3858
f 3859 3961 3959
f 3859 3959 3857
f 3858 3960 3962
f 3858 3962 3860
f 3861 3963 3961
f 3861 3961 3859
f 3860 3962 3964
f 3860 3964 3862
f 3863 3965 3963
f 3863 3963 3861
f 3862 3964 3966
f 3862 3966 3864
f 3865 3967 3965
f 3865 3965 3863
f 3864 3966 3968
f 3864 3968 3866
f 3867 3969 3967
f 3867 3967 3865
f 3866 3968 3970
f 3866 3970 3868
f 3869 3971 3969
f 3869 3969 3867
f 3868 3970 3972
f 3868 3972 3870
f 3871 3973 3971
f 3871 3971 3869
f 3870 3972 3974
f 3870 3974 3872
f 3873 3975 3973
f 3873 3973 3871
f 3872 3974 3976
f 3872 3976 3874
f 3876 3875 3977
f 3876 3977 3978
f 3876 3978 3975
f 3876 3975 3873
f 3874 3976 3977
f 3874 3977 3875
f 3980 3979 3877
f 3980 3877 3878
f 3879 3981 3980
f 3879 3980 3878
f 3877 3979 3982
f 3877 3982 3880
f 3881 3983 3981
f 3881 3981 3879
f 3880 3982 3984
f 3880 3984 3882
f 3883 3985 3983
f 3883 3983 3881
f 3882 3984 3986
f 3882 3986 3884
f 3885 3987 3985
f 3885 3985 3883
f 3884 3986 3988
f 3884 3988 3886
f 3887 3989 3987
f 3887 3987 3885
f 3886 3988 3990
f 3886 3990 3888
f 3889 3991 3989
f 3889 3989 3887
f 3888 3990 3992
f 3888 3992 3890
f 3891 3993 3991
f 3891 3991 3889
f 3890 3992 3994
f 3890 3994 3892
f 3893 3995 3993
f 3893 3993 3891
f 3892 3994 3996
f 3892 3996 3894
f 3895 3997 3995
f 3895 3995 3893
f 3894 3996 3998
f 3894 3998 3896
f 3897 3999 3997
f 3897 3997 3895
f 3896 3998 4000
f 3896 4000 3898
f 3899 4001 3999
f 3899 3999 3897
f 3898 4000 4002
f 3898 4002 3900
f 3901 4003 4001
f 3901 4001 3899
f 3900 4002 4004
f 3900 4004 3902
f 3903 4005 4003
f 3903 4003 3901
f 3902 4004 4006
f 3902 4006 3904
f 3905 4007 4005
f 3905 4005 3903
f 3904 4006 4008
f 3904 4008 3906
f 3907 4009 4007
f 3907 4007 3905
f 3906 4008 4010
f 3906 4010 3908
f 3909 4011 4009
f 3909 4009 3907
f 3908 4010 4012
f 3908 4012 3910
f 3911 4013 4011
f 3911 4011 3909
f 3910 4012 4014
f 3910 4014 3912
f 3913 4015 4013
f 3913 4013 3911
f 3912 4014 4016
f 3912 4016 3914
f 3915 4017 4015
f 3915 4015 3913
f 3914 4016 4018
f 3914 4018 3916
f 3917 4019 4017
f 3917 4017 3915
f 3916 4018 4020
f 3916 4020 3918
f 3919 4021 4019
f 3919 4019 3917
f 3918 4020 4022
f 3918 4022 3920
f 3921 4023 4021
f 3921 4021 3919
f 3920 4022 4024
f 3920 4024 3922
f 3923 4025 4023
f 3923 4023 3921
f 3922 4024 4026
f 3922 4026 3924
f 3925 4027 4025
f 3925 4025 3923
f 3924 4026 4028
f 3924 4028 3926
f 3927 4029 4027
f 3927 4027 3925
f 3926 4028 4030
f 3926 4030 3928
f 3929 4031 4029
f 3929 4029 3927
f 3928 4030 4032
f 3928 4032 3930
f 3931 4033 4031
f 3931 4031 3929
f 3930 4032 4034
f 3930 4034 3932
f 3933 4035 4033
f 3933 4033 3931
f 3932 4034 4036
f 3932 4036 3934
f 3935 4037 4035
f 3935 4035 3933
f 3934 4036 4038
f 3934 4038 3936
f 3937 4039 4037
f 3937 4037 3935
f 3936 4038 4040
f 3936 4040 3938
f 3939 4041 4039
f 3939 4039 3937
f 3938 4040 4042
f 3938 4042 3940
f 3941 4043 4041
f 3941 4041 3939
f 3940 4042 4044
f 3940 4044 3942
f 3943 4045 4043
f 3943 4043 3941
f 3942 4044 4046
f 3942 4046 3944
f 3945 4047 4045
f 3945 4045 3943
f 3944 4046 4048
f 3944 4048 3946
f 3947 4049 4047
f 3947 4047 3945
f 3946 4048 4050
f 3946 4050 3948
f 3949 4051 4049
f 3949 4049 3947
f 3948 4050 4052
f 3948 4052 3950
f 3951 4053 4051
f 3951 4051 3949
f 3950 4052 4054
f 3950 4054 3952
f 3953 4055 4053
f 3953 4053 3951
f 3952 4054 4056
f 3952 4056 3954
f 3955 4057 4055
f 3955 4055 3953
f 3954 4056 4058
f 3954 4058 3956
f 3957 4059 4057
f 3957 4057 3955
f 3956 4058 4060
f 3956 4060 3958
f 3959 4061 4059
f 3959 4059 3957
f 3958 4060 4062
f 3958 4062 3960
f 3961 4063 4061
f 3961 4061 3959
f 3960 4062 4064
f 3960 4064 3962
f 3963 4065 4063
f 3963 4063 3961
f 3962 4064 4066
f 3962 4066 3964
f 3965 4067 4065
f 3965 4065 3963
f 3964 4066 4068
f 3964 4068 3966
f 3967 4069 4067
f 3967 4067 3965
f 3966 4068 4070
f 3966 4070 3968
f 3969 4071 4069
f 3969 4069 3967
f 3968 4070 4072
f 3968 4072 3970
f 3971 4073 4071
f 3971 4071 3969
f 3970 4072 4074
f 3970 4074 3972
f 3973 4075 4073
f 3973 4073 3971
f 3972 4074 4076
f 3972 4076 3974
f 3975 4077 4075
f 3975 4075 3973
f 3974 4076 4078
f 3974 4078 3976
f 3978 3977 4079
f 3978 4079 4080
f 3978 4080 4077
f 3978 4077 3975
f 3976 4078 4079
f 3976 4079 3977
f 4082 4081 3979
f 4082 3979 3980
f 3981 4083 4082
f 3981 4082 3980
f 3979 4081 4084
f 3979 4084 3982
f 3983 4085 4083
f 3983 4083 3981
f 3982 4084 4086
f 3982 4086 3984
f 3985 4087 4085
f 3985 4085 3983
f 3984 4086 4088
f 3984 4088 3986
f 3987 4089 4087
f 3987 4087 3985
f 3986 4088 4090
f 3986 4090 3988
f 3989 4091 4089
f 3989 4089 3987
f 3988 4090 4092
f 3988 4092 3990
f 3991 4093 4091
f 3991 4091 3989
f 3990 4092 4094
f 3990 4094 3992
f 3993 4095 4093
f 3993 4093 3991
f 3992 4094 4096
f 3992 4096 3994
f 3995 4097 4095
f 3995 4095 3993
f 3994 4096 4098
f 3994 4098 3996
f 3997 4099 4097
f 3997 4097 3995
f 3996 4098 4100
f 3996 4100 3998
f 3999 4101 4099
f 3999 4099 3997
f 3998 4100 4102
f 3998 4102 4000
f 4001 4103 4101
f 4001 4101 3999
f 4000 4102 4104
f 4000 4104 4002
f 4003 4105 4103
f 4003 4103 4001
f 4002 4104 4106
f 4002 4106 4004
f 4005 4107 4105
f 4005 4105 4003
f 4004 4106 4108
f 4004 4108 4006
f 4007 4109 4107
f 4007 4107 4005
f 4006 4108 4110
f 4006 4110 4008
f 4009 4111 4109
f 4009 4109 4007
f 4008 4110 4112
f 4008 4112 4010
f 4011 4113 4111
f 4011 4111 4009
f 4010 4112 4114
f 4010 4114 4012
f 4013 4115 4113
f 4013 4113 4011
f 4012 4114 4116
f 4012 4116 4014
f 4015 4117 4115
f 4015 4115 4013
f 4014 4116 4118
f 4014 4118 4016
f 4017 4119 4117
f 4017 4117 4015
f 4016 4118 4120
f 4016 4120 4018
f 4019 4121 4119
f 4019 4119 4017
f 4018 4120 4122
f 4018 4122 4020
f 4021 4123 4121
f 4021 4121 4019
f 4020 4122 4124
f 4020 4124 4022
f 4023 4125 4123
f 4023 4123 4021
f 4022 4124 4126
f 4022 4126 4024
f 4025 4127 4125
f 4025 4125 4023
f 4024 4126 4128
f 4024 4128 4026
f 4027 4129 4127
f 4027 4127 4025
f 4026 4128 4130
f 4026 4130 4028
f 4029 4131 4129
f 4029 4129 4027
f 4028 4130 4132
f 4028 4132 4030
f 4031 4133 4131
f 4031 4131 4029
f 4030 4132 4134
f 4030 4134 4032
f 4033 4135 4133
f 4033 4133 4031
f 4032 4134 4136
f 4032 4136 4034
f 4035 4137 4135
f 4035 4135 4033
f 4034 4136 4138
f 4034 4138 4036
f 4037 4139 4137
f 4037 4137 4035
f 4036 4138 4140
f 4036 4140 4038
f 4039 4141 4139
f 4039 4139 4037
f 4038 4140 4142
f 4038 4142 4040
f 4041 4143 4141
f 4041 4141 4039
f 4040 4142 4144
f 4040 4144 4042
f 4043 4145 4143
f 4043 4143 4041
f 4042 4144 4146
f 4042 4146 4044
f 4045 4147 4145
f 4045 4145 4043
f 4044 4146 4148
f 4044 4148 4046
f 4047 4149 4147
f 4047 4147 4045
f 4046 4148 4150
f 4046 4150 4048
f 4049 4151 4149
f 4049 4149 4047
f 4048 4150 4152
f 4048 4152 4050
f 4051 4153 4151
f 4051 4151 4049
f 4050 4152 4154
f 4050 4154 4052
f 4053 4155 4153
f 4053 4153 4051
f 4052 4154 4156
f 4052 4156 4054
f 4055 4157 4155
f 4055 4155 4053
f 4054 4156 4158
f 4054 4158 4056
f 4057 4159 4157
f 4057 4157 4055
f 4056 4158 4160
f 4056 4160 4058
f 4059 4161 4159
f 4059 4159 4057
f 4058 4160 4162
f 4058 4162 4060
f 4061 4163 4161
f 4061 4161 4059
f 4060 4162 4164
f 4060 4164 4062
f 4063 4165 4163
f 4063 4163 4061
f 4062 4164 4166
f 4062 4166 4064
f 4065 4167 4165
f 4065 4165 4063
f 4064 4166 4168
f 4064 4168 4066
f 4067 4169 4167
f 4067 4167 4065
f 4066 4168 4170
f 4066 4170 4068
f 4069 4171 4169
f 4069 4169 4067
f 4068 4170 4172
f 4068 4172 4070
f 4071 4173 4171
f 4071 4171 4069
f 4070 4172 4174
f 4070 4174 4072
f 4073 4175 4173
f 4073 4173 4071
f 4072 4174 4176
f 4072 4176 4074
f 4075 4177 4175
f 4075 4175 4073
f 4074 4176 4178
f 4074 4178 4076
f 4077 4179 4177
f 4077 4177 4075
f 4076 4178 4180
f 4076 4180 4078
f 4080 4079 4181
f 4080 4181 4182
f 4080 4182 4179
f 4080 4179 4077
f 4078 4180 4181
f 4078 4181 4079
f 4184 4183 4081
f 4184 4081 4082
f 4083 4185 4184
f 4083 4184 4082
f 4081 4183 4186
f 4081 4186 4084
f 4085 4187 4185
f 4085 4185 4083
f 4084 4186 4188
f 4084 4188 4086
f 4087 4189 4187
f 4087 4187 4085
f 4086 4188 4190
f 4086 4190 4088
f 4089 4191 4189
f 4089 4189 4087
f 4088 4190 4192
f 4088 4192 4090
f 4091 4193 4191
f 4091 4191 4089
f 4090 4192 4194
f 4090 4194 4092
f 4093 4195 4193
f 4093 4193 4091
f 4092 4194 4196
f 4092 4196 4094
f 4095 4197 4195
f 4095 4195 4093
f 4094 4196 4198
f 4094 4198 4096
f 4097 4199 4197
f 4097 4197 4095
f 4096 4198 4200
f 4096 4200 4098
f 4099 4201 4199
f 4099 4199 4097
f 4098 4200 4202
f 4098 4202 4100
f 4101 4203 4201
f 4101 4201 4099
f 4100 4202 4204
f 4100 4204 4102
f 4103 4205 4203
f 4103 4203 4101
f 4102 4204 4206
f 4102 4206 4104
f 4105 4207 4205
f 4105 4205 4103
f 4104 4206 4208
f 4104 4208 4106
f 4107 4209 4207
f 4107 4207 4105
f 4106 4208 4210
f 4106 4210 4108
f 4109 4211 4209
f 4109 4209 4107
f 4108 4210 4212
f 4108 4212 4110
f 4111 4213 4211
f 4111 4211 4109
f 4110 4212 4214
f 4110 4214 4112
f 4113 4215 4213
f 4113 4213 4111
f 4112 4214 4216
f 4112 4216 4114
f 4115 4217 4215
f 4115 4215 4113
f 4114 4216 4218
f 4114 4218 4116
f 4117 4219 4217
f 4117 4217 4115
f 4116 4218 4220
f 4116 4220 4118
f 4119 4221 4219
f 4119 4219 4117
f 4118 4220 4222
f 4118 4222 4120
f 4121 4223 4221
f 4121 4221 4119
f 4120 4222 4224
f 4120 4224 4122
f 4123 4225 4223
f 4123 4223 4121
f 4122 4224 4226
f 4122 4226 4124
f 4125 4227 4225
f 4125 4225 4123
f 4124 4226 4228
f 4124 4228 4126
f 4127 4229 4227
f 4127 4227 4125
f 4126 4228 4230
f 4126 4230 4128
f 4129 4231 4229
f 4129 4229 4127
f 4128 4230 4232
f 4128 4232 4130
f 4131 4233 4231
f 4131 4231 4129
f 4130 4232 4234
f 4130 4234 4132
f 4133 4235 4233
f 4133 4233 4131
f 4132 4234 4236
f 4132 4236 4134
f 4135 4237 4235
f 4135 4235 4133
f 4134 4236 4238
f 4134 4238 4136
f 4137 4239 4237
f 4137 4237 4135
f 4136 4238 4240
f 4136 4240 4138
f 4139 4241 4239
f 4139 4239 4137
f 4138 4240 4242
f 4138 4242 4140
f 4141 4243 4241
f 4141 4241 4139
f 4140 4242 4244
f 4140 4244 4142
f 4143 4245 4243
f 4143 4243 4141
f 4142 4244 4246
f 4142 4246 4144
f 4145 4247 4245
f 4145 4245 4143
f 4144 4246 4248
f 4144 4248 4146
f 4147 4249 4247
f 4147 4247 4145
f 4146 4248 4250
f 4146 4250 4148
f 4149 4251 4249
f 4149 4249 4147
f 4148 4250 4252
f 4148 4252 4150
f 4151 4253 4251
f 4151 4251 4149
f 4150 4252 4254
f 4150 4254 4152
f 4153 4255 4253
f 4153 4253 4151
f 4152 4254 4256
f 4152 4256 4154
f 4155 4257 4255
f 4155 4255 4153
f 4154 4256 4258
f 4154 4258 4156
f 4157 4259 4257
f 4157 4257 4155
f 4156 4258 4260
f 4156 4260 4158
f 4159 4261 4259
f 4159 4259 4157
f 4158 4260 4262
f 4158 4262 4160
f 4161 4263 4261
f 4161 4261 4159
f 4160 4262 4264
f 4160 4264 4162
f 4163 4265 4263
f 4163 4263 4161
f 4162 4264 4266
f 4162 4266 4164
f 4165 4267 4265
f 4165 4265 4163
f 4164 4266 4268
f 4164 4268 4166
f 4167 4269 4267
f 4167 4267 4165
f 4166 4268 4270
f 4166 4270 4168
f 4169 4271 4269
f 4169 4269 4167
f 4168 4270 4272
f 4168 4272 4170
f 4171 4273 4271
f 4171 4271 4169
f 4170 4272 4274
f 4170 4274 4172
f 4173 4275 4273
f 4173 4273 4171
f 4172 4274 4276
f 4172 4276 4174
f 4175 4277 4275
f 4175 4275 4173
f 4174 4276 4278
f 4174 4278 4176
f 4177 4279 4277
f 4177 4277 4175
f 4176 4278 4280
f 4176 4280 4178
f 4179 4281 4279
f 4179 4279 4177
f 4178 4280 4282
f 4178 4282 4180
f 4182 4181 4283
f 4182 4283 4284
f 4182 4284 4281
f 4182 4281 4179
f 4180 4282 4283
f 4180 4283 4181
f 4286 4285 4183
f 4286 4183 4184
f 4185 4287 4286
f 4185 4286 4184
f 4183 4285 4288
f 4183 4288 4186
f 4187 4289 4287
f 4187 4287 4185
f 4186 4288 4290
f 4186 4290 4188
f 4189 4291 4289
f 4189 4289 4187
f 4188 4290 4292
f 4188 4292 4190
f 4191 4293 4291
f 4191 4291 4189
f 4190 4292 4294
f 4190 4294 4192
f 4193 4295 4293
f 4193 4293 4191
f 4192 4294 4296
f 4192 4296 4194
f 4195 4297 4295
f 4195 4295 4193
f 4194 4296 4298
f 4194 4298 4196
f 4197 4299 4297
f 4197 4297 4195
f 4196 4298 4300
f 4196 4300 4198
f 4199 4301 4299
f 4199 4299 4197
f 4198 4300 4302
f 4198 4302 4200
f 4201 4303 4301
f 4201 4301 4199
f 4200 4302 4304
f 4200 4304 4202
f 4203 4305 4303
f 4203 4303 4201
f 4202 4304 4306
f 4202 4306 4204
f 4205 4307 4305
f 4205 4305 4203
f 4204 4306 4308
f 4204 4308 4206
f 4207 4309 4307
f 4207 4307 4205
f 4206 4308 4310
f 4206 4310 4208
f 4209 4311 4309
f 4209 4309 4207
f 4208 4310 4312
f 4208 4312 4210
f 4211 4313 4311
f 4211 4311 4209
f 4210 4312 4314
f 4210 4314 4212
f 4213 4315 4313
f 4213 4313 4211
f 4212 4314 4316
f 4212 4316 4214
f 4215 4317 4315
f 4215 4315 4213
f 4214 4316 4318
f 4214 4318 4216
f 4217 4319 4317
f 4217 4317 4215
f 4216 4318 4320
f 4216 4320 4218
f 4219 4321 4319
f 4219 4319 4217
f 4218 4320 4322
f 4218 4322 4220
f 4221 4323 4321
f 4221 4321 4219
f 4220 4322 4324
f 4220 4324 4222
f 4223 4325 4323
f 4223 4323 4221
f 4222 4324 4326
f 4222 4326 4224
f 4225 4327 4325
f 4225 4325 4223
f 4224 4326 4328
f 4224 4328 4226
f 4227 4329 4327
f 4227 4327 4225
f 4226 4328 4330
f 4226 4330 4228
f 4229 4331 4329
f 4229 4329 4227
f 4228 4330 4332
f 4228 4332 4230
f 4231 4333 4331
f 4231 4331 4229
f 4230 4332 4334
f 4230 4334 4232
f 4233 4335 4333
f 4233 4333 4231
f 4232 4334 4336
f 4232 4336 4234
f 4235 4337 4335
f 4235 4335 4233
f 4234 4336 4338
f 4234 4338 4236
f 4237 4339 4337
f 4237 4337 4235
f 4236 4338 4340
f 4236 4340 4238
f 4239 4341 4339
f 4239 4339 4237
f 4238 4340 4342
f 4238 4342 4240
f 4241 4343 4341
f 4241 4341 4239
f 4240 4342 4344
f 4240 4344 4242
f 4243 4345 4343
f 4243 4343 4241
f 4242 4344 4346
f 4242 4346 4244
f 4245 4347 4345
f 4245 4345 4243
f 4244 4346 4348
f 4244 4348 4246
f 4247 4349 4347
f 4247 4347 4245
f 4246 4348 4350
f 4246 4350 4248
f 4249 4351 4349
f 4249 4349 4247
f 4248 4350 4352
f 4248 4352 4250
f 4251 4353 4351
f 4251 4351 4249
f 4250 4352 4354
f 4250 4354 4252
f 4253 4355 4353
f 4253 4353 4251
f 4252 4354 4356
f 4252 4356 4254
f 4255 4357 4355
f 4255 4355 4253
f 4254 4356 4358
f 4254 4358 4256
f 4257 4359 4357
f 4257 4357 4255
f 4256 4358 4360
f 4256 4360 4258
f 4259 4361 4359
f 4259 4359 4257
f 4258 4360 4362
f 4258 4362 4260
f 4261 4363 4361
f 4261 4361 4259
f 4260 4362 4364
f 4260 4364 4262
f 4263 4365 4363
f 4263 4363 4261
f 4262 4364 4366
f 4262 4366 4264
f 4265 4367 4365
f 4265 4365 4263
f 4264 4366 4368
f 4264 4368 4266
f 4267 4369 4367
f 4267 4367 4265
f 4266 4368 4370
f 4266 4370 4268
f 4269 4371 4369
f 4269 4369 4267
f 4268 4370 4372
f 4268 4372 4270
f 4271 4373 4371
f 4271 4371 4269
f 4270 4372 4374
f 4270 4374 4272
f 4273 4375 4373
f 4273 4373 4271
f 4272 4374 4376
f 4272 4376 4274
f 4275 4377 4375
f 4275 4375 4273
f 4274 4376 4378
f 4274 4378 4276
f 4277 4379 4377
f 4277 4377 4275
f 4276 4378 4380
f 4276 4380 4278
f 4279 4381 4379
f 4279 4379 4277
f 4278 4380 4382
f 4278 4382 4280
f 4281 4383 4381
f 4281 4381 4279
f 4280 4382 4384
f 4280 4384 4282
f 4284 4283 4385
f 4284 4385 4386
f 4284 4386 4383
f 4284 4383 4281
f 4282 4384 4385
f 4282 4385 4283
f 4388 4387 4285
f 4388 4285 4286
f 4287 4389 4388
f 4287 4388 4286
f 4285 4387 4390
f 4285 4390 4288
f 4289 4391 4389
f 4289 4389 4287
f 4288 4390 4392
f 4288 4392 4290
f 4291 4393 4391
f 4291 4391 4289
f 4290 4392 4394
f 4290 4394 4292
f 4293 4395 4393
f 4293 4393 4291
f 4292 4394 4396
f 4292 4396 4294
f 4295 4397 4395
f 4295 4395 4293
f 4294 4396 4398
f 4294 4398 4296
f 4297 4399 4397
f 4297 4397 4295
f 4296 4398 4400
f 4296 4400 4298
f 4299 4401 4399
f 4299 4399 4297
f 4298 4400 4402
f 4298 4402 4300
f 4301 4403 4401
f 4301 4401 4299
f 4300 4402 4404
f 4300 4404 4302
f 4303 4405 4403
f 4303 4403 4301
f 4302 4404 4406
f 4302 4406 4304
f 4305 4407 4405
f 4305 4405 4303
f 4304 4406 4408
f 4304 4408 4306
f 4307 4409 4407
f 4307 4407 4305
f 4306 4408 4410
f 4306 4410 4308
f 4309 4411 4409
f 4309 4409 4307
f 4308 4410 4412
f 4308 4412 4310
f 4311 4413 4411
f 4311 4411 4309
f 4310 4412 4414
f 4310 4414 4312
f 4313 4415 4413
f 4313 4413 4311
f 4312 4414 4416
f 4312 4416 4314
f 4315 4417 4415
f 4315 4415 4313
f 4314 4416 4418
f 4314 4418 4316
f 4317 4419 4417
f 4317 4417 4315
f 4316 4418 4420
f 4316 4420 4318
f 4319 4421 4419
f 4319 4419 4317
f 4318 4420 4422
f 4318 4422 4320
f 4321 4423 4421
f 4321 4421 4319
f 4320 4422 4424
f 4320 4424 4322
f 4323 4425 4423
f 4323 4423 4321
f 4322 4424 4426
f 4322 4426 4324
f 4325 4427 4425
f 4325 4425 4323
f 4324 4426 4428
f 4324 4428 4326
f 4327 4429 4427
f 4327 4427 4325
f 4326 4428 4430
f 4326 4430 4328
f 4329 4431 4429
f 4329 4429 4327
f 4328 4430 4432
f 4328 4432 4330
f 4331 4433 4431
f 4331 4431 4329
f 4330 4432 4434
f 4330 4434 4332
f 4333 4435 4433
f 4333 4433 4331
f 4332 4434 4436
f 4332 4436 4334
f 4335 4437 4435
f 4335 4435 4333
f 4334 4436 4438
f 4334 4438 4336
f 4337 4439 4437
f 4337 4437 4335
f 4336 4438 4440
f 4336 4440 4338
f 4339 4441 4439
f 4339 4439 4337
f 4338 4440 4442
f 4338 4442 4340
f 4341 4443 4441
f 4341 4441 4339
f 4340 4442 4444
f 4340 4444 4342
f 4343 4445 4443
f 4343 4443 4341
f 4342 4444 4446
f 4342 4446 4344
f 4345 4447 4445
f 4345 4445 4343
f 4344 4446 4448
f 4344 4448 4346
f 4347 4449 4447
f 4347 4447 4345
f 4346 4448 4450
f 4346 4450 4348
f 4349 4451 4449
f 4349 4449 4347
f 4348 4450 4452
f 4348 4452 4350
f 4351 4453 4451
f 4351 4451 4349
f 4350 4452 4454
f 4350 4454 4352
f 4353 4455 4453
f 4353 4453 4351
f 4352 4454 4456
f 4352 4456 4354
f 4355 4457 4455
f 4355 4455 4353
f 4354 4456 4458
f 4354 4458 4356
f 4357 4459 4457
f 4357 4457 4355
f 4356 4458 4460
f 4356 4460 4358
f 4359 4461 4459
f 4359 4459 4357
f 4358 4460 4462
f 4358 4462 4360
f 4361 4463 4461
f 4361 4461 4359
f 4360 4462 4464
f 4360 4464 4362
f 4363 4465 4463
f 4363 4463 4361
f 4362 4464 4466
f 4362 4466 4364
f 4365 4467 4465
f 4365 4465 4363
f 4364 4466 4468
f 4364 4468 4366
f 4367 4469 4467
f 4367 4467 4365
f 4366 4468 4470
f 4366 4470 4368
f 4369 4471 4469
f 4369 4469 4367
f 4368 4470 4472
f 4368 4472 4370
f 4371 4473 4471
f 4371 4471 4369
f 4370 4472 4474
f 4370 4474 4372
f 4373 4475 4473
f 4373 4473 4371
f 4372 4474 4476
f 4372 4476 4374
f 4375 4477 4475
f 4375 4475 4373
f 4374 4476 4478
f 4374 4478 4376
f 4377 4479 4477
f 4377 4477 4375
f 4376 4478 4480
f 4376 4480 4378
f 4379 4481 4479
f 4379 4479 4377
f 4378 4480 4482
f 4378 4482 4380
f 4381 4483 4481
f 4381 4481 4379
f 4380 4482 4484
f 4380 4484 4382
f 4383 4485 4483
f 4383 4483 4381
f 4382 4484 4486
f 4382 4486 4384
f 4386 4385 4487
f 4386 4487 4488
f 4386 4488 4485
f 4386 4485 4383
f 4384 4486 4487
f 4384 4487 4385
f 4490 4489 4387
f 4490 4387 4388
f 4389 4491 4490
f 4389 4490 4388
f 4387 4489 4492
f 4387 4492 4390
f 4391 4493 4491
f 4391 4491 4389
f 4390 4492 4494
f 4390 4494 4392
f 4393 4495 4493
f 4393 4493 4391
f 4392 4494 4496
f 4392 4496 4394
f 4395 4497 4495
f 4395 4495 4393
f 4394 4496 4498
f 4394 4498 4396
f 4397 4499 4497
f 4397 4497 4395
f 4396 4498 4500
f 4396 4500 4398
f 4399 4501 4499
f 4399 4499 4397
f 4398 4500 4502
f 4398 4502 4400
f 4401 4503 4501
f 4401 4501 4399
f 4400 4502 4504
f 4400 4504 4402
f 4403 4505 4503
f 4403 4503 4401
f 4402 4504 4506
f 4402 4506 4404
f 4405 4507 4505
f 4405 4505 4403
f 4404 4506 4508
f 4404 4508 4406
f 4407 4509 4507
f 4407 4507 4405
f 4406 4508 4510
f 4406 4510 4408
f 4409 4511 4509
f 4409 4509 4407
f 4408 4510 4512
f 4408 4512 4410
f 4411 4513 4511
f 4411 4511 4409
f 4410 4512 4514
f 4410 4514 4412
f 4413 4515 4513
f 4413 4513 4411
f 4412 4514 4516
f 4412 4516 4414
f 4415 4517 4515
f 4415 4515 4413
f 4414 4516 4518
f 4414 4518 4416
f 4417 4519 4517
f 4417 4517 4415
f 4416 4518 4520
f 4416 4520 4418
f 4419 4521 4519
f 4419 4519 4417
f 4418 4520 4522
f 4418 4522 4420
f 4421 4523 4521
f 4421 4521 4419
f 4420 4522 4524
f 4420 4524 4422
f 4423 4525 4523
f 4423 4523 4421
f 4422 4524 4526
f 4422 4526 4424
f 4425 4527 4525
f 4425 4525 4423
f 4424 4526 4528
f 4424 4528 4426
f 4427 4529 4527
f 4427 4527 4425
f 4426 4528 4530
f 4426 4530 4428
f 4429 4531 4529
f 4429 4529 4427
f 4428 4530 4532
f 4428 4532 4430
f 4431 4533 4531
f 4431 4531 4429
f 4430 4532 4534
f 4430 4534 4432
f 4433 4535 4533
f 4433 4533 4431
f 4432 4534 4536
f 4432 4536 4434
f 4435 4537 4535
f 4435 4535 4433
f 4434 4536 4538
f 4434 4538 4436
f 4437 4539 4537
f 4437 4537 4435
f 4436 4538 4540
f 4436 4540 4438
f 4439 4541 4539
f 4439 4539 4437
f 4438 4540 4542
f 4438 4542 4440
f 4441 4543 4541
f 4441 4541 4439
f 4440 4542 4544
f 4440 4544 4442
f 4443 4545 4543
f 4443 4543 4441
f 4442 4544 4546
f 4442 4546 4444
f 4445 4547 4545
f 4445 4545 4443
f 4444 4546 4548
f 4444 4548 4446
f 4447 4549 4547
f 4447 4547 4445
f 4446 4548 4550
f 4446 4550 4448
f 4449 4551 4549
f 4449 4549 4447
f 4448 4550 4552
f 4448 4552 4450
f 4451 4553 4551
f 4451 4551 4449
f 4450 4552 4554
f 4450 4554 4452
f 4453 4555 4553
f 4453 4553 4451
f 4452 4554 4556
f 4452 4556 4454
f 4455 4557 4555
f 4455 4555 4453
f 4454 4556 4558
f 4454 4558 4456
f 4457 4559 4557
f 4457 4557 4455
f 4456 4558 4560
f 4456 4560 4458
f 4459 4561 4559
f 4459 4559 4457
f 4458 4560 4562
f 4458 4562 4460
f 4461 4563 4561
f 4461 4561 4459
f 4460 4562 4564
f 4460 4564 4462
f 4463 4565 4563
f 4463 4563 4461
f 4462 4564 4566
f 4462 4566 4464
f 4465 4567 4565
f 4465 4565 4463
f 4464 4566 4568
f 4464 4568 4466
f 4467 4569 4567
f 4467 4567 4465
f 4466 4568 4570
f 4466 4570 4468
f 4469 4571 4569
f 4469 4569 4467
f 4468 4570 4572
f 4468 4572 4470
f 4471 4573 4571
f 4471 4571 4469
f 4470 4572 4574
f 4470 4574 4472
f 4473 4575 4573
f 4473 4573 4471
f 4472 4574 4576
f 4472 4576 4474
f 4475 4577 4575
f 4475 4575 4473
f 4474 4576 4578
f 4474 4578 4476
f 4477 4579 4577
f 4477 4577 4475
f 4476 4578 4580
f 4476 4580 4478
f 4479 4581 4579
f 4479 4579 4477
f 4478 4580 4582
f 4478 4582 4480
f 4481 4583 4581
f 4481 4581 4479
f 4480 4582 4584
f 4480 4584 4482
f 4483 4585 4583
f 4483 4583 4481
f 4482 4584 4586
f 4482 4586 4484
f 4485 4587 4585
f 4485 4585 4483
f 4484 4586 4588
f 4484 4588 4486
f 4488 4487 4589
f 4488 4589 4590
f 4488 4590 4587
f 4488 4587 4485
f 4486 4588 4589
f 4486 4589 4487
f 4592 4591 4489
f 4592 4489 4490
f 4491 4593 4592
f 4491 4592 4490
f 4489 4591 4594
f 4489 4594 4492
f 4493 4595 4593
f 4493 4593 4491
f 4492 4594 4596
f 4492 4596 4494
f 4495 4597 4595
f 4495 4595 4493
f 4494 4596 4598
f 4494 4598 4496
f 4497 4599 4597
f 4497 4597 4495
f 4496 4598 4600
f 4496 4600 4498
f 4499 4601 4599
f 4499 4599 4497
f 4498 4600 4602
f 4498 4602 4500
f 4501 4603 4601
f 4501 4601 4499
f 4500 4602 4604
f 4500 4604 4502
f 4503 4605 4603
f 4503 4603 4501
f 4502 4604 4606
f 4502 4606 4504
f 4505 4607 4605
f 4505 4605 4503
f 4504 4606 4608
f 4504 4608 4506
f 4507 4609 4607
f 4507 4607 4505
f 4506 4608 4610
f 4506 4610 4508
f 4509 4611 4609
f 4509 4609 4507
f 4508 4610 4612
f 4508 4612 4510
f 4511 4613 4611
f 4511 4611 4509
f 4510 4612 4614
f 4510 4614 4512
f 4513 4615 4613
f 4513 4613 4511
f 4512 4614 4616
f 4512 4616 4514
f 4515 4617 4615
f 4515 4615 4513
f 4514 4616 4618
f 4514 4618 4516
f 4517 4619 4617
f 4517 4617 4515
f 4516 4618 4620
f 4516 4620 4518
f 4519 4621 4619
f 4519 4619 4517
f 4518 4620 4622
f 4518 4622 4520
f 4521 4623 4621
f 4521 4621 4519
f 4520 4622 4624
f 4520 4624 4522
f 4523 4625 4623
f 4523 4623 4521
f 4522 4624 4626
f 4522 4626 4524
f 4525 4627 4625
f 4525 4625 4523
f 4524 4626 4628
f 4524 4628 4526
f 4527 4629 4627
f 4527 4627 4525
f 4526 4628 4630
f 4526 4630 4528
f 4529 4631 4629
f 4529 4629 4527
f 4528 4630 4632
f 4528 4632 4530
f 4531 4633 4631
f 4531 4631 4529
f 4530 4632 4634
f 4530 4634 4532
f 4533 4635 4633
f 4533 4633 4531
f 4532 4634 4636
f 4532 4636 4534
f 4535 4637 4635
f 4535 4635 4533
f 4534 4636 4638
f 4534 4638 4536
f 4537 4639 4637
f 4537 4637 4535
f 4536 4638 4640
f 4536 4640 4538
f 4539 4641 4639
f 4539 4639 4537
f 4538 4640 4642
f 4538 4642 4540
f 4541 4643 4641
f 4541 4641 4539
f 4540 4642 4644
f 4540 4644 4542
f 4543 4645 4643
f 4543 4643 4541
f 4542 4644 4646
f 4542 4646 4544
f 4545 4647 4645
f 4545 4645 4543
f 4544 4646 4648
f 4544 4648 4546
f 4547 4649 4647
f 4547 4647 4545
f 4546 4648 4650
f 4546 4650 4548
f 4549 4651 4649
f 4549 4649 4547
f 4548 4650 4652
f 4548 4652 4550
f 4551 4653 4651
f 4551 4651 4549
f 4550 4652 4654
f 4550 4654 4552
f 4553 4655 4653
f 4553 4653 4551
f 4552 4654 4656
f 4552 4656 4554
f 4555 4657 4655
f 4555 4655 4553
f 4554 4656 4658
f 4554 4658 4556
f 4557 4659 4657
f 4557 4657 4555
f 4556 4658 4660
f 4556 4660 4558
f 4559 4661 4659
f 4559 4659 4557
f 4558 4660 4662
f 4558 4662 4560
f 4561 4663 4661
f 4561 4661 4559
f 4560 4662 4664
f 4560 4664 4562
f 4563 4665 4663
f 4563 4663 4561
f 4562 4664 4666
f 4562 4666 4564
f 4565 4667 4665
f 4565 4665 4563
f 4564 4666 4668
f 4564 4668 4566
f 4567 4669 4667
f 4567 4667 4565
f 4566 4668 4670
f 4566 4670 4568
f 4569 4671 4669
f 4569 4669 4567
f 4568 4670 4672
f 4568 4672 4570
f 4571 4673 4671
f 4571 4671 4569
f 4570 4672 4674
f 4570 4674 4572
f 4573 4675 4673
f 4573 4673 4571
f 4572 4674 4676
f 4572 4676 4574
f 4575 4677 4675
f 4575 4675 4573
f 4574 4676 4678
f 4574 4678 4576
f 4577 4679 4677
f 4577 4677 4575
f 4576 4678 4680
f 4576 4680 4578
f 4579 4681 4679
f 4579 4679 4577
f 4578 4680 4682
f 4578 4682 4580
f 4581 4683 4681
f 4581 4681 4579
f 4580 4682 4684
f 4580 4684 4582
f 4583 4685 4683
f 4583 4683 4581
f 4582 4684 4686
f 4582 4686 4584
f 4585 4687 4685
f 4585 4685 4583
f 4584 4686 4688
f 4584 4688 4586
f 4587 4689 4687
f 4587 4687 4585
f 4586 4688 4690
f 4586 4690 4588
f 4590 4589 4691
f 4590 4691 4692
f 4590 4692 4689
f 4590 4689 4587
f 4588 4690 4691
f 4588 4691 4589
f 4694 4693 4591
f 4694 4591 4592
f 4593 4695 4694
f 4593 4694 4592
f 4591 4693 4696
f 4591 4696 4594
f 4595 4697 4695
f 4595 4695 4593
f 4594 4696 4698
f 4594 4698 4596
f 4597 4699 4697
f 4597 4697 4595
f 4596 4698 4700
f 4596 4700 4598
f 4599 4701 4699
f 4599 4699 4597
f 4598 4700 4702
f 4598 4702 4600
f 4601 4703 4701
f 4601 4701 4599
f 4600 4702 4704
f 4600 4704 4602
f 4603 4705 4703
f 4603 4703 4601
f 4602 4704 4706
f 4602 4706 4604
f 4605 4707 4705
f 4605 4705 4603
f 4604 4706 4708
f 4604 4708 4606
f 4607 4709 4707
f 4607 4707 4605
f 4606 4708 4710
f 4606 4710 4608
f 4609 4711 4709
f 4609 4709 4607
f 4608 4710 4712
f 4608 4712 4610
f 4611 4713 4711
f 4611 4711 4609
f 4610 4712 4714
f 4610 4714 4612
f 4613 4715 4713
f 4613 4713 4611
f 4612 4714 4716
f 4612 4716 4614
f 4615 4717 4715
f 4615 4715 4613
f 4614 4716 4718
f 4614 4718 4616
f 4617 4719 4717
f 4617 4717 4615
f 4616 4718 4720
f 4616 4720 4618
f 4619 4721 4719
f 4619 4719 4617
f 4618 4720 4722
f 4618 4722 4620
f 4621 4723 4721
f 4621 4721 4619
f 4620 4722 4724
f 4620 4724 4622
f 4623 4725 4723
f 4623 4723 4621
f 4622 4724 4726
f 4622 4726 4624
f 4625 4727 4725
f 4625 4725 4623
f 4624 4726 4728
f 4624 4728 4626
f 4627 4729 4727
f 4627 4727 4625
f 4626 4728 4730
f 4626 4730 4628
f 4629 4731 4729
f 4629 4729 4627
f 4628 4730 4732
f 4628 4732 4630
f 4631 4733 4731
f 4631 4731 4629
f 4630 4732 4734
f 4630 4734 4632
f 4633 4735 4733
f 4633 4733 4631
f 4632 4734 4736
f 4632 4736 4634
f 4635 4737 4735
f 4635 4735 4633
f 4634 4736 4738
f 4634 4738 4636
f 4637 4739 4737
f 4637 4737 4635
f 4636 4738 4740
f 4636 4740 4638
f 4639 4741 4739
f 4639 4739 4637
f 4638 4740 4742
f 4638 4742 4640
f 4641 4743 4741
f 4641 4741 4639
f 4640 4742 4744
f 4640 4744 4642
f 4643 4745 4743
f 4643 4743 4641
f 4642 4744 4746
f 4642 4746 4644
f 4645 4747 4745
f 4645 4745 4643
f 4644 4746 4748
f 4644 4748 4646
f 4647 4749 4747
f 4647 4747 4645
f 4646 4748 4750
f 4646 4750 4648
f 4649 4751 4749
f 4649 4749 4647
f 4648 4750 4752
f 4648 4752 4650
f 4651 4753 4751
f 4651 4751 4649
f 4650 4752 4754
f 4650 4754 4652
f 4653 4755 4753
f 4653 4753 4651
f 4652 4754 4756
f 4652 4756 4654
f 4655 4757 4755
f 4655 4755 4653
f 4654 4756 4758
f 4654 4758 4656
f 4657 4759 4757
f 4657 4757 4655
f 4656 4758 4760
f 4656 4760 4658
f 4659 4761 4759
f 4659 4759 4657
f 4658 4760 4762
f 4658 4762 4660
f 4661 4763 4761
f 4661 4761 4659
f 4660 4762 4764
f 4660 4764 4662
f 4663 4765 4763
f 4663 4763 4661
f 4662 4764 4766
f 4662 4766 4664
f 4665 4767 4765
f 4665 4765 4663
f 4664 4766 4768
f 4664 4768 4666
f 4667 4769 4767
f 4667 4767 4665
f 4666 4768 4770
f 4666 4770 4668
f 4669 4771 4769
f 4669 4769 4667
f 4668 4770 4772
f 4668 4772 4670
f 4671 4773 4771
f 4671 4771 4669
f 4670 4772 4774
f 4670 4774 4672
f 4673 4775 4773
f 4673 4773 4671
f 4672 4774 4776
f 4672 4776 4674
f 4675 4777 4775
f 4675 4775 4673
f 4674 4776 4778
f 4674 4778 4676
f 4677 4779 4777
f 4677 4777 4675
f 4676 4778 4780
f 4676 4780 4678
f 4679 4781 4779
f 4679 4779 4677
f 4678 4780 4782
f 4678 4782 4680
f 4681 4783 4781
f 4681 4781 4679
f 4680 4782 4784
f 4680 4784 4682
f 4683 4785 4783
f 4683 4783 4681
f 4682 4784 4786
f 4682 4786 4684
f 4685 4787 4785
f 4685 4785 4683
f 4684 4786 4788
f 4684 4788 4686
f 4687 4789 4787
f 4687 4787 4685
f 4686 4788 4790
f 4686 4790 4688
f 4689 4791 4789
f 4689 4789 4687
f 4688 4790 4792
f 4688 4792 4690
f 4692 4691 4793
f 4692 4793 4794
f 4692 4794 4791
f 4692 4791 4689
f 4690 4792 4793
f 4690 4793 4691
f 4796 4795 4693
f 4796 4693 4694
f 4695 4797 4796
f 4695 4796 4694
f 4693 4795 4798
f 4693 4798 4696
f 4697 4799 4797
f 4697 4797 4695
f 4696 4798 4800
f 4696 4800 4698
f 4699 4801 4799
f 4699 4799 4697
f 4698 4800 4802
f 4698 4802 4700
f 4701 4803 4801
f 4701 4801 4699
f 4700 4802 4804
f 4700 4804 4702
f 4703 4805 4803
f 4703 4803 4701
f 4702 4804 4806
f 4702 4806 4704
f 4705 4807 4805
f 4705 4805 4703
f 4704 4806 4808
f 4704 4808 4706
f 4707 4809 4807
f 4707 4807 4705
f 4706 4808 4810
f 4706 4810 4708
f 4709 4811 4809
f 4709 4809 4707
f 4708 4810 4812
f 4708 4812 4710
f 4711 4813 4811
f 4711 4811 4709
f 4710 4812 4814
f 4710 4814 4712
f 4713 4815 4813
f 4713 4813 4711
f 4712 4814 4816
f 4712 4816 4714
f 4715 4817 4815
f 4715 4815 4713
f 4714 4816 4818
f 4714 4818 4716
f 4717 4819 4817
f 4717 4817 4715
f 4716 4818 4820
f 4716 4820 4718
f 4719 4821 4819
f 4719 4819 4717
f 4718 4820 4822
f 4718 4822 4720
f 4721 4823 4821
f 4721 4821 4719
f 4720 4822 4824
f 4720 4824 4722
f 4723 4825 4823
f 4723 4823 4721
f 4722 4824 4826
f 4722 4826 4724
f 4725 4827 4825
f 4725 4825 4723
f 4724 4826 4828
f 4724 4828 4726
f 4727 4829 4827
f 4727 4827 4725
f 4726 4828 4830
f 4726 4830 4728
f 4729 4831 4829
f 4729 4829 4727
f 4728 4830 4832
f 4728 4832 4730
f 4731 4833 4831
f 4731 4831 4729
f 4730 4832 4834
f 4730 4834 4732
f 4733 4835 4833
f 4733 4833 4731
f 4732 4834 4836
f 4732 4836 4734
f 4735 4837 4835
f 4735 4835 4733
f 4734 4836 4838
f 4734 4838 4736
f 4737 4839 4837
f 4737 4837 4735
f 4736 4838 4840
f 4736 4840 4738
f 4739 4841 4839
f 4739 4839 4737
f 4738 4840 4842
f 4738 4842 4740
f 4741 4843 4841
f 4741 4841 4739
f 4740 4842 4844
f 4740 4844 4742
f 4743 4845 4843
f 4743 4843 4741
f 4742 4844 4846
f 4742 4846 4744
f 4745 4847 4845
f 4745 4845 4743
f 4744 4846 4848
f 4744 4848 4746
f 4747 4849 4847
f 4747 4847 4745
f 4746 4848 4850
f 4746 4850 4748
f 4749 4851 4849
f 4749 4849 4747
f 4748 4850 4852
f 4748 4852 4750
f 4751 4853 4851
f 4751 4851 4749
f 4750 4852 4854
f 4750 4854 4752
f 4753 4855 4853
f 4753 4853 4751
f 4752 4854 4856
f 4752 4856 4754
f 4755 4857 4855
f 4755 4855 4753
f 4754 4856 4858
f 4754 4858 4756
f 4757 4859 4857
f 4757 4857 4755
f 4756 4858 4860
f 4756 4860 4758
f 4759 4861 4859
f 4759 4859 4757
f 4758 4860 4862
f 4758 4862 4760
f 4761 4863 4861
f 4761 4861 4759
f 4760 4862 4864
f 4760 4864 4762
f 4763 4865 4863
f 4763 4863 4761
f 4762 4864 4866
f 4762 4866 4764
f 4765 4867 4865
f 4765 4865 4763
f 4764 4866 4868
f 4764 4868 4766
f 4767 4869 4867
f 4767 4867 4765
f 4766 4868 4870
f 4766 4870 4768
f 4769 4871 4869
f 4769 4869 4767
f 4768 4870 4872
f 4768 4872 4770
f 4771 4873 4871
f 4771 4871 4769
f 4770 4872 4874
f 4770 4874 4772
f 4773 4875 4873
f 4773 4873 4771
f 4772 4874 4876
f 4772 4876 4774
f 4775 4877 4875
f 4775 4875 4773
f 4774 4876 4878
f 4774 4878 4776
f 4777 4879 4877
f 4777 4877 4775
f 4776 4878 4880
f 4776 4880 4778
f 4779 4881 4879
f 4779 4879 4777
f 4778 4880 4882
f 4778 4882 4780
f 4781 4883 4881
f 4781 4881 4779
f 4780 4882 4884
f 4780 4884 4782
f 4783 4885 4883
f 4783 4883 4781
f 4782 4884 4886
f 4782 4886 4784
f 4785 4887 4885
f 4785 4885 4783
f 4784 4886 4888
f 4784 4888 4786
f 4787 4889 4887
f 4787 4887 4785
f 4786 4888 4890
f 4786 4890 4788
f 4789 4891 4889
f 4789 4889 4787
f 4788 4890 4892
f 4788 4892 4790
f 4791 4893 4891
f 4791 4891 4789
f 4790 4892 4894
f 4790 4894 4792
f 4794 4793 4895
f 4794 4895 4896
f 4794 4896 4893
f 4794 4893 4791
f 4792 4894 4895
f 4792 4895 4793
f 4898 4897 4795
f 4898 4795 4796
f 4797 4899 4898
f 4797 4898 4796
f 4795 4897 4900
f 4795 4900 4798
f 4799 4901 4899
f 4799 4899 4797
f 4798 4900 4902
f 4798 4902 4800
f 4801 4903 4901
f 4801 4901 4799
f 4800 4902 4904
f 4800 4904 4802
f 4803 4905 4903
f 4803 4903 4801
f 4802 4904 4906
f 4802 4906 4804
f 4805 4907 4905
f 4805 4905 4803
f 4804 4906 4908
f 4804 4908 4806
f 4807 4909 4907
f 4807 4907 4805
f 4806 4908 4910
f 4806 4910 4808
f 4809 4911 4909
f 4809 4909 4807
f 4808 4910 4912
f 4808 4912 4810
f 4811 4913 4911
f 4811 4911 4809
f 4810 4912 4914
f 4810 4914 4812
f 4813 4915 4913
f 4813 4913 4811
f 4812 4914 4916
f 4812 4916 4814
f 4815 4917 4915
f 4815 4915 4813
f 4814 4916 4918
f 4814 4918 4816
f 4817 4919 4917
f 4817 4917 4815
f 4816 4918 4920
f 4816 4920 4818
f 4819 4921 4919
f 4819 4919 4817
f 4818 4920 4922
f 4818 4922 4820
f 4821 4923 4921
f 4821 4921 4819
f 4820 4922 4924
f 4820 4924 4822
f 4823 4925 4923
f 4823 4923 4821
f 4822 4924 4926
f 4822 4926 4824
f 4825 4927 4925
f 4825 4925 4823
f 4824 4926 4928
f 4824 4928 4826
f 4827 4929 4927
f 4827 4927 4825
f 4826 4928 4930
f 4826 4930 4828
f 4829 4931 4929
f 4829 4929 4827
f 4828 4930 4932
f 4828 4932 4830
f 4831 4933 4931
f 4831 4931 4829
f 4830 4932 4934
f 4830 4934 4832
f 4833 4935 4933
f 4833 4933 4831
f 4832 4934 4936
f 4832 4936 4834
f 4835 4937 4935
f 4835 4935 4833
f 4834 4936 4938
f 4834 4938 4836
f 4837 4939 4937
f 4837 4937 4835
f 4836 4938 4940
f 4836 4940 4838
f 4839 4941 4939
f 4839 4939 4837
f 4838 4940 4942
f 4838 4942 4840
f 4841 4943 4941
f 4841 4941 4839
f 4840 4942 4944
f 4840 4944 4842
f 4843 4945 4943
f 4843 4943 4841
f 4842 4944 4946
f 4842 4946 4844
f 4845 4947 4945
f 4845 4945 4843
f 4844 4946 4948
f 4844 4948 4846
f 4847 4949 4947
f 4847 4947 4845
f 4846 4948 4950
f 4846 4950 4848
f 4849 4951 4949
f 4849 4949 4847
f 4848 4950 4952
f 4848 4952 4850
f 4851 4953 4951
f 4851 4951 4849
f 4850 4952 4954
f 4850 4954 4852
f 4853 4955 4953
f 4853 4953 4851
f 4852 4954 4956
f 4852 4956 4854
f 4855 4957 4955
f 4855 4955 4853
f 4854 4956 4958
f 4854 4958 4856
f 4857 4959 4957
f 4857 4957 4855
f 4856 4958 4960
f 4856 4960 4858
f 4859 4961 4959
f 4859 4959 4857
f 4858 4960 4962
f 4858 4962 4860
f 4861 4963 4961
f 4861 4961 4859
f 4860 4962 4964
f 4860 4964 4862
f 4863 4965 4963
f 4863 4963 4861
f 4862 4964 4966
f 4862 4966 4864
f 4865 4967 4965
f 4865 4965 4863
f 4864 4966 4968
f 4864 4968 4866
f 4867 4969 4967
f 4867 4967 4865
f 4866 4968 4970
f 4866 4970 4868
f 4869 4971 4969
f 4869 4969 4867
f 4868 4970 4972
f 4868 4972 4870
f 4871 4973 4971
f 4871 4971 4869
f 4870 4972 4974
f 4870 4974 4872
f 4873 4975 4973
f 4873 4973 4871
f 4872 4974 4976
f 4872 4976 4874
f 4875 4977 4975
f 4875 4975 4873
f 4874 4976 4978
f 4874 4978 4876
f 4877 4979 4977
f 4877 4977 4875
f 4876 4978 4980
f 4876 4980 4878
f 4879 4981 4979
f 4879 4979 4877
f 4878 4980 4982
f 4878 4982 4880
f 4881 4983 4981
f 4881 4981 4879
f 4880 4982 4984
f 4880 4984 4882
f 4883 4985 4983
f 4883 4983 4881
f 4882 4984 4986
f 4882 4986 4884
f 4885 4987 4985
f 4885 4985 4883
f 4884 4986 4988
f 4884 4988 4886
f 4887 4989 4987
f 4887 4987 4885
f 4886 4988 4990
f 4886 4990 4888
f 4889 4991 4989
f 4889 4989 4887
f 4888 4990 4992
f 4888 4992 4890
f 4891 4993 4991
f 4891 4991 4889
f 4890 4992 4994
f 4890 4994 4892
f 4893 4995 4993
f 4893 4993 4891
f 4892 4994 4996
f 4892 4996 4894
f 4896 4895 4997
f 4896 4997 4998
f 4896 4998 4995
f 4896 4995 4893
f 4894 4996 4997
f 4894 4997 4895
f 5000 4999 4897
f 5000 4897 4898
f 4899 5001 5000
f 4899 5000 4898
f 4897 4999 5002
f 4897 5002 4900
f 4901 5003 5001
f 4901 5001 4899
f 4900 5002 5004
f 4900 5004 4902
f 4903 5005 5003
f 4903 5003 4901
f 4902 5004 5006
f 4902 5006 4904
f 4905 5007 5005
f 4905 5005 4903
f 4904 5006 5008
f 4904 5008 4906
f 4907 5009 5007
f 4907 5007 4905
f 4906 5008 5010
f 4906 5010 4908
f 4909 5011 5009
f 4909 5009 4907
f 4908 5010 5012
f 4908 5012 4910
f 4911 5013 5011
f 4911 5011 4909
f 4910 5012 5014
f 4910 5014 4912
f 4913 5015 5013
f 4913 5013 4911
f 4912 5014 5016
f 4912 5016 4914
f 4915 5017 5015
f 4915 5015 4913
f 4914 5016 5018
f 4914 5018 4916
f 4917 5019 5017
f 4917 5017 4915
f 4916 5018 5020
f 4916 5020 4918
f 4919 5021 5019
f 4919 5019 4917
f 4918 5020 5022
f 4918 5022 4920
f 4921 5023 5021
f 4921 5021 4919
f 4920 5022 5024
f 4920 5024 4922
f 4923 5025 5023
f 4923 5023 4921
f 4922 5024 5026
f 4922 5026 4924
f 4925 5027 5025
f 4925 5025 4923
f 4924 5026 5028
f 4924 5028 4926
f 4927 5029 5027
f 4927 5027 4925
f 4926 5028 5030
f 4926 5030 4928
f 4929 5031 5029
f 4929 5029 4927
f 4928 5030 5032
f 4928 5032 4930
f 4931 5033 5031
f 4931 5031 4929
f 4930 5032 5034
f 4930 5034 4932
f 4933 5035 5033
f 4933 5033 4931
f 4932 5034 5036
f 4932 5036 4934
f 4935 5037 5035
f 4935 5035 4933
f 4934 5036 5038
f 4934 5038 4936
f 4937 5039 5037
f 4937 5037 4935
f 4936 5038 5040
f 4936 5040 4938
f 4939 5041 5039
f 4939 5039 4937
f 4938 5040 5042
f 4938 5042 4940
f 4941 5043 5041
f 4941 5041 4939
f 4940 5042 5044
f 4940 5044 4942
f 4943 5045 5043
f 4943 5043 4941
f 4942 5044 5046
f 4942 5046 4944
f 4945 5047 5045
f 4945 5045 4943
f 4944 5046 5048
f 4944 5048 4946
f 4947 5049 5047
f 4947 5047 4945
f 4946 5048 5050
f 4946 5050 4948
f 4949 5051 5049
f 4949 5049 4947
f 4948 5050 5052
f 4948 5052 4950
f 4951 5053 5051
f 4951 5051 4949
f 4950 5052 5054
f 4950 5054 4952
f 4953 5055 5053
f 4953 5053 4951
f 4952 5054 5056
f 4952 5056 4954
f 4955 5057 5055
f 4955 5055 4953
f 4954 5056 5058
f 4954 5058 4956
f 4957 5059 5057
f 4957 5057 4955
f 4956 5058 5060
f 4956 5060 4958
f 4959 5061 5059
f 4959 5059 4957
f 4958 5060 5062
f 4958 5062 4960
f 4961 5063 5061
f 4961 5061 4959
f 4960 5062 5064
f 4960 5064 4962
f 4963 5065 5063
f 4963 5063 4961
f 4962 5064 5066
f 4962 5066 4964
f 4965 5067 5065
f 4965 5065 4963
f 4964 5066 5068
f 4964 5068 4966
f 4967 5069 5067
f 4967 5067 4965
f 4966 5068 5070
f 4966 5070 4968
f 4969 5071 5069
f 4969 5069 4967
f 4968 5070 5072
f 4968 5072 4970
f 4971 5073 5071
f 4971 5071 4969
f 4970 5072 5074
f 4970 5074 4972
f 4973 5075 5073
f 4973 5073 4971
f 4972 5074 5076
f 4972 5076 4974
f 4975 5077 5075
f 4975 5075 4973
f 4974 5076 5078
f 4974 5078 4976
f 4977 5079 5077
f 4977 5077 4975
f 4976 5078 5080
f 4976 5080 4978
f 4979 5081 5079
f 4979 5079 4977
f 4978 5080 5082
f 4978 5082 4980
f 4981 5083 5081
f 4981 5081 4979
f 4980 5082 5084
f 4980 5084 4982
f 4983 5085 5083
f 4983 5083 4981
f 4982 5084 5086
f 4982 5086 4984
f 4985 5087 5085
f 4985 5085 4983
f 4984 5086 5088
f 4984 5088 4986
f 4987 5089 5087
f 4987 5087 4985
f 4986 5088 5090
f 4986 5090 4988
f 4989 5091 5089
f 4989 5089 4987
f 4988 5090 5092
f 4988 5092 4990
f 4991 5093 5091
f 4991 5091 4989
f 4990 5092 5094
f 4990 5094 4992
f 4993 5095 5093
f 4993 5093 4991
f 4992 5094 5096
f 4992 5096 4994
f 4995 5097 5095
f 4995 5095 4993
f 4994 5096 5098
f 4994 5098 4996
f 4998 4997 5099
f 4998 5099 5100
f 4998 5100 5097
f 4998 5097 4995
f 4996 5098 5099
f 4996 5099 4997
f 5101 5102 5103
f 5101 5103 5104
f 5101 5104 4999
f 5101 4999 5000
f 5001 5102 5101
f 5001 5101 5000
f 4999 5104 5103
f 4999 5103 5002
f 5102 5105 5106
f 5102 5106 5103
f 5003 5105 5102
f 5003 5102 5001
f 5002 5103 5106
f 5002 5106 5004
f 5105 5107 5108
f 5105 5108 5106
f 5005 5107 5105
f 5005 5105 5003
f 5004 5106 5108
f 5004 5108 5006
f 5107 5109 5110
f 5107 5110 5108
f 5007 5109 5107
f 5007 5107 5005
f 5006 5108 5110
f 5006 5110 5008
f 5109 5111 5112
f 5109 5112 5110
f 5009 5111 5109
f 5009 5109 5007
f 5008 5110 5112
f 5008 5112 5010
f 5111 5113 5114
f 5111 5114 5112
f 5011 5113 5111
f 5011 5111 5009
f 5010 5112 5114
f 5010 5114 5012
f 5113 5115 5116
f 5113 5116 5114
f 5013 5115 5113
f 5013 5113 5011
f 5012 5114 5116
f 5012 5116 5014
f 5115 5117 5118
f 5115 5118 5116
f 5015 5117 5115
f 5015 5115 5013
f 5014 5116 5118
f 5014 5118 5016
f 5117 5119 5120
f 5117 5120 5118
f 5017 5119 5117
f 5017 5117 5015
f 5016 5118 5120
f 5016 5120 5018
f 5119 5121 5122
f 5119 5122 5120
f 5019 5121 5119
f 5019 5119 5017
f 5018 5120 5122
f 5018 5122 5020
f 5121 5123 5124
f 5121 5124 5122
f 5021 5123 5121
f 5021 5121 5019
f 5020 5122 5124
f 5020 5124 5022
f 5123 5125 5126
f 5123 5126 5124
f 5023 5125 5123
f 5023 5123 5021
f 5022 5124 5126
f 5022 5126 5024
f 5125 5127 5128
f 5125 5128 5126
f 5025 5127 5125
f 5025 5125 5023
f 5024 5126 5128
f 5024 5128 5026
f 5127 5129 5130
f 5127 5130 5128
f 5027 5129 5127
f 5027 5127 5025
f 5026 5128 5130
f 5026 5130 5028
f 5129 5131 5132
f 5129 5132 5130
f 5029 5131 5129
f 5029 5129 5027
f 5028 5130 5132
f 5028 5132 5030
f 5131 5133 5134
f 5131 5134 5132
f 5031 5133 5131
f 5031 5131 5029
f 5030 5132 5134
f 5030 5134 5032
f 5133 5135 5136
f 5133 5136 5134
f 5033 5135 5133
f 5033 5133 5031
f 5032 5134 5136
f 5032 5136 5034
f 5135 5137 5138
f 5135 5138 5136
f 5035 5137 5135
f 5035 5135 5033
f 5034 5136 5138
f 5034 5138 5036
f 5137 5139 5140
f 5137 5140 5138
f 5037 5139 5137
f 5037 5137 5035
f 5036 5138 5140
f 5036 5140 5038
f 5139 5141 5142
f 5139 5142 5140
f 5039 5141 5139
f 5039 5139 5037
f 5038 5140 5142
f 5038 5142 5040
f 5141 5143 5144
f 5141 5144 5142
f 5041 5143 5141
f 5041 5141 5039
f 5040 5142 5144
f 5040 5144 5042
f 5143 5145 5146
f 5143 5146 5144
f 5043 5145 5143
f 5043 5143 5041
f 5042 5144 5146
f 5042 5146 5044
f 5145 5147 5148
f 5145 5148 5146
f 5045 5147 5145
f 5045 5145 5043
f 5044 5146 5148
f 5044 5148 5046
f 5147 5149 5150
f 5147 5150 5148
f 5047 5149 5147
f 5047 5147 5045
f 5046 5148 5150
f 5046 5150 5048
f 5149 5151 5152
f 5149 5152 5150
f 5049 5151 5149
f 5049 5149 5047
f 5048 5150 5152
f 5048 5152 5050
f 5151 5153 5154
f 5151 5154 5152
f 5051 5153 5151
f 5051 5151 5049
f 5050 5152 5154
f 5050 5154 5052
f 5153 5155 5156
f 5153 5156 5154
f 5053 5155 5153
f 5053 5153 5051
f 5052 5154 5156
f 5052 5156 5054
f 5155 5157 5158
f 5155 5158 5156
f 5055 5157 5155
f 5055 5155 5053
f 5054 5156 5158
f 5054 5158 5056
f 5157 5159 5160
f 5157 5160 5158
f 5057 5159 5157
f 5057 5157 5055
f 5056 5158 5160
f 5056 5160 5058
f 5159 5161 5162
f 5159 5162 5160
f 5059 5161 5159
f 5059 5159 5057
f 5058 5160 5162
f 5058 5162 5060
f 5161 5163 5164
f 5161 5164 5162
f 5061 5163 5161
f 5061 5161 5059
f 5060 5162 5164
f 5060 5164 5062
f 5163 5165 5166
f 5163 5166 5164
f 5063 5165 5163
f 5063 5163 5061
f 5062 5164 5166
f 5062 5166 5064
f 5165 5167 5168
f 5165 5168 5166
f 5065 5167 5165
f 5065 5165 5063
f 5064 5166 5168
f 5064 5168 5066
f 5167 5169 5170
f 5167 5170 5168
f 5067 5169 5167
f 5067 5167 5065
f 5066 5168 5170
f 5066 5170 5068
f 5169 5171 5172
f 5169 5172 5170
f 5069 5171 5169
f 5069 5169 5067
f 5068 5170 5172
f 5068 5172 5070
f 5171 5173 5174
f 5171 5174 5172
f 5071 5173 5171
f 5071 5171 5069
f 5070 5172 5174
f 5070 5174 5072
f 5173 5175 5176
f 5173 5176 5174
f 5073 5175 5173
f 5073 5173 5071
f 5072 5174 5176
f 5072 5176 5074
f 5175 5177 5178
f 5175 5178 5176
f 5075 5177 5175
f 5075 5175 5073
f 5074 5176 5178
f 5074 5178 5076
f 5177 5179 5180
f 5177 5180 5178
f 5077 5179 5177
f 5077 5177 5075
f 5076 5178 5180
f 5076 5180 5078
f 5179 5181 5182
f 5179 5182 5180
f 5079 5181 5179
f 5079 5179 5077
f 5078 5180 5182
f 5078 5182 5080
f 5181 5183 5184
f 5181 5184 5182
f 5081 5183 5181
f 5081 5181 5079
f 5080 5182 5184
f 5080 5184 5082
f 5183 5185 5186
f 5183 5186 5184
f 5083 5185 5183
f 5083 5183 5081
f 5082 5184 5186
f 5082 5186 5084
f 5185 5187 5188
f 5185 5188 5186
f 5085 5187 5185
f 5085 5185 5083
f 5084 5186 5188
f 5084 5188 5086
f 5187 5189 5190
f 5187 5190 5188
f 5087 5189 5187
f 5087 5187 5085
f 5086 5188 5190
f 5086 5190 5088
f 5189 5191 5192
f 5189 5192 5190
f 5089 5191 5189
f 5089 5189 5087
f 5088 5190 5192
f 5088 5192 5090
f 5191 5193 5194
f 5191 5194 5192
f 5091 5193 5191
f 5091 5191 5089
f 5090 5192 5194
f 5090 5194 5092
f 5193 5195 5196
f 5193 5196 5194
f 5093 5195 5193
f 5093 5193 5091
f 5092 5194 5196
f 5092 5196 5094
f 5195 5197 5198
f 5195 5198 5196
f 5095 5197 5195
f 5095 5195 5093
f 5094 5196 5198
f 5094 5198 5096
f 5197 5199 5200
f 5197 5200 5198
f 5097 5199 5197
f 5097 5197 5095
f 5096 5198 5200
f 5096 5200 5098
f 5199 5201 5202
f 5199 5202 5200
f 5100 5099 5202
f 5100 5202 5201
f 5100 5201 5199
f 5100 5199 5097
f 5098 5200 5202
f 5098 5202 5099
